[2026-06-14 03:57:32] local.ERROR: Attempt to read property "rol" on null {"exception":"[object] (ErrorException(code: 0): Attempt to read property \"rol\" on null at C:/Users/hp/practica1-api2/app/Http/Controllers/ProductoController.php:36)
[stacktrace]
#0 C:/Users/hp/practica1-api2/vendor/laravel/framework/src/Illuminate/Foundation/Bootstrap/HandleExceptions.php(262): Illuminate/Foundation/Bootstrap/HandleExceptions->handleError(2, 'Attempt to read...', 'C://Users//hp//pra...', 36)
#1 C:/Users/hp/practica1-api2/app/Http/Controllers/ProductoController.php(36): Illuminate/Foundation/Bootstrap/HandleExceptions->Illuminate/Foundation/Bootstrap/{closure}(2, 'Attempt to read...', 'C://Users//hp//pra...', 36)
#2 C:/Users/hp/practica1-api2/vendor/laravel/framework/src/Illuminate/Routing/ControllerDispatcher.php(46): App/Http/Controllers/ProductoController->store(Object(App/Http/Requests/StoreProductoRequest))
#3 C:/Users/hp/practica1-api2/vendor/laravel/framework/src/Illuminate/Routing/Route.php(265): Illuminate/Routing/ControllerDispatcher->dispatch(Object(Illuminate/Routing/Route), Object(App/Http/Controllers/ProductoController), 'store')
#4 C:/Users/hp/practica1-api2/vendor/laravel/framework/src/Illuminate/Routing/Route.php(211): Illuminate/Routing/Route->runController()
#5 C:/Users/hp/practica1-api2/vendor/laravel/framework/src/Illuminate/Routing/Router.php(822): Illuminate/Routing/Route->run()
#6 C:/Users/hp/practica1-api2/vendor/laravel/framework/src/Illuminate/Pipeline/Pipeline.php(180): Illuminate/Routing/Router->Illuminate/Routing/{closure}(Object(Illuminate/Http/Request))
#7 C:/Users/hp/practica1-api2/vendor/laravel/framework/src/Illuminate/Routing/Middleware/SubstituteBindings.php(50): Illuminate/Pipeline/Pipeline->Illuminate/Pipeline/{closure}(Object(Illuminate/Http/Request))
#8 C:/Users/hp/practica1-api2/vendor/laravel/framework/src/Illuminate/Pipeline/Pipeline.php(219): Illuminate/Routing/Middleware/SubstituteBindings->handle(Object(Illuminate/Http/Request), Object(Closure))
#9 C:/Users/hp/practica1-api2/vendor/laravel/framework/src/Illuminate/Pipeline/Pipeline.php(137): Illuminate/Pipeline/Pipeline->Illuminate/Pipeline/{closure}(Object(Illuminate/Http/Request))
#10 C:/Users/hp/practica1-api2/vendor/laravel/framework/src/Illuminate/Routing/Router.php(821): Illuminate/Pipeline/Pipeline->then(Object(Closure))
#11 C:/Users/hp/practica1-api2/vendor/laravel/framework/src/Illuminate/Routing/Router.php(800): Illuminate/Routing/Router->runRouteWithinStack(Object(Illuminate/Routing/Route), Object(Illuminate/Http/Request))
#12 C:/Users/hp/practica1-api2/vendor/laravel/framework/src/Illuminate/Routing/Router.php(764): Illuminate/Routing/Router->runRoute(Object(Illuminate/Http/Request), Object(Illuminate/Routing/Route))
#13 C:/Users/hp/practica1-api2/vendor/laravel/framework/src/Illuminate/Routing/Router.php(753): Illuminate/Routing/Router->dispatchToRoute(Object(Illuminate/Http/Request))
#14 C:/Users/hp/practica1-api2/vendor/laravel/framework/src/Illuminate/Foundation/Http/Kernel.php(200): Illuminate/Routing/Router->dispatch(Object(Illuminate/Http/Request))
#15 C:/Users/hp/practica1-api2/vendor/laravel/framework/src/Illuminate/Pipeline/Pipeline.php(180): Illuminate/Foundation/Http/Kernel->Illuminate/Foundation/Http/{closure}(Object(Illuminate/Http/Request))
#16 C:/Users/hp/practica1-api2/vendor/laravel/framework/src/Illuminate/Foundation/Http/Middleware/TransformsRequest.php(21): Illuminate/Pipeline/Pipeline->Illuminate/Pipeline/{closure}(Object(Illuminate/Http/Request))
#17 C:/Users/hp/practica1-api2/vendor/laravel/framework/src/Illuminate/Foundation/Http/Middleware/ConvertEmptyStringsToNull.php(31): Illuminate/Foundation/Http/Middleware/TransformsRequest->handle(Object(Illuminate/Http/Request), Object(Closure))
#18 C:/Users/hp/practica1-api2/vendor/laravel/framework/src/Illuminate/Pipeline/Pipeline.php(219): Illuminate/Foundation/Http/Middleware/ConvertEmptyStringsToNull->handle(Object(Illuminate/Http/Request), Object(Closure))
#19 C:/Users/hp/practica1-api2/vendor/laravel/framework/src/Illuminate/Foundation/Http/Middleware/TransformsRequest.php(21): Illuminate/Pipeline/Pipeline->Illuminate/Pipeline/{closure}(Object(Illuminate/Http/Request))
#20 C:/Users/hp/practica1-api2/vendor/laravel/framework/src/Illuminate/Foundation/Http/Middleware/TrimStrings.php(51): Illuminate/Foundation/Http/Middleware/TransformsRequest->handle(Object(Illuminate/Http/Request), Object(Closure))
#21 C:/Users/hp/practica1-api2/vendor/laravel/framework/src/Illuminate/Pipeline/Pipeline.php(219): Illuminate/Foundation/Http/Middleware/TrimStrings->handle(Object(Illuminate/Http/Request), Object(Closure))
#22 C:/Users/hp/practica1-api2/vendor/laravel/framework/src/Illuminate/Http/Middleware/ValidatePostSize.php(27): Illuminate/Pipeline/Pipeline->Illuminate/Pipeline/{closure}(Object(Illuminate/Http/Request))
#23 C:/Users/hp/practica1-api2/vendor/laravel/framework/src/Illuminate/Pipeline/Pipeline.php(219): Illuminate/Http/Middleware/ValidatePostSize->handle(Object(Illuminate/Http/Request), Object(Closure))
#24 C:/Users/hp/practica1-api2/vendor/laravel/framework/src/Illuminate/Foundation/Http/Middleware/PreventRequestsDuringMaintenance.php(109): Illuminate/Pipeline/Pipeline->Illuminate/Pipeline/{closure}(Object(Illuminate/Http/Request))
#25 C:/Users/hp/practica1-api2/vendor/laravel/framework/src/Illuminate/Pipeline/Pipeline.php(219): Illuminate/Foundation/Http/Middleware/PreventRequestsDuringMaintenance->handle(Object(Illuminate/Http/Request), Object(Closure))
#26 C:/Users/hp/practica1-api2/vendor/laravel/framework/src/Illuminate/Http/Middleware/HandleCors.php(74): Illuminate/Pipeline/Pipeline->Illuminate/Pipeline/{closure}(Object(Illuminate/Http/Request))
#27 C:/Users/hp/practica1-api2/vendor/laravel/framework/src/Illuminate/Pipeline/Pipeline.php(219): Illuminate/Http/Middleware/HandleCors->handle(Object(Illuminate/Http/Request), Object(Closure))
#28 C:/Users/hp/practica1-api2/vendor/laravel/framework/src/Illuminate/Http/Middleware/TrustProxies.php(58): Illuminate/Pipeline/Pipeline->Illuminate/Pipeline/{closure}(Object(Illuminate/Http/Request))
#29 C:/Users/hp/practica1-api2/vendor/laravel/framework/src/Illuminate/Pipeline/Pipeline.php(219): Illuminate/Http/Middleware/TrustProxies->handle(Object(Illuminate/Http/Request), Object(Closure))
#30 C:/Users/hp/practica1-api2/vendor/laravel/framework/src/Illuminate/Foundation/Http/Middleware/InvokeDeferredCallbacks.php(22): Illuminate/Pipeline/Pipeline->Illuminate/Pipeline/{closure}(Object(Illuminate/Http/Request))
#31 C:/Users/hp/practica1-api2/vendor/laravel/framework/src/Illuminate/Pipeline/Pipeline.php(219): Illuminate/Foundation/Http/Middleware/InvokeDeferredCallbacks->handle(Object(Illuminate/Http/Request), Object(Closure))
#32 C:/Users/hp/practica1-api2/vendor/laravel/framework/src/Illuminate/Http/Middleware/ValidatePathEncoding.php(26): Illuminate/Pipeline/Pipeline->Illuminate/Pipeline/{closure}(Object(Illuminate/Http/Request))
#33 C:/Users/hp/practica1-api2/vendor/laravel/framework/src/Illuminate/Pipeline/Pipeline.php(219): Illuminate/Http/Middleware/ValidatePathEncoding->handle(Object(Illuminate/Http/Request), Object(Closure))
#34 C:/Users/hp/practica1-api2/vendor/laravel/framework/src/Illuminate/Pipeline/Pipeline.php(137): Illuminate/Pipeline/Pipeline->Illuminate/Pipeline/{closure}(Object(Illuminate/Http/Request))
#35 C:/Users/hp/practica1-api2/vendor/laravel/framework/src/Illuminate/Foundation/Http/Kernel.php(175): Illuminate/Pipeline/Pipeline->then(Object(Closure))
#36 C:/Users/hp/practica1-api2/vendor/laravel/framework/src/Illuminate/Foundation/Http/Kernel.php(144): Illuminate/Foundation/Http/Kernel->sendRequestThroughRouter(Object(Illuminate/Http/Request))
#37 C:/Users/hp/practica1-api2/vendor/laravel/framework/src/Illuminate/Foundation/Application.php(1220): Illuminate/Foundation/Http/Kernel->handle(Object(Illuminate/Http/Request))
#38 C:/Users/hp/practica1-api2/public/index.php(20): Illuminate/Foundation/Application->handleRequest(Object(Illuminate/Http/Request))
#39 C:/Users/hp/practica1-api2/vendor/laravel/framework/src/Illuminate/Foundation/resources/server.php(23): require_once('C://Users//hp//pra...')
#40 {main}
"} 
[2026-06-14 04:10:27] local.ERROR: Attempt to read property "rol" on null {"exception":"[object] (ErrorException(code: 0): Attempt to read property \"rol\" on null at C:/Users/hp/practica1-api2/app/Http/Controllers/ProductoController.php:36)
[stacktrace]
#0 C:/Users/hp/practica1-api2/vendor/laravel/framework/src/Illuminate/Foundation/Bootstrap/HandleExceptions.php(262): Illuminate/Foundation/Bootstrap/HandleExceptions->handleError(2, 'Attempt to read...', 'C://Users//hp//pra...', 36)
#1 C:/Users/hp/practica1-api2/app/Http/Controllers/ProductoController.php(36): Illuminate/Foundation/Bootstrap/HandleExceptions->Illuminate/Foundation/Bootstrap/{closure}(2, 'Attempt to read...', 'C://Users//hp//pra...', 36)
#2 C:/Users/hp/practica1-api2/vendor/laravel/framework/src/Illuminate/Routing/ControllerDispatcher.php(46): App/Http/Controllers/ProductoController->store(Object(App/Http/Requests/StoreProductoRequest))
#3 C:/Users/hp/practica1-api2/vendor/laravel/framework/src/Illuminate/Routing/Route.php(265): Illuminate/Routing/ControllerDispatcher->dispatch(Object(Illuminate/Routing/Route), Object(App/Http/Controllers/ProductoController), 'store')
#4 C:/Users/hp/practica1-api2/vendor/laravel/framework/src/Illuminate/Routing/Route.php(211): Illuminate/Routing/Route->runController()
#5 C:/Users/hp/practica1-api2/vendor/laravel/framework/src/Illuminate/Routing/Router.php(822): Illuminate/Routing/Route->run()
#6 C:/Users/hp/practica1-api2/vendor/laravel/framework/src/Illuminate/Pipeline/Pipeline.php(180): Illuminate/Routing/Router->Illuminate/Routing/{closure}(Object(Illuminate/Http/Request))
#7 C:/Users/hp/practica1-api2/vendor/laravel/framework/src/Illuminate/Routing/Middleware/SubstituteBindings.php(50): Illuminate/Pipeline/Pipeline->Illuminate/Pipeline/{closure}(Object(Illuminate/Http/Request))
#8 C:/Users/hp/practica1-api2/vendor/laravel/framework/src/Illuminate/Pipeline/Pipeline.php(219): Illuminate/Routing/Middleware/SubstituteBindings->handle(Object(Illuminate/Http/Request), Object(Closure))
#9 C:/Users/hp/practica1-api2/vendor/laravel/framework/src/Illuminate/Pipeline/Pipeline.php(137): Illuminate/Pipeline/Pipeline->Illuminate/Pipeline/{closure}(Object(Illuminate/Http/Request))
#10 C:/Users/hp/practica1-api2/vendor/laravel/framework/src/Illuminate/Routing/Router.php(821): Illuminate/Pipeline/Pipeline->then(Object(Closure))
#11 C:/Users/hp/practica1-api2/vendor/laravel/framework/src/Illuminate/Routing/Router.php(800): Illuminate/Routing/Router->runRouteWithinStack(Object(Illuminate/Routing/Route), Object(Illuminate/Http/Request))
#12 C:/Users/hp/practica1-api2/vendor/laravel/framework/src/Illuminate/Routing/Router.php(764): Illuminate/Routing/Router->runRoute(Object(Illuminate/Http/Request), Object(Illuminate/Routing/Route))
#13 C:/Users/hp/practica1-api2/vendor/laravel/framework/src/Illuminate/Routing/Router.php(753): Illuminate/Routing/Router->dispatchToRoute(Object(Illuminate/Http/Request))
#14 C:/Users/hp/practica1-api2/vendor/laravel/framework/src/Illuminate/Foundation/Http/Kernel.php(200): Illuminate/Routing/Router->dispatch(Object(Illuminate/Http/Request))
#15 C:/Users/hp/practica1-api2/vendor/laravel/framework/src/Illuminate/Pipeline/Pipeline.php(180): Illuminate/Foundation/Http/Kernel->Illuminate/Foundation/Http/{closure}(Object(Illuminate/Http/Request))
#16 C:/Users/hp/practica1-api2/vendor/laravel/framework/src/Illuminate/Foundation/Http/Middleware/TransformsRequest.php(21): Illuminate/Pipeline/Pipeline->Illuminate/Pipeline/{closure}(Object(Illuminate/Http/Request))
#17 C:/Users/hp/practica1-api2/vendor/laravel/framework/src/Illuminate/Foundation/Http/Middleware/ConvertEmptyStringsToNull.php(31): Illuminate/Foundation/Http/Middleware/TransformsRequest->handle(Object(Illuminate/Http/Request), Object(Closure))
#18 C:/Users/hp/practica1-api2/vendor/laravel/framework/src/Illuminate/Pipeline/Pipeline.php(219): Illuminate/Foundation/Http/Middleware/ConvertEmptyStringsToNull->handle(Object(Illuminate/Http/Request), Object(Closure))
#19 C:/Users/hp/practica1-api2/vendor/laravel/framework/src/Illuminate/Foundation/Http/Middleware/TransformsRequest.php(21): Illuminate/Pipeline/Pipeline->Illuminate/Pipeline/{closure}(Object(Illuminate/Http/Request))
#20 C:/Users/hp/practica1-api2/vendor/laravel/framework/src/Illuminate/Foundation/Http/Middleware/TrimStrings.php(51): Illuminate/Foundation/Http/Middleware/TransformsRequest->handle(Object(Illuminate/Http/Request), Object(Closure))
#21 C:/Users/hp/practica1-api2/vendor/laravel/framework/src/Illuminate/Pipeline/Pipeline.php(219): Illuminate/Foundation/Http/Middleware/TrimStrings->handle(Object(Illuminate/Http/Request), Object(Closure))
#22 C:/Users/hp/practica1-api2/vendor/laravel/framework/src/Illuminate/Http/Middleware/ValidatePostSize.php(27): Illuminate/Pipeline/Pipeline->Illuminate/Pipeline/{closure}(Object(Illuminate/Http/Request))
#23 C:/Users/hp/practica1-api2/vendor/laravel/framework/src/Illuminate/Pipeline/Pipeline.php(219): Illuminate/Http/Middleware/ValidatePostSize->handle(Object(Illuminate/Http/Request), Object(Closure))
#24 C:/Users/hp/practica1-api2/vendor/laravel/framework/src/Illuminate/Foundation/Http/Middleware/PreventRequestsDuringMaintenance.php(109): Illuminate/Pipeline/Pipeline->Illuminate/Pipeline/{closure}(Object(Illuminate/Http/Request))
#25 C:/Users/hp/practica1-api2/vendor/laravel/framework/src/Illuminate/Pipeline/Pipeline.php(219): Illuminate/Foundation/Http/Middleware/PreventRequestsDuringMaintenance->handle(Object(Illuminate/Http/Request), Object(Closure))
#26 C:/Users/hp/practica1-api2/vendor/laravel/framework/src/Illuminate/Http/Middleware/HandleCors.php(74): Illuminate/Pipeline/Pipeline->Illuminate/Pipeline/{closure}(Object(Illuminate/Http/Request))
#27 C:/Users/hp/practica1-api2/vendor/laravel/framework/src/Illuminate/Pipeline/Pipeline.php(219): Illuminate/Http/Middleware/HandleCors->handle(Object(Illuminate/Http/Request), Object(Closure))
#28 C:/Users/hp/practica1-api2/vendor/laravel/framework/src/Illuminate/Http/Middleware/TrustProxies.php(58): Illuminate/Pipeline/Pipeline->Illuminate/Pipeline/{closure}(Object(Illuminate/Http/Request))
#29 C:/Users/hp/practica1-api2/vendor/laravel/framework/src/Illuminate/Pipeline/Pipeline.php(219): Illuminate/Http/Middleware/TrustProxies->handle(Object(Illuminate/Http/Request), Object(Closure))
#30 C:/Users/hp/practica1-api2/vendor/laravel/framework/src/Illuminate/Foundation/Http/Middleware/InvokeDeferredCallbacks.php(22): Illuminate/Pipeline/Pipeline->Illuminate/Pipeline/{closure}(Object(Illuminate/Http/Request))
#31 C:/Users/hp/practica1-api2/vendor/laravel/framework/src/Illuminate/Pipeline/Pipeline.php(219): Illuminate/Foundation/Http/Middleware/InvokeDeferredCallbacks->handle(Object(Illuminate/Http/Request), Object(Closure))
#32 C:/Users/hp/practica1-api2/vendor/laravel/framework/src/Illuminate/Http/Middleware/ValidatePathEncoding.php(26): Illuminate/Pipeline/Pipeline->Illuminate/Pipeline/{closure}(Object(Illuminate/Http/Request))
#33 C:/Users/hp/practica1-api2/vendor/laravel/framework/src/Illuminate/Pipeline/Pipeline.php(219): Illuminate/Http/Middleware/ValidatePathEncoding->handle(Object(Illuminate/Http/Request), Object(Closure))
#34 C:/Users/hp/practica1-api2/vendor/laravel/framework/src/Illuminate/Pipeline/Pipeline.php(137): Illuminate/Pipeline/Pipeline->Illuminate/Pipeline/{closure}(Object(Illuminate/Http/Request))
#35 C:/Users/hp/practica1-api2/vendor/laravel/framework/src/Illuminate/Foundation/Http/Kernel.php(175): Illuminate/Pipeline/Pipeline->then(Object(Closure))
#36 C:/Users/hp/practica1-api2/vendor/laravel/framework/src/Illuminate/Foundation/Http/Kernel.php(144): Illuminate/Foundation/Http/Kernel->sendRequestThroughRouter(Object(Illuminate/Http/Request))
#37 C:/Users/hp/practica1-api2/vendor/laravel/framework/src/Illuminate/Foundation/Application.php(1220): Illuminate/Foundation/Http/Kernel->handle(Object(Illuminate/Http/Request))
#38 C:/Users/hp/practica1-api2/public/index.php(20): Illuminate/Foundation/Application->handleRequest(Object(Illuminate/Http/Request))
#39 C:/Users/hp/practica1-api2/vendor/laravel/framework/src/Illuminate/Foundation/resources/server.php(23): require_once('C://Users//hp//pra...')
#40 {main}
"} 
[2026-06-14 04:12:23] local.ERROR: Attempt to read property "rol" on null {"exception":"[object] (ErrorException(code: 0): Attempt to read property \"rol\" on null at C:/Users/hp/practica1-api2/app/Http/Controllers/ProductoController.php:36)
[stacktrace]
#0 C:/Users/hp/practica1-api2/vendor/laravel/framework/src/Illuminate/Foundation/Bootstrap/HandleExceptions.php(262): Illuminate/Foundation/Bootstrap/HandleExceptions->handleError(2, 'Attempt to read...', 'C://Users//hp//pra...', 36)
#1 C:/Users/hp/practica1-api2/app/Http/Controllers/ProductoController.php(36): Illuminate/Foundation/Bootstrap/HandleExceptions->Illuminate/Foundation/Bootstrap/{closure}(2, 'Attempt to read...', 'C://Users//hp//pra...', 36)
#2 C:/Users/hp/practica1-api2/vendor/laravel/framework/src/Illuminate/Routing/ControllerDispatcher.php(46): App/Http/Controllers/ProductoController->store(Object(App/Http/Requests/StoreProductoRequest))
#3 C:/Users/hp/practica1-api2/vendor/laravel/framework/src/Illuminate/Routing/Route.php(265): Illuminate/Routing/ControllerDispatcher->dispatch(Object(Illuminate/Routing/Route), Object(App/Http/Controllers/ProductoController), 'store')
#4 C:/Users/hp/practica1-api2/vendor/laravel/framework/src/Illuminate/Routing/Route.php(211): Illuminate/Routing/Route->runController()
#5 C:/Users/hp/practica1-api2/vendor/laravel/framework/src/Illuminate/Routing/Router.php(822): Illuminate/Routing/Route->run()
#6 C:/Users/hp/practica1-api2/vendor/laravel/framework/src/Illuminate/Pipeline/Pipeline.php(180): Illuminate/Routing/Router->Illuminate/Routing/{closure}(Object(Illuminate/Http/Request))
#7 C:/Users/hp/practica1-api2/vendor/laravel/framework/src/Illuminate/Routing/Middleware/SubstituteBindings.php(50): Illuminate/Pipeline/Pipeline->Illuminate/Pipeline/{closure}(Object(Illuminate/Http/Request))
#8 C:/Users/hp/practica1-api2/vendor/laravel/framework/src/Illuminate/Pipeline/Pipeline.php(219): Illuminate/Routing/Middleware/SubstituteBindings->handle(Object(Illuminate/Http/Request), Object(Closure))
#9 C:/Users/hp/practica1-api2/vendor/laravel/framework/src/Illuminate/Pipeline/Pipeline.php(137): Illuminate/Pipeline/Pipeline->Illuminate/Pipeline/{closure}(Object(Illuminate/Http/Request))
#10 C:/Users/hp/practica1-api2/vendor/laravel/framework/src/Illuminate/Routing/Router.php(821): Illuminate/Pipeline/Pipeline->then(Object(Closure))
#11 C:/Users/hp/practica1-api2/vendor/laravel/framework/src/Illuminate/Routing/Router.php(800): Illuminate/Routing/Router->runRouteWithinStack(Object(Illuminate/Routing/Route), Object(Illuminate/Http/Request))
#12 C:/Users/hp/practica1-api2/vendor/laravel/framework/src/Illuminate/Routing/Router.php(764): Illuminate/Routing/Router->runRoute(Object(Illuminate/Http/Request), Object(Illuminate/Routing/Route))
#13 C:/Users/hp/practica1-api2/vendor/laravel/framework/src/Illuminate/Routing/Router.php(753): Illuminate/Routing/Router->dispatchToRoute(Object(Illuminate/Http/Request))
#14 C:/Users/hp/practica1-api2/vendor/laravel/framework/src/Illuminate/Foundation/Http/Kernel.php(200): Illuminate/Routing/Router->dispatch(Object(Illuminate/Http/Request))
#15 C:/Users/hp/practica1-api2/vendor/laravel/framework/src/Illuminate/Pipeline/Pipeline.php(180): Illuminate/Foundation/Http/Kernel->Illuminate/Foundation/Http/{closure}(Object(Illuminate/Http/Request))
#16 C:/Users/hp/practica1-api2/vendor/laravel/framework/src/Illuminate/Foundation/Http/Middleware/TransformsRequest.php(21): Illuminate/Pipeline/Pipeline->Illuminate/Pipeline/{closure}(Object(Illuminate/Http/Request))
#17 C:/Users/hp/practica1-api2/vendor/laravel/framework/src/Illuminate/Foundation/Http/Middleware/ConvertEmptyStringsToNull.php(31): Illuminate/Foundation/Http/Middleware/TransformsRequest->handle(Object(Illuminate/Http/Request), Object(Closure))
#18 C:/Users/hp/practica1-api2/vendor/laravel/framework/src/Illuminate/Pipeline/Pipeline.php(219): Illuminate/Foundation/Http/Middleware/ConvertEmptyStringsToNull->handle(Object(Illuminate/Http/Request), Object(Closure))
#19 C:/Users/hp/practica1-api2/vendor/laravel/framework/src/Illuminate/Foundation/Http/Middleware/TransformsRequest.php(21): Illuminate/Pipeline/Pipeline->Illuminate/Pipeline/{closure}(Object(Illuminate/Http/Request))
#20 C:/Users/hp/practica1-api2/vendor/laravel/framework/src/Illuminate/Foundation/Http/Middleware/TrimStrings.php(51): Illuminate/Foundation/Http/Middleware/TransformsRequest->handle(Object(Illuminate/Http/Request), Object(Closure))
#21 C:/Users/hp/practica1-api2/vendor/laravel/framework/src/Illuminate/Pipeline/Pipeline.php(219): Illuminate/Foundation/Http/Middleware/TrimStrings->handle(Object(Illuminate/Http/Request), Object(Closure))
#22 C:/Users/hp/practica1-api2/vendor/laravel/framework/src/Illuminate/Http/Middleware/ValidatePostSize.php(27): Illuminate/Pipeline/Pipeline->Illuminate/Pipeline/{closure}(Object(Illuminate/Http/Request))
#23 C:/Users/hp/practica1-api2/vendor/laravel/framework/src/Illuminate/Pipeline/Pipeline.php(219): Illuminate/Http/Middleware/ValidatePostSize->handle(Object(Illuminate/Http/Request), Object(Closure))
#24 C:/Users/hp/practica1-api2/vendor/laravel/framework/src/Illuminate/Foundation/Http/Middleware/PreventRequestsDuringMaintenance.php(109): Illuminate/Pipeline/Pipeline->Illuminate/Pipeline/{closure}(Object(Illuminate/Http/Request))
#25 C:/Users/hp/practica1-api2/vendor/laravel/framework/src/Illuminate/Pipeline/Pipeline.php(219): Illuminate/Foundation/Http/Middleware/PreventRequestsDuringMaintenance->handle(Object(Illuminate/Http/Request), Object(Closure))
#26 C:/Users/hp/practica1-api2/vendor/laravel/framework/src/Illuminate/Http/Middleware/HandleCors.php(74): Illuminate/Pipeline/Pipeline->Illuminate/Pipeline/{closure}(Object(Illuminate/Http/Request))
#27 C:/Users/hp/practica1-api2/vendor/laravel/framework/src/Illuminate/Pipeline/Pipeline.php(219): Illuminate/Http/Middleware/HandleCors->handle(Object(Illuminate/Http/Request), Object(Closure))
#28 C:/Users/hp/practica1-api2/vendor/laravel/framework/src/Illuminate/Http/Middleware/TrustProxies.php(58): Illuminate/Pipeline/Pipeline->Illuminate/Pipeline/{closure}(Object(Illuminate/Http/Request))
#29 C:/Users/hp/practica1-api2/vendor/laravel/framework/src/Illuminate/Pipeline/Pipeline.php(219): Illuminate/Http/Middleware/TrustProxies->handle(Object(Illuminate/Http/Request), Object(Closure))
#30 C:/Users/hp/practica1-api2/vendor/laravel/framework/src/Illuminate/Foundation/Http/Middleware/InvokeDeferredCallbacks.php(22): Illuminate/Pipeline/Pipeline->Illuminate/Pipeline/{closure}(Object(Illuminate/Http/Request))
#31 C:/Users/hp/practica1-api2/vendor/laravel/framework/src/Illuminate/Pipeline/Pipeline.php(219): Illuminate/Foundation/Http/Middleware/InvokeDeferredCallbacks->handle(Object(Illuminate/Http/Request), Object(Closure))
#32 C:/Users/hp/practica1-api2/vendor/laravel/framework/src/Illuminate/Http/Middleware/ValidatePathEncoding.php(26): Illuminate/Pipeline/Pipeline->Illuminate/Pipeline/{closure}(Object(Illuminate/Http/Request))
#33 C:/Users/hp/practica1-api2/vendor/laravel/framework/src/Illuminate/Pipeline/Pipeline.php(219): Illuminate/Http/Middleware/ValidatePathEncoding->handle(Object(Illuminate/Http/Request), Object(Closure))
#34 C:/Users/hp/practica1-api2/vendor/laravel/framework/src/Illuminate/Pipeline/Pipeline.php(137): Illuminate/Pipeline/Pipeline->Illuminate/Pipeline/{closure}(Object(Illuminate/Http/Request))
#35 C:/Users/hp/practica1-api2/vendor/laravel/framework/src/Illuminate/Foundation/Http/Kernel.php(175): Illuminate/Pipeline/Pipeline->then(Object(Closure))
#36 C:/Users/hp/practica1-api2/vendor/laravel/framework/src/Illuminate/Foundation/Http/Kernel.php(144): Illuminate/Foundation/Http/Kernel->sendRequestThroughRouter(Object(Illuminate/Http/Request))
#37 C:/Users/hp/practica1-api2/vendor/laravel/framework/src/Illuminate/Foundation/Application.php(1220): Illuminate/Foundation/Http/Kernel->handle(Object(Illuminate/Http/Request))
#38 C:/Users/hp/practica1-api2/public/index.php(20): Illuminate/Foundation/Application->handleRequest(Object(Illuminate/Http/Request))
#39 C:/Users/hp/practica1-api2/vendor/laravel/framework/src/Illuminate/Foundation/resources/server.php(23): require_once('C://Users//hp//pra...')
#40 {main}
"} 
[2026-06-14 04:47:06] local.ERROR: Command "migratephp" is not defined.

Did you mean one of these?
    migrate
    migrate:fresh
    migrate:install
    migrate:refresh
    migrate:reset
    migrate:rollback
    migrate:status {"exception":"[object] (Symfony\\Component\\Console\\Exception\\CommandNotFoundException(code: 0): Command \"migratephp\" is not defined.

Did you mean one of these?
    migrate
    migrate:fresh
    migrate:install
    migrate:refresh
    migrate:reset
    migrate:rollback
    migrate:status at C:/Users/hp/practica1-api2/vendor/symfony/console/Application.php:759)
[stacktrace]
#0 C:/Users/hp/practica1-api2/vendor/symfony/console/Application.php(298): Symfony/Component/Console/Application->find('migratephp')
#1 C:/Users/hp/practica1-api2/vendor/symfony/console/Application.php(195): Symfony/Component/Console/Application->doRun(Object(Symfony/Component/Console/Input/ArgvInput), Object(Symfony/Component/Console/Output/ConsoleOutput))
#2 C:/Users/hp/practica1-api2/vendor/laravel/framework/src/Illuminate/Foundation/Console/Kernel.php(198): Symfony/Component/Console/Application->run(Object(Symfony/Component/Console/Input/ArgvInput), Object(Symfony/Component/Console/Output/ConsoleOutput))
#3 C:/Users/hp/practica1-api2/vendor/laravel/framework/src/Illuminate/Foundation/Application.php(1235): Illuminate/Foundation/Console/Kernel->handle(Object(Symfony/Component/Console/Input/ArgvInput), Object(Symfony/Component/Console/Output/ConsoleOutput))
#4 C:/Users/hp/practica1-api2/artisan(16): Illuminate/Foundation/Application->handleCommand(Object(Symfony/Component/Console/Input/ArgvInput))
#5 {main}
"} 
[2026-06-14 05:12:18] local.DEBUG: From: Mi Tienda Online <noreply@tienda.com>
To: test@test.com
Subject: Prueba
MIME-Version: 1.0
Date: Sun, 14 Jun 2026 05:12:18 +0000
Message-ID: <3c54e10cbd7dc8be9420a1793941565c@tienda.com>
Content-Type: text/plain; charset=utf-8
Content-Transfer-Encoding: quoted-printable

Prueba  
[2026-06-14 06:15:36] local.ERROR: SQLSTATE[42S22]: Column not found: 1054 Unknown column 'user_id' in 'field list' (Connection: mysql, Host: 127.0.0.1, Port: 3306, Database: practica, SQL: insert into `pedidos` (`user_id`, `total`, `estado`, `updated_at`, `created_at`) values (6, 707.42, procesando, 2026-06-14 06:15:36, 2026-06-14 06:15:36)) {"userId":6,"exception":"[object] (Illuminate\\Database\\QueryException(code: 42S22): SQLSTATE[42S22]: Column not found: 1054 Unknown column 'user_id' in 'field list' (Connection: mysql, Host: 127.0.0.1, Port: 3306, Database: practica, SQL: insert into `pedidos` (`user_id`, `total`, `estado`, `updated_at`, `created_at`) values (6, 707.42, procesando, 2026-06-14 06:15:36, 2026-06-14 06:15:36)) at C:/Users/hp/practica1-api2/vendor/laravel/framework/src/Illuminate/Database/Connection.php:838)
[stacktrace]
#0 C:/Users/hp/practica1-api2/vendor/laravel/framework/src/Illuminate/Database/Connection.php(794): Illuminate/Database/Connection->runQueryCallback('insert into `pe...', Array, Object(Closure))
#1 C:/Users/hp/practica1-api2/vendor/laravel/framework/src/Illuminate/Database/MySqlConnection.php(42): Illuminate/Database/Connection->run('insert into `pe...', Array, Object(Closure))
#2 C:/Users/hp/practica1-api2/vendor/laravel/framework/src/Illuminate/Database/Query/Processors/MySqlProcessor.php(35): Illuminate/Database/MySqlConnection->insert('insert into `pe...', Array, 'id')
#3 C:/Users/hp/practica1-api2/vendor/laravel/framework/src/Illuminate/Database/Query/Builder.php(4170): Illuminate/Database/Query/Processors/MySqlProcessor->processInsertGetId(Object(Illuminate/Database/Query/Builder), 'insert into `pe...', Array, 'id')
#4 C:/Users/hp/practica1-api2/vendor/laravel/framework/src/Illuminate/Database/Eloquent/Builder.php(2237): Illuminate/Database/Query/Builder->insertGetId(Array, 'id')
#5 C:/Users/hp/practica1-api2/vendor/laravel/framework/src/Illuminate/Database/Eloquent/Model.php(1436): Illuminate/Database/Eloquent/Builder->__call('insertGetId', Array)
#6 C:/Users/hp/practica1-api2/vendor/laravel/framework/src/Illuminate/Database/Eloquent/Model.php(1401): Illuminate/Database/Eloquent/Model->insertAndSetId(Object(Illuminate/Database/Eloquent/Builder), Array)
#7 C:/Users/hp/practica1-api2/vendor/laravel/framework/src/Illuminate/Database/Eloquent/Model.php(1240): Illuminate/Database/Eloquent/Model->performInsert(Object(Illuminate/Database/Eloquent/Builder))
#8 C:/Users/hp/practica1-api2/vendor/laravel/framework/src/Illuminate/Database/Eloquent/Builder.php(1219): Illuminate/Database/Eloquent/Model->save()
#9 C:/Users/hp/practica1-api2/vendor/laravel/framework/src/Illuminate/Support/helpers.php(393): Illuminate/Database/Eloquent/Builder->Illuminate/Database/Eloquent/{closure}(Object(App/Models/Pedido))
#10 C:/Users/hp/practica1-api2/vendor/laravel/framework/src/Illuminate/Database/Eloquent/Builder.php(1218): tap(Object(App/Models/Pedido), Object(Closure))
#11 C:/Users/hp/practica1-api2/vendor/laravel/framework/src/Illuminate/Support/Traits/ForwardsCalls.php(23): Illuminate/Database/Eloquent/Builder->create(Array)
#12 C:/Users/hp/practica1-api2/vendor/laravel/framework/src/Illuminate/Database/Eloquent/Model.php(2544): Illuminate/Database/Eloquent/Model->forwardCallTo(Object(Illuminate/Database/Eloquent/Builder), 'create', Array)
#13 C:/Users/hp/practica1-api2/vendor/laravel/framework/src/Illuminate/Database/Eloquent/Model.php(2560): Illuminate/Database/Eloquent/Model->__call('create', Array)
#14 C:/Users/hp/practica1-api2/app/Http/Controllers/PedidoController.php(26): Illuminate/Database/Eloquent/Model::__callStatic('create', Array)
#15 C:/Users/hp/practica1-api2/vendor/laravel/framework/src/Illuminate/Database/Concerns/ManagesTransactions.php(35): App/Http/Controllers/PedidoController->App/Http/Controllers/{closure}(Object(Illuminate/Database/MySqlConnection))
#16 C:/Users/hp/practica1-api2/vendor/laravel/framework/src/Illuminate/Database/DatabaseManager.php(491): Illuminate/Database/Connection->transaction(Object(Closure))
#17 C:/Users/hp/practica1-api2/vendor/laravel/framework/src/Illuminate/Support/Facades/Facade.php(363): Illuminate/Database/DatabaseManager->__call('transaction', Array)
#18 C:/Users/hp/practica1-api2/app/Http/Controllers/PedidoController.php(20): Illuminate/Support/Facades/Facade::__callStatic('transaction', Array)
#19 C:/Users/hp/practica1-api2/vendor/laravel/framework/src/Illuminate/Routing/ControllerDispatcher.php(46): App/Http/Controllers/PedidoController->__invoke(Object(Illuminate/Http/Request))
#20 C:/Users/hp/practica1-api2/vendor/laravel/framework/src/Illuminate/Routing/Route.php(265): Illuminate/Routing/ControllerDispatcher->dispatch(Object(Illuminate/Routing/Route), Object(App/Http/Controllers/PedidoController), '__invoke')
#21 C:/Users/hp/practica1-api2/vendor/laravel/framework/src/Illuminate/Routing/Route.php(211): Illuminate/Routing/Route->runController()
#22 C:/Users/hp/practica1-api2/vendor/laravel/framework/src/Illuminate/Routing/Router.php(822): Illuminate/Routing/Route->run()
#23 C:/Users/hp/practica1-api2/vendor/laravel/framework/src/Illuminate/Pipeline/Pipeline.php(180): Illuminate/Routing/Router->Illuminate/Routing/{closure}(Object(Illuminate/Http/Request))
#24 C:/Users/hp/practica1-api2/vendor/laravel/framework/src/Illuminate/Routing/Middleware/SubstituteBindings.php(50): Illuminate/Pipeline/Pipeline->Illuminate/Pipeline/{closure}(Object(Illuminate/Http/Request))
#25 C:/Users/hp/practica1-api2/vendor/laravel/framework/src/Illuminate/Pipeline/Pipeline.php(219): Illuminate/Routing/Middleware/SubstituteBindings->handle(Object(Illuminate/Http/Request), Object(Closure))
#26 C:/Users/hp/practica1-api2/vendor/laravel/framework/src/Illuminate/Auth/Middleware/Authenticate.php(63): Illuminate/Pipeline/Pipeline->Illuminate/Pipeline/{closure}(Object(Illuminate/Http/Request))
#27 C:/Users/hp/practica1-api2/vendor/laravel/framework/src/Illuminate/Pipeline/Pipeline.php(219): Illuminate/Auth/Middleware/Authenticate->handle(Object(Illuminate/Http/Request), Object(Closure), 'sanctum')
#28 C:/Users/hp/practica1-api2/vendor/laravel/framework/src/Illuminate/Pipeline/Pipeline.php(137): Illuminate/Pipeline/Pipeline->Illuminate/Pipeline/{closure}(Object(Illuminate/Http/Request))
#29 C:/Users/hp/practica1-api2/vendor/laravel/framework/src/Illuminate/Routing/Router.php(821): Illuminate/Pipeline/Pipeline->then(Object(Closure))
#30 C:/Users/hp/practica1-api2/vendor/laravel/framework/src/Illuminate/Routing/Router.php(800): Illuminate/Routing/Router->runRouteWithinStack(Object(Illuminate/Routing/Route), Object(Illuminate/Http/Request))
#31 C:/Users/hp/practica1-api2/vendor/laravel/framework/src/Illuminate/Routing/Router.php(764): Illuminate/Routing/Router->runRoute(Object(Illuminate/Http/Request), Object(Illuminate/Routing/Route))
#32 C:/Users/hp/practica1-api2/vendor/laravel/framework/src/Illuminate/Routing/Router.php(753): Illuminate/Routing/Router->dispatchToRoute(Object(Illuminate/Http/Request))
#33 C:/Users/hp/practica1-api2/vendor/laravel/framework/src/Illuminate/Foundation/Http/Kernel.php(200): Illuminate/Routing/Router->dispatch(Object(Illuminate/Http/Request))
#34 C:/Users/hp/practica1-api2/vendor/laravel/framework/src/Illuminate/Pipeline/Pipeline.php(180): Illuminate/Foundation/Http/Kernel->Illuminate/Foundation/Http/{closure}(Object(Illuminate/Http/Request))
#35 C:/Users/hp/practica1-api2/vendor/laravel/framework/src/Illuminate/Foundation/Http/Middleware/TransformsRequest.php(21): Illuminate/Pipeline/Pipeline->Illuminate/Pipeline/{closure}(Object(Illuminate/Http/Request))
#36 C:/Users/hp/practica1-api2/vendor/laravel/framework/src/Illuminate/Foundation/Http/Middleware/ConvertEmptyStringsToNull.php(31): Illuminate/Foundation/Http/Middleware/TransformsRequest->handle(Object(Illuminate/Http/Request), Object(Closure))
#37 C:/Users/hp/practica1-api2/vendor/laravel/framework/src/Illuminate/Pipeline/Pipeline.php(219): Illuminate/Foundation/Http/Middleware/ConvertEmptyStringsToNull->handle(Object(Illuminate/Http/Request), Object(Closure))
#38 C:/Users/hp/practica1-api2/vendor/laravel/framework/src/Illuminate/Foundation/Http/Middleware/TransformsRequest.php(21): Illuminate/Pipeline/Pipeline->Illuminate/Pipeline/{closure}(Object(Illuminate/Http/Request))
#39 C:/Users/hp/practica1-api2/vendor/laravel/framework/src/Illuminate/Foundation/Http/Middleware/TrimStrings.php(51): Illuminate/Foundation/Http/Middleware/TransformsRequest->handle(Object(Illuminate/Http/Request), Object(Closure))
#40 C:/Users/hp/practica1-api2/vendor/laravel/framework/src/Illuminate/Pipeline/Pipeline.php(219): Illuminate/Foundation/Http/Middleware/TrimStrings->handle(Object(Illuminate/Http/Request), Object(Closure))
#41 C:/Users/hp/practica1-api2/vendor/laravel/framework/src/Illuminate/Http/Middleware/ValidatePostSize.php(27): Illuminate/Pipeline/Pipeline->Illuminate/Pipeline/{closure}(Object(Illuminate/Http/Request))
#42 C:/Users/hp/practica1-api2/vendor/laravel/framework/src/Illuminate/Pipeline/Pipeline.php(219): Illuminate/Http/Middleware/ValidatePostSize->handle(Object(Illuminate/Http/Request), Object(Closure))
#43 C:/Users/hp/practica1-api2/vendor/laravel/framework/src/Illuminate/Foundation/Http/Middleware/PreventRequestsDuringMaintenance.php(109): Illuminate/Pipeline/Pipeline->Illuminate/Pipeline/{closure}(Object(Illuminate/Http/Request))
#44 C:/Users/hp/practica1-api2/vendor/laravel/framework/src/Illuminate/Pipeline/Pipeline.php(219): Illuminate/Foundation/Http/Middleware/PreventRequestsDuringMaintenance->handle(Object(Illuminate/Http/Request), Object(Closure))
#45 C:/Users/hp/practica1-api2/vendor/laravel/framework/src/Illuminate/Http/Middleware/HandleCors.php(74): Illuminate/Pipeline/Pipeline->Illuminate/Pipeline/{closure}(Object(Illuminate/Http/Request))
#46 C:/Users/hp/practica1-api2/vendor/laravel/framework/src/Illuminate/Pipeline/Pipeline.php(219): Illuminate/Http/Middleware/HandleCors->handle(Object(Illuminate/Http/Request), Object(Closure))
#47 C:/Users/hp/practica1-api2/vendor/laravel/framework/src/Illuminate/Http/Middleware/TrustProxies.php(58): Illuminate/Pipeline/Pipeline->Illuminate/Pipeline/{closure}(Object(Illuminate/Http/Request))
#48 C:/Users/hp/practica1-api2/vendor/laravel/framework/src/Illuminate/Pipeline/Pipeline.php(219): Illuminate/Http/Middleware/TrustProxies->handle(Object(Illuminate/Http/Request), Object(Closure))
#49 C:/Users/hp/practica1-api2/vendor/laravel/framework/src/Illuminate/Foundation/Http/Middleware/InvokeDeferredCallbacks.php(22): Illuminate/Pipeline/Pipeline->Illuminate/Pipeline/{closure}(Object(Illuminate/Http/Request))
#50 C:/Users/hp/practica1-api2/vendor/laravel/framework/src/Illuminate/Pipeline/Pipeline.php(219): Illuminate/Foundation/Http/Middleware/InvokeDeferredCallbacks->handle(Object(Illuminate/Http/Request), Object(Closure))
#51 C:/Users/hp/practica1-api2/vendor/laravel/framework/src/Illuminate/Http/Middleware/ValidatePathEncoding.php(26): Illuminate/Pipeline/Pipeline->Illuminate/Pipeline/{closure}(Object(Illuminate/Http/Request))
#52 C:/Users/hp/practica1-api2/vendor/laravel/framework/src/Illuminate/Pipeline/Pipeline.php(219): Illuminate/Http/Middleware/ValidatePathEncoding->handle(Object(Illuminate/Http/Request), Object(Closure))
#53 C:/Users/hp/practica1-api2/vendor/laravel/framework/src/Illuminate/Pipeline/Pipeline.php(137): Illuminate/Pipeline/Pipeline->Illuminate/Pipeline/{closure}(Object(Illuminate/Http/Request))
#54 C:/Users/hp/practica1-api2/vendor/laravel/framework/src/Illuminate/Foundation/Http/Kernel.php(175): Illuminate/Pipeline/Pipeline->then(Object(Closure))
#55 C:/Users/hp/practica1-api2/vendor/laravel/framework/src/Illuminate/Foundation/Http/Kernel.php(144): Illuminate/Foundation/Http/Kernel->sendRequestThroughRouter(Object(Illuminate/Http/Request))
#56 C:/Users/hp/practica1-api2/vendor/laravel/framework/src/Illuminate/Foundation/Application.php(1220): Illuminate/Foundation/Http/Kernel->handle(Object(Illuminate/Http/Request))
#57 C:/Users/hp/practica1-api2/public/index.php(20): Illuminate/Foundation/Application->handleRequest(Object(Illuminate/Http/Request))
#58 C:/Users/hp/practica1-api2/vendor/laravel/framework/src/Illuminate/Foundation/resources/server.php(23): require_once('C://Users//hp//pra...')
#59 {main}

[previous exception] [object] (PDOException(code: 42S22): SQLSTATE[42S22]: Column not found: 1054 Unknown column 'user_id' in 'field list' at C:/Users/hp/practica1-api2/vendor/laravel/framework/src/Illuminate/Database/MySqlConnection.php:47)
[stacktrace]
#0 C:/Users/hp/practica1-api2/vendor/laravel/framework/src/Illuminate/Database/MySqlConnection.php(47): PDO->prepare('insert into `pe...')
#1 C:/Users/hp/practica1-api2/vendor/laravel/framework/src/Illuminate/Database/Connection.php(827): Illuminate/Database/MySqlConnection->Illuminate/Database/{closure}('insert into `pe...', Array)
#2 C:/Users/hp/practica1-api2/vendor/laravel/framework/src/Illuminate/Database/Connection.php(794): Illuminate/Database/Connection->runQueryCallback('insert into `pe...', Array, Object(Closure))
#3 C:/Users/hp/practica1-api2/vendor/laravel/framework/src/Illuminate/Database/MySqlConnection.php(42): Illuminate/Database/Connection->run('insert into `pe...', Array, Object(Closure))
#4 C:/Users/hp/practica1-api2/vendor/laravel/framework/src/Illuminate/Database/Query/Processors/MySqlProcessor.php(35): Illuminate/Database/MySqlConnection->insert('insert into `pe...', Array, 'id')
#5 C:/Users/hp/practica1-api2/vendor/laravel/framework/src/Illuminate/Database/Query/Builder.php(4170): Illuminate/Database/Query/Processors/MySqlProcessor->processInsertGetId(Object(Illuminate/Database/Query/Builder), 'insert into `pe...', Array, 'id')
#6 C:/Users/hp/practica1-api2/vendor/laravel/framework/src/Illuminate/Database/Eloquent/Builder.php(2237): Illuminate/Database/Query/Builder->insertGetId(Array, 'id')
#7 C:/Users/hp/practica1-api2/vendor/laravel/framework/src/Illuminate/Database/Eloquent/Model.php(1436): Illuminate/Database/Eloquent/Builder->__call('insertGetId', Array)
#8 C:/Users/hp/practica1-api2/vendor/laravel/framework/src/Illuminate/Database/Eloquent/Model.php(1401): Illuminate/Database/Eloquent/Model->insertAndSetId(Object(Illuminate/Database/Eloquent/Builder), Array)
#9 C:/Users/hp/practica1-api2/vendor/laravel/framework/src/Illuminate/Database/Eloquent/Model.php(1240): Illuminate/Database/Eloquent/Model->performInsert(Object(Illuminate/Database/Eloquent/Builder))
#10 C:/Users/hp/practica1-api2/vendor/laravel/framework/src/Illuminate/Database/Eloquent/Builder.php(1219): Illuminate/Database/Eloquent/Model->save()
#11 C:/Users/hp/practica1-api2/vendor/laravel/framework/src/Illuminate/Support/helpers.php(393): Illuminate/Database/Eloquent/Builder->Illuminate/Database/Eloquent/{closure}(Object(App/Models/Pedido))
#12 C:/Users/hp/practica1-api2/vendor/laravel/framework/src/Illuminate/Database/Eloquent/Builder.php(1218): tap(Object(App/Models/Pedido), Object(Closure))
#13 C:/Users/hp/practica1-api2/vendor/laravel/framework/src/Illuminate/Support/Traits/ForwardsCalls.php(23): Illuminate/Database/Eloquent/Builder->create(Array)
#14 C:/Users/hp/practica1-api2/vendor/laravel/framework/src/Illuminate/Database/Eloquent/Model.php(2544): Illuminate/Database/Eloquent/Model->forwardCallTo(Object(Illuminate/Database/Eloquent/Builder), 'create', Array)
#15 C:/Users/hp/practica1-api2/vendor/laravel/framework/src/Illuminate/Database/Eloquent/Model.php(2560): Illuminate/Database/Eloquent/Model->__call('create', Array)
#16 C:/Users/hp/practica1-api2/app/Http/Controllers/PedidoController.php(26): Illuminate/Database/Eloquent/Model::__callStatic('create', Array)
#17 C:/Users/hp/practica1-api2/vendor/laravel/framework/src/Illuminate/Database/Concerns/ManagesTransactions.php(35): App/Http/Controllers/PedidoController->App/Http/Controllers/{closure}(Object(Illuminate/Database/MySqlConnection))
#18 C:/Users/hp/practica1-api2/vendor/laravel/framework/src/Illuminate/Database/DatabaseManager.php(491): Illuminate/Database/Connection->transaction(Object(Closure))
#19 C:/Users/hp/practica1-api2/vendor/laravel/framework/src/Illuminate/Support/Facades/Facade.php(363): Illuminate/Database/DatabaseManager->__call('transaction', Array)
#20 C:/Users/hp/practica1-api2/app/Http/Controllers/PedidoController.php(20): Illuminate/Support/Facades/Facade::__callStatic('transaction', Array)
#21 C:/Users/hp/practica1-api2/vendor/laravel/framework/src/Illuminate/Routing/ControllerDispatcher.php(46): App/Http/Controllers/PedidoController->__invoke(Object(Illuminate/Http/Request))
#22 C:/Users/hp/practica1-api2/vendor/laravel/framework/src/Illuminate/Routing/Route.php(265): Illuminate/Routing/ControllerDispatcher->dispatch(Object(Illuminate/Routing/Route), Object(App/Http/Controllers/PedidoController), '__invoke')
#23 C:/Users/hp/practica1-api2/vendor/laravel/framework/src/Illuminate/Routing/Route.php(211): Illuminate/Routing/Route->runController()
#24 C:/Users/hp/practica1-api2/vendor/laravel/framework/src/Illuminate/Routing/Router.php(822): Illuminate/Routing/Route->run()
#25 C:/Users/hp/practica1-api2/vendor/laravel/framework/src/Illuminate/Pipeline/Pipeline.php(180): Illuminate/Routing/Router->Illuminate/Routing/{closure}(Object(Illuminate/Http/Request))
#26 C:/Users/hp/practica1-api2/vendor/laravel/framework/src/Illuminate/Routing/Middleware/SubstituteBindings.php(50): Illuminate/Pipeline/Pipeline->Illuminate/Pipeline/{closure}(Object(Illuminate/Http/Request))
#27 C:/Users/hp/practica1-api2/vendor/laravel/framework/src/Illuminate/Pipeline/Pipeline.php(219): Illuminate/Routing/Middleware/SubstituteBindings->handle(Object(Illuminate/Http/Request), Object(Closure))
#28 C:/Users/hp/practica1-api2/vendor/laravel/framework/src/Illuminate/Auth/Middleware/Authenticate.php(63): Illuminate/Pipeline/Pipeline->Illuminate/Pipeline/{closure}(Object(Illuminate/Http/Request))
#29 C:/Users/hp/practica1-api2/vendor/laravel/framework/src/Illuminate/Pipeline/Pipeline.php(219): Illuminate/Auth/Middleware/Authenticate->handle(Object(Illuminate/Http/Request), Object(Closure), 'sanctum')
#30 C:/Users/hp/practica1-api2/vendor/laravel/framework/src/Illuminate/Pipeline/Pipeline.php(137): Illuminate/Pipeline/Pipeline->Illuminate/Pipeline/{closure}(Object(Illuminate/Http/Request))
#31 C:/Users/hp/practica1-api2/vendor/laravel/framework/src/Illuminate/Routing/Router.php(821): Illuminate/Pipeline/Pipeline->then(Object(Closure))
#32 C:/Users/hp/practica1-api2/vendor/laravel/framework/src/Illuminate/Routing/Router.php(800): Illuminate/Routing/Router->runRouteWithinStack(Object(Illuminate/Routing/Route), Object(Illuminate/Http/Request))
#33 C:/Users/hp/practica1-api2/vendor/laravel/framework/src/Illuminate/Routing/Router.php(764): Illuminate/Routing/Router->runRoute(Object(Illuminate/Http/Request), Object(Illuminate/Routing/Route))
#34 C:/Users/hp/practica1-api2/vendor/laravel/framework/src/Illuminate/Routing/Router.php(753): Illuminate/Routing/Router->dispatchToRoute(Object(Illuminate/Http/Request))
#35 C:/Users/hp/practica1-api2/vendor/laravel/framework/src/Illuminate/Foundation/Http/Kernel.php(200): Illuminate/Routing/Router->dispatch(Object(Illuminate/Http/Request))
#36 C:/Users/hp/practica1-api2/vendor/laravel/framework/src/Illuminate/Pipeline/Pipeline.php(180): Illuminate/Foundation/Http/Kernel->Illuminate/Foundation/Http/{closure}(Object(Illuminate/Http/Request))
#37 C:/Users/hp/practica1-api2/vendor/laravel/framework/src/Illuminate/Foundation/Http/Middleware/TransformsRequest.php(21): Illuminate/Pipeline/Pipeline->Illuminate/Pipeline/{closure}(Object(Illuminate/Http/Request))
#38 C:/Users/hp/practica1-api2/vendor/laravel/framework/src/Illuminate/Foundation/Http/Middleware/ConvertEmptyStringsToNull.php(31): Illuminate/Foundation/Http/Middleware/TransformsRequest->handle(Object(Illuminate/Http/Request), Object(Closure))
#39 C:/Users/hp/practica1-api2/vendor/laravel/framework/src/Illuminate/Pipeline/Pipeline.php(219): Illuminate/Foundation/Http/Middleware/ConvertEmptyStringsToNull->handle(Object(Illuminate/Http/Request), Object(Closure))
#40 C:/Users/hp/practica1-api2/vendor/laravel/framework/src/Illuminate/Foundation/Http/Middleware/TransformsRequest.php(21): Illuminate/Pipeline/Pipeline->Illuminate/Pipeline/{closure}(Object(Illuminate/Http/Request))
#41 C:/Users/hp/practica1-api2/vendor/laravel/framework/src/Illuminate/Foundation/Http/Middleware/TrimStrings.php(51): Illuminate/Foundation/Http/Middleware/TransformsRequest->handle(Object(Illuminate/Http/Request), Object(Closure))
#42 C:/Users/hp/practica1-api2/vendor/laravel/framework/src/Illuminate/Pipeline/Pipeline.php(219): Illuminate/Foundation/Http/Middleware/TrimStrings->handle(Object(Illuminate/Http/Request), Object(Closure))
#43 C:/Users/hp/practica1-api2/vendor/laravel/framework/src/Illuminate/Http/Middleware/ValidatePostSize.php(27): Illuminate/Pipeline/Pipeline->Illuminate/Pipeline/{closure}(Object(Illuminate/Http/Request))
#44 C:/Users/hp/practica1-api2/vendor/laravel/framework/src/Illuminate/Pipeline/Pipeline.php(219): Illuminate/Http/Middleware/ValidatePostSize->handle(Object(Illuminate/Http/Request), Object(Closure))
#45 C:/Users/hp/practica1-api2/vendor/laravel/framework/src/Illuminate/Foundation/Http/Middleware/PreventRequestsDuringMaintenance.php(109): Illuminate/Pipeline/Pipeline->Illuminate/Pipeline/{closure}(Object(Illuminate/Http/Request))
#46 C:/Users/hp/practica1-api2/vendor/laravel/framework/src/Illuminate/Pipeline/Pipeline.php(219): Illuminate/Foundation/Http/Middleware/PreventRequestsDuringMaintenance->handle(Object(Illuminate/Http/Request), Object(Closure))
#47 C:/Users/hp/practica1-api2/vendor/laravel/framework/src/Illuminate/Http/Middleware/HandleCors.php(74): Illuminate/Pipeline/Pipeline->Illuminate/Pipeline/{closure}(Object(Illuminate/Http/Request))
#48 C:/Users/hp/practica1-api2/vendor/laravel/framework/src/Illuminate/Pipeline/Pipeline.php(219): Illuminate/Http/Middleware/HandleCors->handle(Object(Illuminate/Http/Request), Object(Closure))
#49 C:/Users/hp/practica1-api2/vendor/laravel/framework/src/Illuminate/Http/Middleware/TrustProxies.php(58): Illuminate/Pipeline/Pipeline->Illuminate/Pipeline/{closure}(Object(Illuminate/Http/Request))
#50 C:/Users/hp/practica1-api2/vendor/laravel/framework/src/Illuminate/Pipeline/Pipeline.php(219): Illuminate/Http/Middleware/TrustProxies->handle(Object(Illuminate/Http/Request), Object(Closure))
#51 C:/Users/hp/practica1-api2/vendor/laravel/framework/src/Illuminate/Foundation/Http/Middleware/InvokeDeferredCallbacks.php(22): Illuminate/Pipeline/Pipeline->Illuminate/Pipeline/{closure}(Object(Illuminate/Http/Request))
#52 C:/Users/hp/practica1-api2/vendor/laravel/framework/src/Illuminate/Pipeline/Pipeline.php(219): Illuminate/Foundation/Http/Middleware/InvokeDeferredCallbacks->handle(Object(Illuminate/Http/Request), Object(Closure))
#53 C:/Users/hp/practica1-api2/vendor/laravel/framework/src/Illuminate/Http/Middleware/ValidatePathEncoding.php(26): Illuminate/Pipeline/Pipeline->Illuminate/Pipeline/{closure}(Object(Illuminate/Http/Request))
#54 C:/Users/hp/practica1-api2/vendor/laravel/framework/src/Illuminate/Pipeline/Pipeline.php(219): Illuminate/Http/Middleware/ValidatePathEncoding->handle(Object(Illuminate/Http/Request), Object(Closure))
#55 C:/Users/hp/practica1-api2/vendor/laravel/framework/src/Illuminate/Pipeline/Pipeline.php(137): Illuminate/Pipeline/Pipeline->Illuminate/Pipeline/{closure}(Object(Illuminate/Http/Request))
#56 C:/Users/hp/practica1-api2/vendor/laravel/framework/src/Illuminate/Foundation/Http/Kernel.php(175): Illuminate/Pipeline/Pipeline->then(Object(Closure))
#57 C:/Users/hp/practica1-api2/vendor/laravel/framework/src/Illuminate/Foundation/Http/Kernel.php(144): Illuminate/Foundation/Http/Kernel->sendRequestThroughRouter(Object(Illuminate/Http/Request))
#58 C:/Users/hp/practica1-api2/vendor/laravel/framework/src/Illuminate/Foundation/Application.php(1220): Illuminate/Foundation/Http/Kernel->handle(Object(Illuminate/Http/Request))
#59 C:/Users/hp/practica1-api2/public/index.php(20): Illuminate/Foundation/Application->handleRequest(Object(Illuminate/Http/Request))
#60 C:/Users/hp/practica1-api2/vendor/laravel/framework/src/Illuminate/Foundation/resources/server.php(23): require_once('C://Users//hp//pra...')
#61 {main}
"} 
[2026-06-14 06:18:27] local.ERROR: SQLSTATE[42S22]: Column not found: 1054 Unknown column 'user_id' in 'field list' (Connection: mysql, Host: 127.0.0.1, Port: 3306, Database: practica, SQL: insert into `pedidos` (`user_id`, `total`, `estado`, `updated_at`, `created_at`) values (6, 707.42, procesando, 2026-06-14 06:18:27, 2026-06-14 06:18:27)) {"userId":6,"exception":"[object] (Illuminate\\Database\\QueryException(code: 42S22): SQLSTATE[42S22]: Column not found: 1054 Unknown column 'user_id' in 'field list' (Connection: mysql, Host: 127.0.0.1, Port: 3306, Database: practica, SQL: insert into `pedidos` (`user_id`, `total`, `estado`, `updated_at`, `created_at`) values (6, 707.42, procesando, 2026-06-14 06:18:27, 2026-06-14 06:18:27)) at C:/Users/hp/practica1-api2/vendor/laravel/framework/src/Illuminate/Database/Connection.php:838)
[stacktrace]
#0 C:/Users/hp/practica1-api2/vendor/laravel/framework/src/Illuminate/Database/Connection.php(794): Illuminate/Database/Connection->runQueryCallback('insert into `pe...', Array, Object(Closure))
#1 C:/Users/hp/practica1-api2/vendor/laravel/framework/src/Illuminate/Database/MySqlConnection.php(42): Illuminate/Database/Connection->run('insert into `pe...', Array, Object(Closure))
#2 C:/Users/hp/practica1-api2/vendor/laravel/framework/src/Illuminate/Database/Query/Processors/MySqlProcessor.php(35): Illuminate/Database/MySqlConnection->insert('insert into `pe...', Array, 'id')
#3 C:/Users/hp/practica1-api2/vendor/laravel/framework/src/Illuminate/Database/Query/Builder.php(4170): Illuminate/Database/Query/Processors/MySqlProcessor->processInsertGetId(Object(Illuminate/Database/Query/Builder), 'insert into `pe...', Array, 'id')
#4 C:/Users/hp/practica1-api2/vendor/laravel/framework/src/Illuminate/Database/Eloquent/Builder.php(2237): Illuminate/Database/Query/Builder->insertGetId(Array, 'id')
#5 C:/Users/hp/practica1-api2/vendor/laravel/framework/src/Illuminate/Database/Eloquent/Model.php(1436): Illuminate/Database/Eloquent/Builder->__call('insertGetId', Array)
#6 C:/Users/hp/practica1-api2/vendor/laravel/framework/src/Illuminate/Database/Eloquent/Model.php(1401): Illuminate/Database/Eloquent/Model->insertAndSetId(Object(Illuminate/Database/Eloquent/Builder), Array)
#7 C:/Users/hp/practica1-api2/vendor/laravel/framework/src/Illuminate/Database/Eloquent/Model.php(1240): Illuminate/Database/Eloquent/Model->performInsert(Object(Illuminate/Database/Eloquent/Builder))
#8 C:/Users/hp/practica1-api2/vendor/laravel/framework/src/Illuminate/Database/Eloquent/Builder.php(1219): Illuminate/Database/Eloquent/Model->save()
#9 C:/Users/hp/practica1-api2/vendor/laravel/framework/src/Illuminate/Support/helpers.php(393): Illuminate/Database/Eloquent/Builder->Illuminate/Database/Eloquent/{closure}(Object(App/Models/Pedido))
#10 C:/Users/hp/practica1-api2/vendor/laravel/framework/src/Illuminate/Database/Eloquent/Builder.php(1218): tap(Object(App/Models/Pedido), Object(Closure))
#11 C:/Users/hp/practica1-api2/vendor/laravel/framework/src/Illuminate/Support/Traits/ForwardsCalls.php(23): Illuminate/Database/Eloquent/Builder->create(Array)
#12 C:/Users/hp/practica1-api2/vendor/laravel/framework/src/Illuminate/Database/Eloquent/Model.php(2544): Illuminate/Database/Eloquent/Model->forwardCallTo(Object(Illuminate/Database/Eloquent/Builder), 'create', Array)
#13 C:/Users/hp/practica1-api2/vendor/laravel/framework/src/Illuminate/Database/Eloquent/Model.php(2560): Illuminate/Database/Eloquent/Model->__call('create', Array)
#14 C:/Users/hp/practica1-api2/app/Http/Controllers/PedidoController.php(26): Illuminate/Database/Eloquent/Model::__callStatic('create', Array)
#15 C:/Users/hp/practica1-api2/vendor/laravel/framework/src/Illuminate/Database/Concerns/ManagesTransactions.php(35): App/Http/Controllers/PedidoController->App/Http/Controllers/{closure}(Object(Illuminate/Database/MySqlConnection))
#16 C:/Users/hp/practica1-api2/vendor/laravel/framework/src/Illuminate/Database/DatabaseManager.php(491): Illuminate/Database/Connection->transaction(Object(Closure))
#17 C:/Users/hp/practica1-api2/vendor/laravel/framework/src/Illuminate/Support/Facades/Facade.php(363): Illuminate/Database/DatabaseManager->__call('transaction', Array)
#18 C:/Users/hp/practica1-api2/app/Http/Controllers/PedidoController.php(20): Illuminate/Support/Facades/Facade::__callStatic('transaction', Array)
#19 C:/Users/hp/practica1-api2/vendor/laravel/framework/src/Illuminate/Routing/ControllerDispatcher.php(46): App/Http/Controllers/PedidoController->__invoke(Object(Illuminate/Http/Request))
#20 C:/Users/hp/practica1-api2/vendor/laravel/framework/src/Illuminate/Routing/Route.php(265): Illuminate/Routing/ControllerDispatcher->dispatch(Object(Illuminate/Routing/Route), Object(App/Http/Controllers/PedidoController), '__invoke')
#21 C:/Users/hp/practica1-api2/vendor/laravel/framework/src/Illuminate/Routing/Route.php(211): Illuminate/Routing/Route->runController()
#22 C:/Users/hp/practica1-api2/vendor/laravel/framework/src/Illuminate/Routing/Router.php(822): Illuminate/Routing/Route->run()
#23 C:/Users/hp/practica1-api2/vendor/laravel/framework/src/Illuminate/Pipeline/Pipeline.php(180): Illuminate/Routing/Router->Illuminate/Routing/{closure}(Object(Illuminate/Http/Request))
#24 C:/Users/hp/practica1-api2/vendor/laravel/framework/src/Illuminate/Routing/Middleware/SubstituteBindings.php(50): Illuminate/Pipeline/Pipeline->Illuminate/Pipeline/{closure}(Object(Illuminate/Http/Request))
#25 C:/Users/hp/practica1-api2/vendor/laravel/framework/src/Illuminate/Pipeline/Pipeline.php(219): Illuminate/Routing/Middleware/SubstituteBindings->handle(Object(Illuminate/Http/Request), Object(Closure))
#26 C:/Users/hp/practica1-api2/vendor/laravel/framework/src/Illuminate/Auth/Middleware/Authenticate.php(63): Illuminate/Pipeline/Pipeline->Illuminate/Pipeline/{closure}(Object(Illuminate/Http/Request))
#27 C:/Users/hp/practica1-api2/vendor/laravel/framework/src/Illuminate/Pipeline/Pipeline.php(219): Illuminate/Auth/Middleware/Authenticate->handle(Object(Illuminate/Http/Request), Object(Closure), 'sanctum')
#28 C:/Users/hp/practica1-api2/vendor/laravel/framework/src/Illuminate/Pipeline/Pipeline.php(137): Illuminate/Pipeline/Pipeline->Illuminate/Pipeline/{closure}(Object(Illuminate/Http/Request))
#29 C:/Users/hp/practica1-api2/vendor/laravel/framework/src/Illuminate/Routing/Router.php(821): Illuminate/Pipeline/Pipeline->then(Object(Closure))
#30 C:/Users/hp/practica1-api2/vendor/laravel/framework/src/Illuminate/Routing/Router.php(800): Illuminate/Routing/Router->runRouteWithinStack(Object(Illuminate/Routing/Route), Object(Illuminate/Http/Request))
#31 C:/Users/hp/practica1-api2/vendor/laravel/framework/src/Illuminate/Routing/Router.php(764): Illuminate/Routing/Router->runRoute(Object(Illuminate/Http/Request), Object(Illuminate/Routing/Route))
#32 C:/Users/hp/practica1-api2/vendor/laravel/framework/src/Illuminate/Routing/Router.php(753): Illuminate/Routing/Router->dispatchToRoute(Object(Illuminate/Http/Request))
#33 C:/Users/hp/practica1-api2/vendor/laravel/framework/src/Illuminate/Foundation/Http/Kernel.php(200): Illuminate/Routing/Router->dispatch(Object(Illuminate/Http/Request))
#34 C:/Users/hp/practica1-api2/vendor/laravel/framework/src/Illuminate/Pipeline/Pipeline.php(180): Illuminate/Foundation/Http/Kernel->Illuminate/Foundation/Http/{closure}(Object(Illuminate/Http/Request))
#35 C:/Users/hp/practica1-api2/vendor/laravel/framework/src/Illuminate/Foundation/Http/Middleware/TransformsRequest.php(21): Illuminate/Pipeline/Pipeline->Illuminate/Pipeline/{closure}(Object(Illuminate/Http/Request))
#36 C:/Users/hp/practica1-api2/vendor/laravel/framework/src/Illuminate/Foundation/Http/Middleware/ConvertEmptyStringsToNull.php(31): Illuminate/Foundation/Http/Middleware/TransformsRequest->handle(Object(Illuminate/Http/Request), Object(Closure))
#37 C:/Users/hp/practica1-api2/vendor/laravel/framework/src/Illuminate/Pipeline/Pipeline.php(219): Illuminate/Foundation/Http/Middleware/ConvertEmptyStringsToNull->handle(Object(Illuminate/Http/Request), Object(Closure))
#38 C:/Users/hp/practica1-api2/vendor/laravel/framework/src/Illuminate/Foundation/Http/Middleware/TransformsRequest.php(21): Illuminate/Pipeline/Pipeline->Illuminate/Pipeline/{closure}(Object(Illuminate/Http/Request))
#39 C:/Users/hp/practica1-api2/vendor/laravel/framework/src/Illuminate/Foundation/Http/Middleware/TrimStrings.php(51): Illuminate/Foundation/Http/Middleware/TransformsRequest->handle(Object(Illuminate/Http/Request), Object(Closure))
#40 C:/Users/hp/practica1-api2/vendor/laravel/framework/src/Illuminate/Pipeline/Pipeline.php(219): Illuminate/Foundation/Http/Middleware/TrimStrings->handle(Object(Illuminate/Http/Request), Object(Closure))
#41 C:/Users/hp/practica1-api2/vendor/laravel/framework/src/Illuminate/Http/Middleware/ValidatePostSize.php(27): Illuminate/Pipeline/Pipeline->Illuminate/Pipeline/{closure}(Object(Illuminate/Http/Request))
#42 C:/Users/hp/practica1-api2/vendor/laravel/framework/src/Illuminate/Pipeline/Pipeline.php(219): Illuminate/Http/Middleware/ValidatePostSize->handle(Object(Illuminate/Http/Request), Object(Closure))
#43 C:/Users/hp/practica1-api2/vendor/laravel/framework/src/Illuminate/Foundation/Http/Middleware/PreventRequestsDuringMaintenance.php(109): Illuminate/Pipeline/Pipeline->Illuminate/Pipeline/{closure}(Object(Illuminate/Http/Request))
#44 C:/Users/hp/practica1-api2/vendor/laravel/framework/src/Illuminate/Pipeline/Pipeline.php(219): Illuminate/Foundation/Http/Middleware/PreventRequestsDuringMaintenance->handle(Object(Illuminate/Http/Request), Object(Closure))
#45 C:/Users/hp/practica1-api2/vendor/laravel/framework/src/Illuminate/Http/Middleware/HandleCors.php(74): Illuminate/Pipeline/Pipeline->Illuminate/Pipeline/{closure}(Object(Illuminate/Http/Request))
#46 C:/Users/hp/practica1-api2/vendor/laravel/framework/src/Illuminate/Pipeline/Pipeline.php(219): Illuminate/Http/Middleware/HandleCors->handle(Object(Illuminate/Http/Request), Object(Closure))
#47 C:/Users/hp/practica1-api2/vendor/laravel/framework/src/Illuminate/Http/Middleware/TrustProxies.php(58): Illuminate/Pipeline/Pipeline->Illuminate/Pipeline/{closure}(Object(Illuminate/Http/Request))
#48 C:/Users/hp/practica1-api2/vendor/laravel/framework/src/Illuminate/Pipeline/Pipeline.php(219): Illuminate/Http/Middleware/TrustProxies->handle(Object(Illuminate/Http/Request), Object(Closure))
#49 C:/Users/hp/practica1-api2/vendor/laravel/framework/src/Illuminate/Foundation/Http/Middleware/InvokeDeferredCallbacks.php(22): Illuminate/Pipeline/Pipeline->Illuminate/Pipeline/{closure}(Object(Illuminate/Http/Request))
#50 C:/Users/hp/practica1-api2/vendor/laravel/framework/src/Illuminate/Pipeline/Pipeline.php(219): Illuminate/Foundation/Http/Middleware/InvokeDeferredCallbacks->handle(Object(Illuminate/Http/Request), Object(Closure))
#51 C:/Users/hp/practica1-api2/vendor/laravel/framework/src/Illuminate/Http/Middleware/ValidatePathEncoding.php(26): Illuminate/Pipeline/Pipeline->Illuminate/Pipeline/{closure}(Object(Illuminate/Http/Request))
#52 C:/Users/hp/practica1-api2/vendor/laravel/framework/src/Illuminate/Pipeline/Pipeline.php(219): Illuminate/Http/Middleware/ValidatePathEncoding->handle(Object(Illuminate/Http/Request), Object(Closure))
#53 C:/Users/hp/practica1-api2/vendor/laravel/framework/src/Illuminate/Pipeline/Pipeline.php(137): Illuminate/Pipeline/Pipeline->Illuminate/Pipeline/{closure}(Object(Illuminate/Http/Request))
#54 C:/Users/hp/practica1-api2/vendor/laravel/framework/src/Illuminate/Foundation/Http/Kernel.php(175): Illuminate/Pipeline/Pipeline->then(Object(Closure))
#55 C:/Users/hp/practica1-api2/vendor/laravel/framework/src/Illuminate/Foundation/Http/Kernel.php(144): Illuminate/Foundation/Http/Kernel->sendRequestThroughRouter(Object(Illuminate/Http/Request))
#56 C:/Users/hp/practica1-api2/vendor/laravel/framework/src/Illuminate/Foundation/Application.php(1220): Illuminate/Foundation/Http/Kernel->handle(Object(Illuminate/Http/Request))
#57 C:/Users/hp/practica1-api2/public/index.php(20): Illuminate/Foundation/Application->handleRequest(Object(Illuminate/Http/Request))
#58 C:/Users/hp/practica1-api2/vendor/laravel/framework/src/Illuminate/Foundation/resources/server.php(23): require_once('C://Users//hp//pra...')
#59 {main}

[previous exception] [object] (PDOException(code: 42S22): SQLSTATE[42S22]: Column not found: 1054 Unknown column 'user_id' in 'field list' at C:/Users/hp/practica1-api2/vendor/laravel/framework/src/Illuminate/Database/MySqlConnection.php:47)
[stacktrace]
#0 C:/Users/hp/practica1-api2/vendor/laravel/framework/src/Illuminate/Database/MySqlConnection.php(47): PDO->prepare('insert into `pe...')
#1 C:/Users/hp/practica1-api2/vendor/laravel/framework/src/Illuminate/Database/Connection.php(827): Illuminate/Database/MySqlConnection->Illuminate/Database/{closure}('insert into `pe...', Array)
#2 C:/Users/hp/practica1-api2/vendor/laravel/framework/src/Illuminate/Database/Connection.php(794): Illuminate/Database/Connection->runQueryCallback('insert into `pe...', Array, Object(Closure))
#3 C:/Users/hp/practica1-api2/vendor/laravel/framework/src/Illuminate/Database/MySqlConnection.php(42): Illuminate/Database/Connection->run('insert into `pe...', Array, Object(Closure))
#4 C:/Users/hp/practica1-api2/vendor/laravel/framework/src/Illuminate/Database/Query/Processors/MySqlProcessor.php(35): Illuminate/Database/MySqlConnection->insert('insert into `pe...', Array, 'id')
#5 C:/Users/hp/practica1-api2/vendor/laravel/framework/src/Illuminate/Database/Query/Builder.php(4170): Illuminate/Database/Query/Processors/MySqlProcessor->processInsertGetId(Object(Illuminate/Database/Query/Builder), 'insert into `pe...', Array, 'id')
#6 C:/Users/hp/practica1-api2/vendor/laravel/framework/src/Illuminate/Database/Eloquent/Builder.php(2237): Illuminate/Database/Query/Builder->insertGetId(Array, 'id')
#7 C:/Users/hp/practica1-api2/vendor/laravel/framework/src/Illuminate/Database/Eloquent/Model.php(1436): Illuminate/Database/Eloquent/Builder->__call('insertGetId', Array)
#8 C:/Users/hp/practica1-api2/vendor/laravel/framework/src/Illuminate/Database/Eloquent/Model.php(1401): Illuminate/Database/Eloquent/Model->insertAndSetId(Object(Illuminate/Database/Eloquent/Builder), Array)
#9 C:/Users/hp/practica1-api2/vendor/laravel/framework/src/Illuminate/Database/Eloquent/Model.php(1240): Illuminate/Database/Eloquent/Model->performInsert(Object(Illuminate/Database/Eloquent/Builder))
#10 C:/Users/hp/practica1-api2/vendor/laravel/framework/src/Illuminate/Database/Eloquent/Builder.php(1219): Illuminate/Database/Eloquent/Model->save()
#11 C:/Users/hp/practica1-api2/vendor/laravel/framework/src/Illuminate/Support/helpers.php(393): Illuminate/Database/Eloquent/Builder->Illuminate/Database/Eloquent/{closure}(Object(App/Models/Pedido))
#12 C:/Users/hp/practica1-api2/vendor/laravel/framework/src/Illuminate/Database/Eloquent/Builder.php(1218): tap(Object(App/Models/Pedido), Object(Closure))
#13 C:/Users/hp/practica1-api2/vendor/laravel/framework/src/Illuminate/Support/Traits/ForwardsCalls.php(23): Illuminate/Database/Eloquent/Builder->create(Array)
#14 C:/Users/hp/practica1-api2/vendor/laravel/framework/src/Illuminate/Database/Eloquent/Model.php(2544): Illuminate/Database/Eloquent/Model->forwardCallTo(Object(Illuminate/Database/Eloquent/Builder), 'create', Array)
#15 C:/Users/hp/practica1-api2/vendor/laravel/framework/src/Illuminate/Database/Eloquent/Model.php(2560): Illuminate/Database/Eloquent/Model->__call('create', Array)
#16 C:/Users/hp/practica1-api2/app/Http/Controllers/PedidoController.php(26): Illuminate/Database/Eloquent/Model::__callStatic('create', Array)
#17 C:/Users/hp/practica1-api2/vendor/laravel/framework/src/Illuminate/Database/Concerns/ManagesTransactions.php(35): App/Http/Controllers/PedidoController->App/Http/Controllers/{closure}(Object(Illuminate/Database/MySqlConnection))
#18 C:/Users/hp/practica1-api2/vendor/laravel/framework/src/Illuminate/Database/DatabaseManager.php(491): Illuminate/Database/Connection->transaction(Object(Closure))
#19 C:/Users/hp/practica1-api2/vendor/laravel/framework/src/Illuminate/Support/Facades/Facade.php(363): Illuminate/Database/DatabaseManager->__call('transaction', Array)
#20 C:/Users/hp/practica1-api2/app/Http/Controllers/PedidoController.php(20): Illuminate/Support/Facades/Facade::__callStatic('transaction', Array)
#21 C:/Users/hp/practica1-api2/vendor/laravel/framework/src/Illuminate/Routing/ControllerDispatcher.php(46): App/Http/Controllers/PedidoController->__invoke(Object(Illuminate/Http/Request))
#22 C:/Users/hp/practica1-api2/vendor/laravel/framework/src/Illuminate/Routing/Route.php(265): Illuminate/Routing/ControllerDispatcher->dispatch(Object(Illuminate/Routing/Route), Object(App/Http/Controllers/PedidoController), '__invoke')
#23 C:/Users/hp/practica1-api2/vendor/laravel/framework/src/Illuminate/Routing/Route.php(211): Illuminate/Routing/Route->runController()
#24 C:/Users/hp/practica1-api2/vendor/laravel/framework/src/Illuminate/Routing/Router.php(822): Illuminate/Routing/Route->run()
#25 C:/Users/hp/practica1-api2/vendor/laravel/framework/src/Illuminate/Pipeline/Pipeline.php(180): Illuminate/Routing/Router->Illuminate/Routing/{closure}(Object(Illuminate/Http/Request))
#26 C:/Users/hp/practica1-api2/vendor/laravel/framework/src/Illuminate/Routing/Middleware/SubstituteBindings.php(50): Illuminate/Pipeline/Pipeline->Illuminate/Pipeline/{closure}(Object(Illuminate/Http/Request))
#27 C:/Users/hp/practica1-api2/vendor/laravel/framework/src/Illuminate/Pipeline/Pipeline.php(219): Illuminate/Routing/Middleware/SubstituteBindings->handle(Object(Illuminate/Http/Request), Object(Closure))
#28 C:/Users/hp/practica1-api2/vendor/laravel/framework/src/Illuminate/Auth/Middleware/Authenticate.php(63): Illuminate/Pipeline/Pipeline->Illuminate/Pipeline/{closure}(Object(Illuminate/Http/Request))
#29 C:/Users/hp/practica1-api2/vendor/laravel/framework/src/Illuminate/Pipeline/Pipeline.php(219): Illuminate/Auth/Middleware/Authenticate->handle(Object(Illuminate/Http/Request), Object(Closure), 'sanctum')
#30 C:/Users/hp/practica1-api2/vendor/laravel/framework/src/Illuminate/Pipeline/Pipeline.php(137): Illuminate/Pipeline/Pipeline->Illuminate/Pipeline/{closure}(Object(Illuminate/Http/Request))
#31 C:/Users/hp/practica1-api2/vendor/laravel/framework/src/Illuminate/Routing/Router.php(821): Illuminate/Pipeline/Pipeline->then(Object(Closure))
#32 C:/Users/hp/practica1-api2/vendor/laravel/framework/src/Illuminate/Routing/Router.php(800): Illuminate/Routing/Router->runRouteWithinStack(Object(Illuminate/Routing/Route), Object(Illuminate/Http/Request))
#33 C:/Users/hp/practica1-api2/vendor/laravel/framework/src/Illuminate/Routing/Router.php(764): Illuminate/Routing/Router->runRoute(Object(Illuminate/Http/Request), Object(Illuminate/Routing/Route))
#34 C:/Users/hp/practica1-api2/vendor/laravel/framework/src/Illuminate/Routing/Router.php(753): Illuminate/Routing/Router->dispatchToRoute(Object(Illuminate/Http/Request))
#35 C:/Users/hp/practica1-api2/vendor/laravel/framework/src/Illuminate/Foundation/Http/Kernel.php(200): Illuminate/Routing/Router->dispatch(Object(Illuminate/Http/Request))
#36 C:/Users/hp/practica1-api2/vendor/laravel/framework/src/Illuminate/Pipeline/Pipeline.php(180): Illuminate/Foundation/Http/Kernel->Illuminate/Foundation/Http/{closure}(Object(Illuminate/Http/Request))
#37 C:/Users/hp/practica1-api2/vendor/laravel/framework/src/Illuminate/Foundation/Http/Middleware/TransformsRequest.php(21): Illuminate/Pipeline/Pipeline->Illuminate/Pipeline/{closure}(Object(Illuminate/Http/Request))
#38 C:/Users/hp/practica1-api2/vendor/laravel/framework/src/Illuminate/Foundation/Http/Middleware/ConvertEmptyStringsToNull.php(31): Illuminate/Foundation/Http/Middleware/TransformsRequest->handle(Object(Illuminate/Http/Request), Object(Closure))
#39 C:/Users/hp/practica1-api2/vendor/laravel/framework/src/Illuminate/Pipeline/Pipeline.php(219): Illuminate/Foundation/Http/Middleware/ConvertEmptyStringsToNull->handle(Object(Illuminate/Http/Request), Object(Closure))
#40 C:/Users/hp/practica1-api2/vendor/laravel/framework/src/Illuminate/Foundation/Http/Middleware/TransformsRequest.php(21): Illuminate/Pipeline/Pipeline->Illuminate/Pipeline/{closure}(Object(Illuminate/Http/Request))
#41 C:/Users/hp/practica1-api2/vendor/laravel/framework/src/Illuminate/Foundation/Http/Middleware/TrimStrings.php(51): Illuminate/Foundation/Http/Middleware/TransformsRequest->handle(Object(Illuminate/Http/Request), Object(Closure))
#42 C:/Users/hp/practica1-api2/vendor/laravel/framework/src/Illuminate/Pipeline/Pipeline.php(219): Illuminate/Foundation/Http/Middleware/TrimStrings->handle(Object(Illuminate/Http/Request), Object(Closure))
#43 C:/Users/hp/practica1-api2/vendor/laravel/framework/src/Illuminate/Http/Middleware/ValidatePostSize.php(27): Illuminate/Pipeline/Pipeline->Illuminate/Pipeline/{closure}(Object(Illuminate/Http/Request))
#44 C:/Users/hp/practica1-api2/vendor/laravel/framework/src/Illuminate/Pipeline/Pipeline.php(219): Illuminate/Http/Middleware/ValidatePostSize->handle(Object(Illuminate/Http/Request), Object(Closure))
#45 C:/Users/hp/practica1-api2/vendor/laravel/framework/src/Illuminate/Foundation/Http/Middleware/PreventRequestsDuringMaintenance.php(109): Illuminate/Pipeline/Pipeline->Illuminate/Pipeline/{closure}(Object(Illuminate/Http/Request))
#46 C:/Users/hp/practica1-api2/vendor/laravel/framework/src/Illuminate/Pipeline/Pipeline.php(219): Illuminate/Foundation/Http/Middleware/PreventRequestsDuringMaintenance->handle(Object(Illuminate/Http/Request), Object(Closure))
#47 C:/Users/hp/practica1-api2/vendor/laravel/framework/src/Illuminate/Http/Middleware/HandleCors.php(74): Illuminate/Pipeline/Pipeline->Illuminate/Pipeline/{closure}(Object(Illuminate/Http/Request))
#48 C:/Users/hp/practica1-api2/vendor/laravel/framework/src/Illuminate/Pipeline/Pipeline.php(219): Illuminate/Http/Middleware/HandleCors->handle(Object(Illuminate/Http/Request), Object(Closure))
#49 C:/Users/hp/practica1-api2/vendor/laravel/framework/src/Illuminate/Http/Middleware/TrustProxies.php(58): Illuminate/Pipeline/Pipeline->Illuminate/Pipeline/{closure}(Object(Illuminate/Http/Request))
#50 C:/Users/hp/practica1-api2/vendor/laravel/framework/src/Illuminate/Pipeline/Pipeline.php(219): Illuminate/Http/Middleware/TrustProxies->handle(Object(Illuminate/Http/Request), Object(Closure))
#51 C:/Users/hp/practica1-api2/vendor/laravel/framework/src/Illuminate/Foundation/Http/Middleware/InvokeDeferredCallbacks.php(22): Illuminate/Pipeline/Pipeline->Illuminate/Pipeline/{closure}(Object(Illuminate/Http/Request))
#52 C:/Users/hp/practica1-api2/vendor/laravel/framework/src/Illuminate/Pipeline/Pipeline.php(219): Illuminate/Foundation/Http/Middleware/InvokeDeferredCallbacks->handle(Object(Illuminate/Http/Request), Object(Closure))
#53 C:/Users/hp/practica1-api2/vendor/laravel/framework/src/Illuminate/Http/Middleware/ValidatePathEncoding.php(26): Illuminate/Pipeline/Pipeline->Illuminate/Pipeline/{closure}(Object(Illuminate/Http/Request))
#54 C:/Users/hp/practica1-api2/vendor/laravel/framework/src/Illuminate/Pipeline/Pipeline.php(219): Illuminate/Http/Middleware/ValidatePathEncoding->handle(Object(Illuminate/Http/Request), Object(Closure))
#55 C:/Users/hp/practica1-api2/vendor/laravel/framework/src/Illuminate/Pipeline/Pipeline.php(137): Illuminate/Pipeline/Pipeline->Illuminate/Pipeline/{closure}(Object(Illuminate/Http/Request))
#56 C:/Users/hp/practica1-api2/vendor/laravel/framework/src/Illuminate/Foundation/Http/Kernel.php(175): Illuminate/Pipeline/Pipeline->then(Object(Closure))
#57 C:/Users/hp/practica1-api2/vendor/laravel/framework/src/Illuminate/Foundation/Http/Kernel.php(144): Illuminate/Foundation/Http/Kernel->sendRequestThroughRouter(Object(Illuminate/Http/Request))
#58 C:/Users/hp/practica1-api2/vendor/laravel/framework/src/Illuminate/Foundation/Application.php(1220): Illuminate/Foundation/Http/Kernel->handle(Object(Illuminate/Http/Request))
#59 C:/Users/hp/practica1-api2/public/index.php(20): Illuminate/Foundation/Application->handleRequest(Object(Illuminate/Http/Request))
#60 C:/Users/hp/practica1-api2/vendor/laravel/framework/src/Illuminate/Foundation/resources/server.php(23): require_once('C://Users//hp//pra...')
#61 {main}
"} 
[2026-06-14 06:23:42] local.ERROR: SQLSTATE[42S01]: Base table or view already exists: 1050 Table 'pedidos' already exists (Connection: mysql, Host: 127.0.0.1, Port: 3306, Database: practica, SQL: create table `pedidos` (`id` bigint unsigned not null auto_increment primary key, `user_id` bigint unsigned not null, `total` decimal(10, 2) not null, `estado` enum('pendiente', 'procesando', 'completado', 'cancelado') not null default 'pendiente', `email_enviado_at` varchar(255) null, `created_at` timestamp null, `updated_at` timestamp null) default character set utf8mb4 collate 'utf8mb4_unicode_ci') {"exception":"[object] (Illuminate\\Database\\QueryException(code: 42S01): SQLSTATE[42S01]: Base table or view already exists: 1050 Table 'pedidos' already exists (Connection: mysql, Host: 127.0.0.1, Port: 3306, Database: practica, SQL: create table `pedidos` (`id` bigint unsigned not null auto_increment primary key, `user_id` bigint unsigned not null, `total` decimal(10, 2) not null, `estado` enum('pendiente', 'procesando', 'completado', 'cancelado') not null default 'pendiente', `email_enviado_at` varchar(255) null, `created_at` timestamp null, `updated_at` timestamp null) default character set utf8mb4 collate 'utf8mb4_unicode_ci') at C:/Users/hp/practica1-api2/vendor/laravel/framework/src/Illuminate/Database/Connection.php:838)
[stacktrace]
#0 C:/Users/hp/practica1-api2/vendor/laravel/framework/src/Illuminate/Database/Connection.php(794): Illuminate/Database/Connection->runQueryCallback('create table `p...', Array, Object(Closure))
#1 C:/Users/hp/practica1-api2/vendor/laravel/framework/src/Illuminate/Database/Connection.php(573): Illuminate/Database/Connection->run('create table `p...', Array, Object(Closure))
#2 C:/Users/hp/practica1-api2/vendor/laravel/framework/src/Illuminate/Database/Schema/Blueprint.php(121): Illuminate/Database/Connection->statement('create table `p...')
#3 C:/Users/hp/practica1-api2/vendor/laravel/framework/src/Illuminate/Database/Schema/Builder.php(686): Illuminate/Database/Schema/Blueprint->build()
#4 C:/Users/hp/practica1-api2/vendor/laravel/framework/src/Illuminate/Database/Schema/Builder.php(506): Illuminate/Database/Schema/Builder->build(Object(Illuminate/Database/Schema/Blueprint))
#5 C:/Users/hp/practica1-api2/vendor/laravel/framework/src/Illuminate/Support/Facades/Facade.php(363): Illuminate/Database/Schema/Builder->create('pedidos', Object(Closure))
#6 C:/Users/hp/practica1-api2/database/migrations/2026_06_14_045037_create_pedidos_table.php(14): Illuminate/Support/Facades/Facade::__callStatic('create', Array)
#7 C:/Users/hp/practica1-api2/vendor/laravel/framework/src/Illuminate/Database/Migrations/Migrator.php(517): Illuminate/Database/Migrations/Migration@anonymous->up()
#8 C:/Users/hp/practica1-api2/vendor/laravel/framework/src/Illuminate/Database/Migrations/Migrator.php(442): Illuminate/Database/Migrations/Migrator->runMethod(Object(Illuminate/Database/MySqlConnection), Object(Illuminate/Database/Migrations/Migration@anonymous), 'up')
#9 C:/Users/hp/practica1-api2/vendor/laravel/framework/src/Illuminate/Database/Migrations/Migrator.php(451): Illuminate/Database/Migrations/Migrator->Illuminate/Database/Migrations/{closure}()
#10 C:/Users/hp/practica1-api2/vendor/laravel/framework/src/Illuminate/Database/Migrations/Migrator.php(253): Illuminate/Database/Migrations/Migrator->runMigration(Object(Illuminate/Database/Migrations/Migration@anonymous), 'up')
#11 C:/Users/hp/practica1-api2/vendor/laravel/framework/src/Illuminate/Console/View/Components/Task.php(41): Illuminate/Database/Migrations/Migrator->Illuminate/Database/Migrations/{closure}()
#12 C:/Users/hp/practica1-api2/vendor/laravel/framework/src/Illuminate/Database/Migrations/Migrator.php(814): Illuminate/Console/View/Components/Task->render('2026_06_14_0450...', Object(Closure))
#13 C:/Users/hp/practica1-api2/vendor/laravel/framework/src/Illuminate/Database/Migrations/Migrator.php(253): Illuminate/Database/Migrations/Migrator->write('Illuminate//Cons...', '2026_06_14_0450...', Object(Closure))
#14 C:/Users/hp/practica1-api2/vendor/laravel/framework/src/Illuminate/Database/Migrations/Migrator.php(211): Illuminate/Database/Migrations/Migrator->runUp('C://Users//hp//pra...', 2, false)
#15 C:/Users/hp/practica1-api2/vendor/laravel/framework/src/Illuminate/Database/Migrations/Migrator.php(138): Illuminate/Database/Migrations/Migrator->runPending(Array, Array)
#16 C:/Users/hp/practica1-api2/vendor/laravel/framework/src/Illuminate/Database/Console/Migrations/MigrateCommand.php(116): Illuminate/Database/Migrations/Migrator->run(Array, Array)
#17 C:/Users/hp/practica1-api2/vendor/laravel/framework/src/Illuminate/Database/Migrations/Migrator.php(671): Illuminate/Database/Console/Migrations/MigrateCommand->Illuminate/Database/Console/Migrations/{closure}()
#18 C:/Users/hp/practica1-api2/vendor/laravel/framework/src/Illuminate/Database/Console/Migrations/MigrateCommand.php(109): Illuminate/Database/Migrations/Migrator->usingConnection(NULL, Object(Closure))
#19 C:/Users/hp/practica1-api2/vendor/laravel/framework/src/Illuminate/Database/Console/Migrations/MigrateCommand.php(88): Illuminate/Database/Console/Migrations/MigrateCommand->runMigrations()
#20 C:/Users/hp/practica1-api2/vendor/laravel/framework/src/Illuminate/Container/BoundMethod.php(36): Illuminate/Database/Console/Migrations/MigrateCommand->handle()
#21 C:/Users/hp/practica1-api2/vendor/laravel/framework/src/Illuminate/Container/Util.php(43): Illuminate/Container/BoundMethod::Illuminate/Container/{closure}()
#22 C:/Users/hp/practica1-api2/vendor/laravel/framework/src/Illuminate/Container/BoundMethod.php(96): Illuminate/Container/Util::unwrapIfClosure(Object(Closure))
#23 C:/Users/hp/practica1-api2/vendor/laravel/framework/src/Illuminate/Container/BoundMethod.php(35): Illuminate/Container/BoundMethod::callBoundMethod(Object(Illuminate/Foundation/Application), Array, Object(Closure))
#24 C:/Users/hp/practica1-api2/vendor/laravel/framework/src/Illuminate/Container/Container.php(799): Illuminate/Container/BoundMethod::call(Object(Illuminate/Foundation/Application), Array, Array, NULL)
#25 C:/Users/hp/practica1-api2/vendor/laravel/framework/src/Illuminate/Console/Command.php(211): Illuminate/Container/Container->call(Array)
#26 C:/Users/hp/practica1-api2/vendor/symfony/console/Command/Command.php(341): Illuminate/Console/Command->execute(Object(Symfony/Component/Console/Input/ArgvInput), Object(Illuminate/Console/OutputStyle))
#27 C:/Users/hp/practica1-api2/vendor/laravel/framework/src/Illuminate/Console/Command.php(180): Symfony/Component/Console/Command/Command->run(Object(Symfony/Component/Console/Input/ArgvInput), Object(Illuminate/Console/OutputStyle))
#28 C:/Users/hp/practica1-api2/vendor/symfony/console/Application.php(1117): Illuminate/Console/Command->run(Object(Symfony/Component/Console/Input/ArgvInput), Object(Symfony/Component/Console/Output/ConsoleOutput))
#29 C:/Users/hp/practica1-api2/vendor/symfony/console/Application.php(356): Symfony/Component/Console/Application->doRunCommand(Object(Illuminate/Database/Console/Migrations/MigrateCommand), Object(Symfony/Component/Console/Input/ArgvInput), Object(Symfony/Component/Console/Output/ConsoleOutput))
#30 C:/Users/hp/practica1-api2/vendor/symfony/console/Application.php(195): Symfony/Component/Console/Application->doRun(Object(Symfony/Component/Console/Input/ArgvInput), Object(Symfony/Component/Console/Output/ConsoleOutput))
#31 C:/Users/hp/practica1-api2/vendor/laravel/framework/src/Illuminate/Foundation/Console/Kernel.php(198): Symfony/Component/Console/Application->run(Object(Symfony/Component/Console/Input/ArgvInput), Object(Symfony/Component/Console/Output/ConsoleOutput))
#32 C:/Users/hp/practica1-api2/vendor/laravel/framework/src/Illuminate/Foundation/Application.php(1235): Illuminate/Foundation/Console/Kernel->handle(Object(Symfony/Component/Console/Input/ArgvInput), Object(Symfony/Component/Console/Output/ConsoleOutput))
#33 C:/Users/hp/practica1-api2/artisan(16): Illuminate/Foundation/Application->handleCommand(Object(Symfony/Component/Console/Input/ArgvInput))
#34 {main}

[previous exception] [object] (PDOException(code: 42S01): SQLSTATE[42S01]: Base table or view already exists: 1050 Table 'pedidos' already exists at C:/Users/hp/practica1-api2/vendor/laravel/framework/src/Illuminate/Database/Connection.php:584)
[stacktrace]
#0 C:/Users/hp/practica1-api2/vendor/laravel/framework/src/Illuminate/Database/Connection.php(584): PDOStatement->execute()
#1 C:/Users/hp/practica1-api2/vendor/laravel/framework/src/Illuminate/Database/Connection.php(827): Illuminate/Database/Connection->Illuminate/Database/{closure}('create table `p...', Array)
#2 C:/Users/hp/practica1-api2/vendor/laravel/framework/src/Illuminate/Database/Connection.php(794): Illuminate/Database/Connection->runQueryCallback('create table `p...', Array, Object(Closure))
#3 C:/Users/hp/practica1-api2/vendor/laravel/framework/src/Illuminate/Database/Connection.php(573): Illuminate/Database/Connection->run('create table `p...', Array, Object(Closure))
#4 C:/Users/hp/practica1-api2/vendor/laravel/framework/src/Illuminate/Database/Schema/Blueprint.php(121): Illuminate/Database/Connection->statement('create table `p...')
#5 C:/Users/hp/practica1-api2/vendor/laravel/framework/src/Illuminate/Database/Schema/Builder.php(686): Illuminate/Database/Schema/Blueprint->build()
#6 C:/Users/hp/practica1-api2/vendor/laravel/framework/src/Illuminate/Database/Schema/Builder.php(506): Illuminate/Database/Schema/Builder->build(Object(Illuminate/Database/Schema/Blueprint))
#7 C:/Users/hp/practica1-api2/vendor/laravel/framework/src/Illuminate/Support/Facades/Facade.php(363): Illuminate/Database/Schema/Builder->create('pedidos', Object(Closure))
#8 C:/Users/hp/practica1-api2/database/migrations/2026_06_14_045037_create_pedidos_table.php(14): Illuminate/Support/Facades/Facade::__callStatic('create', Array)
#9 C:/Users/hp/practica1-api2/vendor/laravel/framework/src/Illuminate/Database/Migrations/Migrator.php(517): Illuminate/Database/Migrations/Migration@anonymous->up()
#10 C:/Users/hp/practica1-api2/vendor/laravel/framework/src/Illuminate/Database/Migrations/Migrator.php(442): Illuminate/Database/Migrations/Migrator->runMethod(Object(Illuminate/Database/MySqlConnection), Object(Illuminate/Database/Migrations/Migration@anonymous), 'up')
#11 C:/Users/hp/practica1-api2/vendor/laravel/framework/src/Illuminate/Database/Migrations/Migrator.php(451): Illuminate/Database/Migrations/Migrator->Illuminate/Database/Migrations/{closure}()
#12 C:/Users/hp/practica1-api2/vendor/laravel/framework/src/Illuminate/Database/Migrations/Migrator.php(253): Illuminate/Database/Migrations/Migrator->runMigration(Object(Illuminate/Database/Migrations/Migration@anonymous), 'up')
#13 C:/Users/hp/practica1-api2/vendor/laravel/framework/src/Illuminate/Console/View/Components/Task.php(41): Illuminate/Database/Migrations/Migrator->Illuminate/Database/Migrations/{closure}()
#14 C:/Users/hp/practica1-api2/vendor/laravel/framework/src/Illuminate/Database/Migrations/Migrator.php(814): Illuminate/Console/View/Components/Task->render('2026_06_14_0450...', Object(Closure))
#15 C:/Users/hp/practica1-api2/vendor/laravel/framework/src/Illuminate/Database/Migrations/Migrator.php(253): Illuminate/Database/Migrations/Migrator->write('Illuminate//Cons...', '2026_06_14_0450...', Object(Closure))
#16 C:/Users/hp/practica1-api2/vendor/laravel/framework/src/Illuminate/Database/Migrations/Migrator.php(211): Illuminate/Database/Migrations/Migrator->runUp('C://Users//hp//pra...', 2, false)
#17 C:/Users/hp/practica1-api2/vendor/laravel/framework/src/Illuminate/Database/Migrations/Migrator.php(138): Illuminate/Database/Migrations/Migrator->runPending(Array, Array)
#18 C:/Users/hp/practica1-api2/vendor/laravel/framework/src/Illuminate/Database/Console/Migrations/MigrateCommand.php(116): Illuminate/Database/Migrations/Migrator->run(Array, Array)
#19 C:/Users/hp/practica1-api2/vendor/laravel/framework/src/Illuminate/Database/Migrations/Migrator.php(671): Illuminate/Database/Console/Migrations/MigrateCommand->Illuminate/Database/Console/Migrations/{closure}()
#20 C:/Users/hp/practica1-api2/vendor/laravel/framework/src/Illuminate/Database/Console/Migrations/MigrateCommand.php(109): Illuminate/Database/Migrations/Migrator->usingConnection(NULL, Object(Closure))
#21 C:/Users/hp/practica1-api2/vendor/laravel/framework/src/Illuminate/Database/Console/Migrations/MigrateCommand.php(88): Illuminate/Database/Console/Migrations/MigrateCommand->runMigrations()
#22 C:/Users/hp/practica1-api2/vendor/laravel/framework/src/Illuminate/Container/BoundMethod.php(36): Illuminate/Database/Console/Migrations/MigrateCommand->handle()
#23 C:/Users/hp/practica1-api2/vendor/laravel/framework/src/Illuminate/Container/Util.php(43): Illuminate/Container/BoundMethod::Illuminate/Container/{closure}()
#24 C:/Users/hp/practica1-api2/vendor/laravel/framework/src/Illuminate/Container/BoundMethod.php(96): Illuminate/Container/Util::unwrapIfClosure(Object(Closure))
#25 C:/Users/hp/practica1-api2/vendor/laravel/framework/src/Illuminate/Container/BoundMethod.php(35): Illuminate/Container/BoundMethod::callBoundMethod(Object(Illuminate/Foundation/Application), Array, Object(Closure))
#26 C:/Users/hp/practica1-api2/vendor/laravel/framework/src/Illuminate/Container/Container.php(799): Illuminate/Container/BoundMethod::call(Object(Illuminate/Foundation/Application), Array, Array, NULL)
#27 C:/Users/hp/practica1-api2/vendor/laravel/framework/src/Illuminate/Console/Command.php(211): Illuminate/Container/Container->call(Array)
#28 C:/Users/hp/practica1-api2/vendor/symfony/console/Command/Command.php(341): Illuminate/Console/Command->execute(Object(Symfony/Component/Console/Input/ArgvInput), Object(Illuminate/Console/OutputStyle))
#29 C:/Users/hp/practica1-api2/vendor/laravel/framework/src/Illuminate/Console/Command.php(180): Symfony/Component/Console/Command/Command->run(Object(Symfony/Component/Console/Input/ArgvInput), Object(Illuminate/Console/OutputStyle))
#30 C:/Users/hp/practica1-api2/vendor/symfony/console/Application.php(1117): Illuminate/Console/Command->run(Object(Symfony/Component/Console/Input/ArgvInput), Object(Symfony/Component/Console/Output/ConsoleOutput))
#31 C:/Users/hp/practica1-api2/vendor/symfony/console/Application.php(356): Symfony/Component/Console/Application->doRunCommand(Object(Illuminate/Database/Console/Migrations/MigrateCommand), Object(Symfony/Component/Console/Input/ArgvInput), Object(Symfony/Component/Console/Output/ConsoleOutput))
#32 C:/Users/hp/practica1-api2/vendor/symfony/console/Application.php(195): Symfony/Component/Console/Application->doRun(Object(Symfony/Component/Console/Input/ArgvInput), Object(Symfony/Component/Console/Output/ConsoleOutput))
#33 C:/Users/hp/practica1-api2/vendor/laravel/framework/src/Illuminate/Foundation/Console/Kernel.php(198): Symfony/Component/Console/Application->run(Object(Symfony/Component/Console/Input/ArgvInput), Object(Symfony/Component/Console/Output/ConsoleOutput))
#34 C:/Users/hp/practica1-api2/vendor/laravel/framework/src/Illuminate/Foundation/Application.php(1235): Illuminate/Foundation/Console/Kernel->handle(Object(Symfony/Component/Console/Input/ArgvInput), Object(Symfony/Component/Console/Output/ConsoleOutput))
#35 C:/Users/hp/practica1-api2/artisan(16): Illuminate/Foundation/Application->handleCommand(Object(Symfony/Component/Console/Input/ArgvInput))
#36 {main}
"} 
[2026-06-14 06:24:46] local.ERROR: SQLSTATE[HY000]: General error: 1005 Can't create table `practica`.`detalle_pedidos` (errno: 150 "Foreign key constraint is incorrectly formed") (Connection: mysql, Host: 127.0.0.1, Port: 3306, Database: practica, SQL: alter table `detalle_pedidos` add constraint `detalle_pedidos_pedido_id_foreign` foreign key (`pedido_id`) references `pedidos` (`id`) on delete cascade) {"exception":"[object] (Illuminate\\Database\\QueryException(code: HY000): SQLSTATE[HY000]: General error: 1005 Can't create table `practica`.`detalle_pedidos` (errno: 150 \"Foreign key constraint is incorrectly formed\") (Connection: mysql, Host: 127.0.0.1, Port: 3306, Database: practica, SQL: alter table `detalle_pedidos` add constraint `detalle_pedidos_pedido_id_foreign` foreign key (`pedido_id`) references `pedidos` (`id`) on delete cascade) at C:/Users/hp/practica1-api2/vendor/laravel/framework/src/Illuminate/Database/Connection.php:838)
[stacktrace]
#0 C:/Users/hp/practica1-api2/vendor/laravel/framework/src/Illuminate/Database/Connection.php(794): Illuminate/Database/Connection->runQueryCallback('alter table `de...', Array, Object(Closure))
#1 C:/Users/hp/practica1-api2/vendor/laravel/framework/src/Illuminate/Database/Connection.php(573): Illuminate/Database/Connection->run('alter table `de...', Array, Object(Closure))
#2 C:/Users/hp/practica1-api2/vendor/laravel/framework/src/Illuminate/Database/Schema/Blueprint.php(121): Illuminate/Database/Connection->statement('alter table `de...')
#3 C:/Users/hp/practica1-api2/vendor/laravel/framework/src/Illuminate/Database/Schema/Builder.php(686): Illuminate/Database/Schema/Blueprint->build()
#4 C:/Users/hp/practica1-api2/vendor/laravel/framework/src/Illuminate/Database/Schema/Builder.php(506): Illuminate/Database/Schema/Builder->build(Object(Illuminate/Database/Schema/Blueprint))
#5 C:/Users/hp/practica1-api2/vendor/laravel/framework/src/Illuminate/Support/Facades/Facade.php(363): Illuminate/Database/Schema/Builder->create('detalle_pedidos', Object(Closure))
#6 C:/Users/hp/practica1-api2/database/migrations/2026_06_12_021404_create_detalle_pedidos_table.php(14): Illuminate/Support/Facades/Facade::__callStatic('create', Array)
#7 C:/Users/hp/practica1-api2/vendor/laravel/framework/src/Illuminate/Database/Migrations/Migrator.php(517): Illuminate/Database/Migrations/Migration@anonymous->up()
#8 C:/Users/hp/practica1-api2/vendor/laravel/framework/src/Illuminate/Database/Migrations/Migrator.php(442): Illuminate/Database/Migrations/Migrator->runMethod(Object(Illuminate/Database/MySqlConnection), Object(Illuminate/Database/Migrations/Migration@anonymous), 'up')
#9 C:/Users/hp/practica1-api2/vendor/laravel/framework/src/Illuminate/Database/Migrations/Migrator.php(451): Illuminate/Database/Migrations/Migrator->Illuminate/Database/Migrations/{closure}()
#10 C:/Users/hp/practica1-api2/vendor/laravel/framework/src/Illuminate/Database/Migrations/Migrator.php(253): Illuminate/Database/Migrations/Migrator->runMigration(Object(Illuminate/Database/Migrations/Migration@anonymous), 'up')
#11 C:/Users/hp/practica1-api2/vendor/laravel/framework/src/Illuminate/Console/View/Components/Task.php(41): Illuminate/Database/Migrations/Migrator->Illuminate/Database/Migrations/{closure}()
#12 C:/Users/hp/practica1-api2/vendor/laravel/framework/src/Illuminate/Database/Migrations/Migrator.php(814): Illuminate/Console/View/Components/Task->render('2026_06_12_0214...', Object(Closure))
#13 C:/Users/hp/practica1-api2/vendor/laravel/framework/src/Illuminate/Database/Migrations/Migrator.php(253): Illuminate/Database/Migrations/Migrator->write('Illuminate//Cons...', '2026_06_12_0214...', Object(Closure))
#14 C:/Users/hp/practica1-api2/vendor/laravel/framework/src/Illuminate/Database/Migrations/Migrator.php(211): Illuminate/Database/Migrations/Migrator->runUp('C://Users//hp//pra...', 1, false)
#15 C:/Users/hp/practica1-api2/vendor/laravel/framework/src/Illuminate/Database/Migrations/Migrator.php(138): Illuminate/Database/Migrations/Migrator->runPending(Array, Array)
#16 C:/Users/hp/practica1-api2/vendor/laravel/framework/src/Illuminate/Database/Console/Migrations/MigrateCommand.php(116): Illuminate/Database/Migrations/Migrator->run(Array, Array)
#17 C:/Users/hp/practica1-api2/vendor/laravel/framework/src/Illuminate/Database/Migrations/Migrator.php(671): Illuminate/Database/Console/Migrations/MigrateCommand->Illuminate/Database/Console/Migrations/{closure}()
#18 C:/Users/hp/practica1-api2/vendor/laravel/framework/src/Illuminate/Database/Console/Migrations/MigrateCommand.php(109): Illuminate/Database/Migrations/Migrator->usingConnection(NULL, Object(Closure))
#19 C:/Users/hp/practica1-api2/vendor/laravel/framework/src/Illuminate/Database/Console/Migrations/MigrateCommand.php(88): Illuminate/Database/Console/Migrations/MigrateCommand->runMigrations()
#20 C:/Users/hp/practica1-api2/vendor/laravel/framework/src/Illuminate/Container/BoundMethod.php(36): Illuminate/Database/Console/Migrations/MigrateCommand->handle()
#21 C:/Users/hp/practica1-api2/vendor/laravel/framework/src/Illuminate/Container/Util.php(43): Illuminate/Container/BoundMethod::Illuminate/Container/{closure}()
#22 C:/Users/hp/practica1-api2/vendor/laravel/framework/src/Illuminate/Container/BoundMethod.php(96): Illuminate/Container/Util::unwrapIfClosure(Object(Closure))
#23 C:/Users/hp/practica1-api2/vendor/laravel/framework/src/Illuminate/Container/BoundMethod.php(35): Illuminate/Container/BoundMethod::callBoundMethod(Object(Illuminate/Foundation/Application), Array, Object(Closure))
#24 C:/Users/hp/practica1-api2/vendor/laravel/framework/src/Illuminate/Container/Container.php(799): Illuminate/Container/BoundMethod::call(Object(Illuminate/Foundation/Application), Array, Array, NULL)
#25 C:/Users/hp/practica1-api2/vendor/laravel/framework/src/Illuminate/Console/Command.php(211): Illuminate/Container/Container->call(Array)
#26 C:/Users/hp/practica1-api2/vendor/symfony/console/Command/Command.php(341): Illuminate/Console/Command->execute(Object(Symfony/Component/Console/Input/ArrayInput), Object(Illuminate/Console/OutputStyle))
#27 C:/Users/hp/practica1-api2/vendor/laravel/framework/src/Illuminate/Console/Command.php(180): Symfony/Component/Console/Command/Command->run(Object(Symfony/Component/Console/Input/ArrayInput), Object(Illuminate/Console/OutputStyle))
#28 C:/Users/hp/practica1-api2/vendor/laravel/framework/src/Illuminate/Console/Concerns/CallsCommands.php(68): Illuminate/Console/Command->run(Object(Symfony/Component/Console/Input/ArrayInput), Object(Illuminate/Console/OutputStyle))
#29 C:/Users/hp/practica1-api2/vendor/laravel/framework/src/Illuminate/Console/Concerns/CallsCommands.php(29): Illuminate/Console/Command->runCommand('migrate', Array, Object(Illuminate/Console/OutputStyle))
#30 C:/Users/hp/practica1-api2/vendor/laravel/framework/src/Illuminate/Database/Console/Migrations/FreshCommand.php(88): Illuminate/Console/Command->call('migrate', Array)
#31 C:/Users/hp/practica1-api2/vendor/laravel/framework/src/Illuminate/Container/BoundMethod.php(36): Illuminate/Database/Console/Migrations/FreshCommand->handle()
#32 C:/Users/hp/practica1-api2/vendor/laravel/framework/src/Illuminate/Container/Util.php(43): Illuminate/Container/BoundMethod::Illuminate/Container/{closure}()
#33 C:/Users/hp/practica1-api2/vendor/laravel/framework/src/Illuminate/Container/BoundMethod.php(96): Illuminate/Container/Util::unwrapIfClosure(Object(Closure))
#34 C:/Users/hp/practica1-api2/vendor/laravel/framework/src/Illuminate/Container/BoundMethod.php(35): Illuminate/Container/BoundMethod::callBoundMethod(Object(Illuminate/Foundation/Application), Array, Object(Closure))
#35 C:/Users/hp/practica1-api2/vendor/laravel/framework/src/Illuminate/Container/Container.php(799): Illuminate/Container/BoundMethod::call(Object(Illuminate/Foundation/Application), Array, Array, NULL)
#36 C:/Users/hp/practica1-api2/vendor/laravel/framework/src/Illuminate/Console/Command.php(211): Illuminate/Container/Container->call(Array)
#37 C:/Users/hp/practica1-api2/vendor/symfony/console/Command/Command.php(341): Illuminate/Console/Command->execute(Object(Symfony/Component/Console/Input/ArgvInput), Object(Illuminate/Console/OutputStyle))
#38 C:/Users/hp/practica1-api2/vendor/laravel/framework/src/Illuminate/Console/Command.php(180): Symfony/Component/Console/Command/Command->run(Object(Symfony/Component/Console/Input/ArgvInput), Object(Illuminate/Console/OutputStyle))
#39 C:/Users/hp/practica1-api2/vendor/symfony/console/Application.php(1117): Illuminate/Console/Command->run(Object(Symfony/Component/Console/Input/ArgvInput), Object(Symfony/Component/Console/Output/ConsoleOutput))
#40 C:/Users/hp/practica1-api2/vendor/symfony/console/Application.php(356): Symfony/Component/Console/Application->doRunCommand(Object(Illuminate/Database/Console/Migrations/FreshCommand), Object(Symfony/Component/Console/Input/ArgvInput), Object(Symfony/Component/Console/Output/ConsoleOutput))
#41 C:/Users/hp/practica1-api2/vendor/symfony/console/Application.php(195): Symfony/Component/Console/Application->doRun(Object(Symfony/Component/Console/Input/ArgvInput), Object(Symfony/Component/Console/Output/ConsoleOutput))
#42 C:/Users/hp/practica1-api2/vendor/laravel/framework/src/Illuminate/Foundation/Console/Kernel.php(198): Symfony/Component/Console/Application->run(Object(Symfony/Component/Console/Input/ArgvInput), Object(Symfony/Component/Console/Output/ConsoleOutput))
#43 C:/Users/hp/practica1-api2/vendor/laravel/framework/src/Illuminate/Foundation/Application.php(1235): Illuminate/Foundation/Console/Kernel->handle(Object(Symfony/Component/Console/Input/ArgvInput), Object(Symfony/Component/Console/Output/ConsoleOutput))
#44 C:/Users/hp/practica1-api2/artisan(16): Illuminate/Foundation/Application->handleCommand(Object(Symfony/Component/Console/Input/ArgvInput))
#45 {main}

[previous exception] [object] (PDOException(code: HY000): SQLSTATE[HY000]: General error: 1005 Can't create table `practica`.`detalle_pedidos` (errno: 150 \"Foreign key constraint is incorrectly formed\") at C:/Users/hp/practica1-api2/vendor/laravel/framework/src/Illuminate/Database/Connection.php:584)
[stacktrace]
#0 C:/Users/hp/practica1-api2/vendor/laravel/framework/src/Illuminate/Database/Connection.php(584): PDOStatement->execute()
#1 C:/Users/hp/practica1-api2/vendor/laravel/framework/src/Illuminate/Database/Connection.php(827): Illuminate/Database/Connection->Illuminate/Database/{closure}('alter table `de...', Array)
#2 C:/Users/hp/practica1-api2/vendor/laravel/framework/src/Illuminate/Database/Connection.php(794): Illuminate/Database/Connection->runQueryCallback('alter table `de...', Array, Object(Closure))
#3 C:/Users/hp/practica1-api2/vendor/laravel/framework/src/Illuminate/Database/Connection.php(573): Illuminate/Database/Connection->run('alter table `de...', Array, Object(Closure))
#4 C:/Users/hp/practica1-api2/vendor/laravel/framework/src/Illuminate/Database/Schema/Blueprint.php(121): Illuminate/Database/Connection->statement('alter table `de...')
#5 C:/Users/hp/practica1-api2/vendor/laravel/framework/src/Illuminate/Database/Schema/Builder.php(686): Illuminate/Database/Schema/Blueprint->build()
#6 C:/Users/hp/practica1-api2/vendor/laravel/framework/src/Illuminate/Database/Schema/Builder.php(506): Illuminate/Database/Schema/Builder->build(Object(Illuminate/Database/Schema/Blueprint))
#7 C:/Users/hp/practica1-api2/vendor/laravel/framework/src/Illuminate/Support/Facades/Facade.php(363): Illuminate/Database/Schema/Builder->create('detalle_pedidos', Object(Closure))
#8 C:/Users/hp/practica1-api2/database/migrations/2026_06_12_021404_create_detalle_pedidos_table.php(14): Illuminate/Support/Facades/Facade::__callStatic('create', Array)
#9 C:/Users/hp/practica1-api2/vendor/laravel/framework/src/Illuminate/Database/Migrations/Migrator.php(517): Illuminate/Database/Migrations/Migration@anonymous->up()
#10 C:/Users/hp/practica1-api2/vendor/laravel/framework/src/Illuminate/Database/Migrations/Migrator.php(442): Illuminate/Database/Migrations/Migrator->runMethod(Object(Illuminate/Database/MySqlConnection), Object(Illuminate/Database/Migrations/Migration@anonymous), 'up')
#11 C:/Users/hp/practica1-api2/vendor/laravel/framework/src/Illuminate/Database/Migrations/Migrator.php(451): Illuminate/Database/Migrations/Migrator->Illuminate/Database/Migrations/{closure}()
#12 C:/Users/hp/practica1-api2/vendor/laravel/framework/src/Illuminate/Database/Migrations/Migrator.php(253): Illuminate/Database/Migrations/Migrator->runMigration(Object(Illuminate/Database/Migrations/Migration@anonymous), 'up')
#13 C:/Users/hp/practica1-api2/vendor/laravel/framework/src/Illuminate/Console/View/Components/Task.php(41): Illuminate/Database/Migrations/Migrator->Illuminate/Database/Migrations/{closure}()
#14 C:/Users/hp/practica1-api2/vendor/laravel/framework/src/Illuminate/Database/Migrations/Migrator.php(814): Illuminate/Console/View/Components/Task->render('2026_06_12_0214...', Object(Closure))
#15 C:/Users/hp/practica1-api2/vendor/laravel/framework/src/Illuminate/Database/Migrations/Migrator.php(253): Illuminate/Database/Migrations/Migrator->write('Illuminate//Cons...', '2026_06_12_0214...', Object(Closure))
#16 C:/Users/hp/practica1-api2/vendor/laravel/framework/src/Illuminate/Database/Migrations/Migrator.php(211): Illuminate/Database/Migrations/Migrator->runUp('C://Users//hp//pra...', 1, false)
#17 C:/Users/hp/practica1-api2/vendor/laravel/framework/src/Illuminate/Database/Migrations/Migrator.php(138): Illuminate/Database/Migrations/Migrator->runPending(Array, Array)
#18 C:/Users/hp/practica1-api2/vendor/laravel/framework/src/Illuminate/Database/Console/Migrations/MigrateCommand.php(116): Illuminate/Database/Migrations/Migrator->run(Array, Array)
#19 C:/Users/hp/practica1-api2/vendor/laravel/framework/src/Illuminate/Database/Migrations/Migrator.php(671): Illuminate/Database/Console/Migrations/MigrateCommand->Illuminate/Database/Console/Migrations/{closure}()
#20 C:/Users/hp/practica1-api2/vendor/laravel/framework/src/Illuminate/Database/Console/Migrations/MigrateCommand.php(109): Illuminate/Database/Migrations/Migrator->usingConnection(NULL, Object(Closure))
#21 C:/Users/hp/practica1-api2/vendor/laravel/framework/src/Illuminate/Database/Console/Migrations/MigrateCommand.php(88): Illuminate/Database/Console/Migrations/MigrateCommand->runMigrations()
#22 C:/Users/hp/practica1-api2/vendor/laravel/framework/src/Illuminate/Container/BoundMethod.php(36): Illuminate/Database/Console/Migrations/MigrateCommand->handle()
#23 C:/Users/hp/practica1-api2/vendor/laravel/framework/src/Illuminate/Container/Util.php(43): Illuminate/Container/BoundMethod::Illuminate/Container/{closure}()
#24 C:/Users/hp/practica1-api2/vendor/laravel/framework/src/Illuminate/Container/BoundMethod.php(96): Illuminate/Container/Util::unwrapIfClosure(Object(Closure))
#25 C:/Users/hp/practica1-api2/vendor/laravel/framework/src/Illuminate/Container/BoundMethod.php(35): Illuminate/Container/BoundMethod::callBoundMethod(Object(Illuminate/Foundation/Application), Array, Object(Closure))
#26 C:/Users/hp/practica1-api2/vendor/laravel/framework/src/Illuminate/Container/Container.php(799): Illuminate/Container/BoundMethod::call(Object(Illuminate/Foundation/Application), Array, Array, NULL)
#27 C:/Users/hp/practica1-api2/vendor/laravel/framework/src/Illuminate/Console/Command.php(211): Illuminate/Container/Container->call(Array)
#28 C:/Users/hp/practica1-api2/vendor/symfony/console/Command/Command.php(341): Illuminate/Console/Command->execute(Object(Symfony/Component/Console/Input/ArrayInput), Object(Illuminate/Console/OutputStyle))
#29 C:/Users/hp/practica1-api2/vendor/laravel/framework/src/Illuminate/Console/Command.php(180): Symfony/Component/Console/Command/Command->run(Object(Symfony/Component/Console/Input/ArrayInput), Object(Illuminate/Console/OutputStyle))
#30 C:/Users/hp/practica1-api2/vendor/laravel/framework/src/Illuminate/Console/Concerns/CallsCommands.php(68): Illuminate/Console/Command->run(Object(Symfony/Component/Console/Input/ArrayInput), Object(Illuminate/Console/OutputStyle))
#31 C:/Users/hp/practica1-api2/vendor/laravel/framework/src/Illuminate/Console/Concerns/CallsCommands.php(29): Illuminate/Console/Command->runCommand('migrate', Array, Object(Illuminate/Console/OutputStyle))
#32 C:/Users/hp/practica1-api2/vendor/laravel/framework/src/Illuminate/Database/Console/Migrations/FreshCommand.php(88): Illuminate/Console/Command->call('migrate', Array)
#33 C:/Users/hp/practica1-api2/vendor/laravel/framework/src/Illuminate/Container/BoundMethod.php(36): Illuminate/Database/Console/Migrations/FreshCommand->handle()
#34 C:/Users/hp/practica1-api2/vendor/laravel/framework/src/Illuminate/Container/Util.php(43): Illuminate/Container/BoundMethod::Illuminate/Container/{closure}()
#35 C:/Users/hp/practica1-api2/vendor/laravel/framework/src/Illuminate/Container/BoundMethod.php(96): Illuminate/Container/Util::unwrapIfClosure(Object(Closure))
#36 C:/Users/hp/practica1-api2/vendor/laravel/framework/src/Illuminate/Container/BoundMethod.php(35): Illuminate/Container/BoundMethod::callBoundMethod(Object(Illuminate/Foundation/Application), Array, Object(Closure))
#37 C:/Users/hp/practica1-api2/vendor/laravel/framework/src/Illuminate/Container/Container.php(799): Illuminate/Container/BoundMethod::call(Object(Illuminate/Foundation/Application), Array, Array, NULL)
#38 C:/Users/hp/practica1-api2/vendor/laravel/framework/src/Illuminate/Console/Command.php(211): Illuminate/Container/Container->call(Array)
#39 C:/Users/hp/practica1-api2/vendor/symfony/console/Command/Command.php(341): Illuminate/Console/Command->execute(Object(Symfony/Component/Console/Input/ArgvInput), Object(Illuminate/Console/OutputStyle))
#40 C:/Users/hp/practica1-api2/vendor/laravel/framework/src/Illuminate/Console/Command.php(180): Symfony/Component/Console/Command/Command->run(Object(Symfony/Component/Console/Input/ArgvInput), Object(Illuminate/Console/OutputStyle))
#41 C:/Users/hp/practica1-api2/vendor/symfony/console/Application.php(1117): Illuminate/Console/Command->run(Object(Symfony/Component/Console/Input/ArgvInput), Object(Symfony/Component/Console/Output/ConsoleOutput))
#42 C:/Users/hp/practica1-api2/vendor/symfony/console/Application.php(356): Symfony/Component/Console/Application->doRunCommand(Object(Illuminate/Database/Console/Migrations/FreshCommand), Object(Symfony/Component/Console/Input/ArgvInput), Object(Symfony/Component/Console/Output/ConsoleOutput))
#43 C:/Users/hp/practica1-api2/vendor/symfony/console/Application.php(195): Symfony/Component/Console/Application->doRun(Object(Symfony/Component/Console/Input/ArgvInput), Object(Symfony/Component/Console/Output/ConsoleOutput))
#44 C:/Users/hp/practica1-api2/vendor/laravel/framework/src/Illuminate/Foundation/Console/Kernel.php(198): Symfony/Component/Console/Application->run(Object(Symfony/Component/Console/Input/ArgvInput), Object(Symfony/Component/Console/Output/ConsoleOutput))
#45 C:/Users/hp/practica1-api2/vendor/laravel/framework/src/Illuminate/Foundation/Application.php(1235): Illuminate/Foundation/Console/Kernel->handle(Object(Symfony/Component/Console/Input/ArgvInput), Object(Symfony/Component/Console/Output/ConsoleOutput))
#46 C:/Users/hp/practica1-api2/artisan(16): Illuminate/Foundation/Application->handleCommand(Object(Symfony/Component/Console/Input/ArgvInput))
#47 {main}
"} 
[2026-06-14 06:35:53] local.ERROR: Expected response code "354" but got code "550", with message "550 5.7.0 Too many emails per second. Please upgrade your plan https://mailtrap.io/billing/plans/testing". {"exception":"[object] (Symfony\\Component\\Mailer\\Exception\\UnexpectedResponseException(code: 550): Expected response code \"354\" but got code \"550\", with message \"550 5.7.0 Too many emails per second. Please upgrade your plan https://mailtrap.io/billing/plans/testing\". at C:/Users/hp/practica1-api2/vendor/symfony/mailer/Transport/Smtp/SmtpTransport.php:331)
[stacktrace]
#0 C:/Users/hp/practica1-api2/vendor/symfony/mailer/Transport/Smtp/SmtpTransport.php(187): Symfony/Component/Mailer/Transport/Smtp/SmtpTransport->assertResponseCode('550 5.7.0 Too m...', Array)
#1 C:/Users/hp/practica1-api2/vendor/symfony/mailer/Transport/Smtp/EsmtpTransport.php(150): Symfony/Component/Mailer/Transport/Smtp/SmtpTransport->executeCommand('DATA/r/n', Array)
#2 C:/Users/hp/practica1-api2/vendor/symfony/mailer/Transport/Smtp/SmtpTransport.php(209): Symfony/Component/Mailer/Transport/Smtp/EsmtpTransport->executeCommand('DATA/r/n', Array)
#3 C:/Users/hp/practica1-api2/vendor/symfony/mailer/Transport/AbstractTransport.php(69): Symfony/Component/Mailer/Transport/Smtp/SmtpTransport->doSend(Object(Symfony/Component/Mailer/SentMessage))
#4 C:/Users/hp/practica1-api2/vendor/symfony/mailer/Transport/Smtp/SmtpTransport.php(138): Symfony/Component/Mailer/Transport/AbstractTransport->send(Object(Symfony/Component/Mime/Email), Object(Symfony/Component/Mailer/DelayedEnvelope))
#5 C:/Users/hp/practica1-api2/vendor/laravel/framework/src/Illuminate/Mail/Mailer.php(584): Symfony/Component/Mailer/Transport/Smtp/SmtpTransport->send(Object(Symfony/Component/Mime/Email), Object(Symfony/Component/Mailer/DelayedEnvelope))
#6 C:/Users/hp/practica1-api2/vendor/laravel/framework/src/Illuminate/Mail/Mailer.php(331): Illuminate/Mail/Mailer->sendSymfonyMessage(Object(Symfony/Component/Mime/Email))
#7 C:/Users/hp/practica1-api2/vendor/laravel/framework/src/Illuminate/Notifications/Channels/MailChannel.php(66): Illuminate/Mail/Mailer->send(Object(Closure), Array, Object(Closure))
#8 C:/Users/hp/practica1-api2/vendor/laravel/framework/src/Illuminate/Notifications/NotificationSender.php(161): Illuminate/Notifications/Channels/MailChannel->send(Object(App/Models/User), Object(App/Notifications/ConfirmacionPedidoNotification))
#9 C:/Users/hp/practica1-api2/vendor/laravel/framework/src/Illuminate/Notifications/NotificationSender.php(116): Illuminate/Notifications/NotificationSender->sendToNotifiable(Object(App/Models/User), '487b8f1a-ab02-4...', Object(App/Notifications/ConfirmacionPedidoNotification), 'mail')
#10 C:/Users/hp/practica1-api2/vendor/laravel/framework/src/Illuminate/Support/Traits/Localizable.php(19): Illuminate/Notifications/NotificationSender->Illuminate/Notifications/{closure}()
#11 C:/Users/hp/practica1-api2/vendor/laravel/framework/src/Illuminate/Notifications/NotificationSender.php(111): Illuminate/Notifications/NotificationSender->withLocale(NULL, Object(Closure))
#12 C:/Users/hp/practica1-api2/vendor/laravel/framework/src/Illuminate/Notifications/NotificationSender.php(89): Illuminate/Notifications/NotificationSender->sendNow(Object(Illuminate/Database/Eloquent/Collection), Object(App/Notifications/ConfirmacionPedidoNotification))
#13 C:/Users/hp/practica1-api2/vendor/laravel/framework/src/Illuminate/Notifications/ChannelManager.php(47): Illuminate/Notifications/NotificationSender->send(Object(App/Models/User), Object(App/Notifications/ConfirmacionPedidoNotification))
#14 C:/Users/hp/practica1-api2/vendor/laravel/framework/src/Illuminate/Notifications/RoutesNotifications.php(18): Illuminate/Notifications/ChannelManager->send(Object(App/Models/User), Object(App/Notifications/ConfirmacionPedidoNotification))
#15 C:/Users/hp/practica1-api2/app/Jobs/EnviarConfirmacionPedido.php(42): App/Models/User->notify(Object(App/Notifications/ConfirmacionPedidoNotification))
#16 C:/Users/hp/practica1-api2/vendor/laravel/framework/src/Illuminate/Container/BoundMethod.php(36): App/Jobs/EnviarConfirmacionPedido->handle()
#17 C:/Users/hp/practica1-api2/vendor/laravel/framework/src/Illuminate/Container/Util.php(43): Illuminate/Container/BoundMethod::Illuminate/Container/{closure}()
#18 C:/Users/hp/practica1-api2/vendor/laravel/framework/src/Illuminate/Container/BoundMethod.php(96): Illuminate/Container/Util::unwrapIfClosure(Object(Closure))
#19 C:/Users/hp/practica1-api2/vendor/laravel/framework/src/Illuminate/Container/BoundMethod.php(35): Illuminate/Container/BoundMethod::callBoundMethod(Object(Illuminate/Foundation/Application), Array, Object(Closure))
#20 C:/Users/hp/practica1-api2/vendor/laravel/framework/src/Illuminate/Container/Container.php(799): Illuminate/Container/BoundMethod::call(Object(Illuminate/Foundation/Application), Array, Array, NULL)
#21 C:/Users/hp/practica1-api2/vendor/laravel/framework/src/Illuminate/Bus/Dispatcher.php(129): Illuminate/Container/Container->call(Array)
#22 C:/Users/hp/practica1-api2/vendor/laravel/framework/src/Illuminate/Pipeline/Pipeline.php(180): Illuminate/Bus/Dispatcher->Illuminate/Bus/{closure}(Object(App/Jobs/EnviarConfirmacionPedido))
#23 C:/Users/hp/practica1-api2/vendor/laravel/framework/src/Illuminate/Pipeline/Pipeline.php(137): Illuminate/Pipeline/Pipeline->Illuminate/Pipeline/{closure}(Object(App/Jobs/EnviarConfirmacionPedido))
#24 C:/Users/hp/practica1-api2/vendor/laravel/framework/src/Illuminate/Bus/Dispatcher.php(133): Illuminate/Pipeline/Pipeline->then(Object(Closure))
#25 C:/Users/hp/practica1-api2/vendor/laravel/framework/src/Illuminate/Queue/CallQueuedHandler.php(136): Illuminate/Bus/Dispatcher->dispatchNow(Object(App/Jobs/EnviarConfirmacionPedido), false)
#26 C:/Users/hp/practica1-api2/vendor/laravel/framework/src/Illuminate/Pipeline/Pipeline.php(180): Illuminate/Queue/CallQueuedHandler->Illuminate/Queue/{closure}(Object(App/Jobs/EnviarConfirmacionPedido))
#27 C:/Users/hp/practica1-api2/vendor/laravel/framework/src/Illuminate/Pipeline/Pipeline.php(137): Illuminate/Pipeline/Pipeline->Illuminate/Pipeline/{closure}(Object(App/Jobs/EnviarConfirmacionPedido))
#28 C:/Users/hp/practica1-api2/vendor/laravel/framework/src/Illuminate/Queue/CallQueuedHandler.php(129): Illuminate/Pipeline/Pipeline->then(Object(Closure))
#29 C:/Users/hp/practica1-api2/vendor/laravel/framework/src/Illuminate/Queue/CallQueuedHandler.php(70): Illuminate/Queue/CallQueuedHandler->dispatchThroughMiddleware(Object(Illuminate/Queue/Jobs/DatabaseJob), Object(App/Jobs/EnviarConfirmacionPedido))
#30 C:/Users/hp/practica1-api2/vendor/laravel/framework/src/Illuminate/Queue/Jobs/Job.php(102): Illuminate/Queue/CallQueuedHandler->call(Object(Illuminate/Queue/Jobs/DatabaseJob), Array)
#31 C:/Users/hp/practica1-api2/vendor/laravel/framework/src/Illuminate/Queue/Worker.php(504): Illuminate/Queue/Jobs/Job->fire()
#32 C:/Users/hp/practica1-api2/vendor/laravel/framework/src/Illuminate/Queue/Worker.php(454): Illuminate/Queue/Worker->process('database', Object(Illuminate/Queue/Jobs/DatabaseJob), Object(Illuminate/Queue/WorkerOptions))
#33 C:/Users/hp/practica1-api2/vendor/laravel/framework/src/Illuminate/Queue/Worker.php(212): Illuminate/Queue/Worker->runJob(Object(Illuminate/Queue/Jobs/DatabaseJob), 'database', Object(Illuminate/Queue/WorkerOptions))
#34 C:/Users/hp/practica1-api2/vendor/laravel/framework/src/Illuminate/Queue/Console/WorkCommand.php(149): Illuminate/Queue/Worker->daemon('database', 'default', Object(Illuminate/Queue/WorkerOptions))
#35 C:/Users/hp/practica1-api2/vendor/laravel/framework/src/Illuminate/Queue/Console/WorkCommand.php(132): Illuminate/Queue/Console/WorkCommand->runWorker('database', 'default')
#36 C:/Users/hp/practica1-api2/vendor/laravel/framework/src/Illuminate/Container/BoundMethod.php(36): Illuminate/Queue/Console/WorkCommand->handle()
#37 C:/Users/hp/practica1-api2/vendor/laravel/framework/src/Illuminate/Container/Util.php(43): Illuminate/Container/BoundMethod::Illuminate/Container/{closure}()
#38 C:/Users/hp/practica1-api2/vendor/laravel/framework/src/Illuminate/Container/BoundMethod.php(96): Illuminate/Container/Util::unwrapIfClosure(Object(Closure))
#39 C:/Users/hp/practica1-api2/vendor/laravel/framework/src/Illuminate/Container/BoundMethod.php(35): Illuminate/Container/BoundMethod::callBoundMethod(Object(Illuminate/Foundation/Application), Array, Object(Closure))
#40 C:/Users/hp/practica1-api2/vendor/laravel/framework/src/Illuminate/Container/Container.php(799): Illuminate/Container/BoundMethod::call(Object(Illuminate/Foundation/Application), Array, Array, NULL)
#41 C:/Users/hp/practica1-api2/vendor/laravel/framework/src/Illuminate/Console/Command.php(211): Illuminate/Container/Container->call(Array)
#42 C:/Users/hp/practica1-api2/vendor/symfony/console/Command/Command.php(341): Illuminate/Console/Command->execute(Object(Symfony/Component/Console/Input/ArgvInput), Object(Illuminate/Console/OutputStyle))
#43 C:/Users/hp/practica1-api2/vendor/laravel/framework/src/Illuminate/Console/Command.php(180): Symfony/Component/Console/Command/Command->run(Object(Symfony/Component/Console/Input/ArgvInput), Object(Illuminate/Console/OutputStyle))
#44 C:/Users/hp/practica1-api2/vendor/symfony/console/Application.php(1117): Illuminate/Console/Command->run(Object(Symfony/Component/Console/Input/ArgvInput), Object(Symfony/Component/Console/Output/ConsoleOutput))
#45 C:/Users/hp/practica1-api2/vendor/symfony/console/Application.php(356): Symfony/Component/Console/Application->doRunCommand(Object(Illuminate/Queue/Console/WorkCommand), Object(Symfony/Component/Console/Input/ArgvInput), Object(Symfony/Component/Console/Output/ConsoleOutput))
#46 C:/Users/hp/practica1-api2/vendor/symfony/console/Application.php(195): Symfony/Component/Console/Application->doRun(Object(Symfony/Component/Console/Input/ArgvInput), Object(Symfony/Component/Console/Output/ConsoleOutput))
#47 C:/Users/hp/practica1-api2/vendor/laravel/framework/src/Illuminate/Foundation/Console/Kernel.php(198): Symfony/Component/Console/Application->run(Object(Symfony/Component/Console/Input/ArgvInput), Object(Symfony/Component/Console/Output/ConsoleOutput))
#48 C:/Users/hp/practica1-api2/vendor/laravel/framework/src/Illuminate/Foundation/Application.php(1235): Illuminate/Foundation/Console/Kernel->handle(Object(Symfony/Component/Console/Input/ArgvInput), Object(Symfony/Component/Console/Output/ConsoleOutput))
#49 C:/Users/hp/practica1-api2/artisan(16): Illuminate/Foundation/Application->handleCommand(Object(Symfony/Component/Console/Input/ArgvInput))
#50 {main}
"} 
[2026-06-14 06:35:59] local.ERROR: Expected response code "354" but got code "550", with message "550 5.7.0 Too many emails per second. Please upgrade your plan https://mailtrap.io/billing/plans/testing". {"exception":"[object] (Symfony\\Component\\Mailer\\Exception\\UnexpectedResponseException(code: 550): Expected response code \"354\" but got code \"550\", with message \"550 5.7.0 Too many emails per second. Please upgrade your plan https://mailtrap.io/billing/plans/testing\". at C:/Users/hp/practica1-api2/vendor/symfony/mailer/Transport/Smtp/SmtpTransport.php:331)
[stacktrace]
#0 C:/Users/hp/practica1-api2/vendor/symfony/mailer/Transport/Smtp/SmtpTransport.php(187): Symfony/Component/Mailer/Transport/Smtp/SmtpTransport->assertResponseCode('550 5.7.0 Too m...', Array)
#1 C:/Users/hp/practica1-api2/vendor/symfony/mailer/Transport/Smtp/EsmtpTransport.php(150): Symfony/Component/Mailer/Transport/Smtp/SmtpTransport->executeCommand('DATA/r/n', Array)
#2 C:/Users/hp/practica1-api2/vendor/symfony/mailer/Transport/Smtp/SmtpTransport.php(209): Symfony/Component/Mailer/Transport/Smtp/EsmtpTransport->executeCommand('DATA/r/n', Array)
#3 C:/Users/hp/practica1-api2/vendor/symfony/mailer/Transport/AbstractTransport.php(69): Symfony/Component/Mailer/Transport/Smtp/SmtpTransport->doSend(Object(Symfony/Component/Mailer/SentMessage))
#4 C:/Users/hp/practica1-api2/vendor/symfony/mailer/Transport/Smtp/SmtpTransport.php(138): Symfony/Component/Mailer/Transport/AbstractTransport->send(Object(Symfony/Component/Mime/Email), Object(Symfony/Component/Mailer/DelayedEnvelope))
#5 C:/Users/hp/practica1-api2/vendor/laravel/framework/src/Illuminate/Mail/Mailer.php(584): Symfony/Component/Mailer/Transport/Smtp/SmtpTransport->send(Object(Symfony/Component/Mime/Email), Object(Symfony/Component/Mailer/DelayedEnvelope))
#6 C:/Users/hp/practica1-api2/vendor/laravel/framework/src/Illuminate/Mail/Mailer.php(331): Illuminate/Mail/Mailer->sendSymfonyMessage(Object(Symfony/Component/Mime/Email))
#7 C:/Users/hp/practica1-api2/vendor/laravel/framework/src/Illuminate/Notifications/Channels/MailChannel.php(66): Illuminate/Mail/Mailer->send(Object(Closure), Array, Object(Closure))
#8 C:/Users/hp/practica1-api2/vendor/laravel/framework/src/Illuminate/Notifications/NotificationSender.php(161): Illuminate/Notifications/Channels/MailChannel->send(Object(App/Models/User), Object(App/Notifications/ConfirmacionPedidoNotification))
#9 C:/Users/hp/practica1-api2/vendor/laravel/framework/src/Illuminate/Notifications/NotificationSender.php(116): Illuminate/Notifications/NotificationSender->sendToNotifiable(Object(App/Models/User), 'b7d21aa7-d6da-4...', Object(App/Notifications/ConfirmacionPedidoNotification), 'mail')
#10 C:/Users/hp/practica1-api2/vendor/laravel/framework/src/Illuminate/Support/Traits/Localizable.php(19): Illuminate/Notifications/NotificationSender->Illuminate/Notifications/{closure}()
#11 C:/Users/hp/practica1-api2/vendor/laravel/framework/src/Illuminate/Notifications/NotificationSender.php(111): Illuminate/Notifications/NotificationSender->withLocale(NULL, Object(Closure))
#12 C:/Users/hp/practica1-api2/vendor/laravel/framework/src/Illuminate/Notifications/NotificationSender.php(89): Illuminate/Notifications/NotificationSender->sendNow(Object(Illuminate/Database/Eloquent/Collection), Object(App/Notifications/ConfirmacionPedidoNotification))
#13 C:/Users/hp/practica1-api2/vendor/laravel/framework/src/Illuminate/Notifications/ChannelManager.php(47): Illuminate/Notifications/NotificationSender->send(Object(App/Models/User), Object(App/Notifications/ConfirmacionPedidoNotification))
#14 C:/Users/hp/practica1-api2/vendor/laravel/framework/src/Illuminate/Notifications/RoutesNotifications.php(18): Illuminate/Notifications/ChannelManager->send(Object(App/Models/User), Object(App/Notifications/ConfirmacionPedidoNotification))
#15 C:/Users/hp/practica1-api2/app/Jobs/EnviarConfirmacionPedido.php(42): App/Models/User->notify(Object(App/Notifications/ConfirmacionPedidoNotification))
#16 C:/Users/hp/practica1-api2/vendor/laravel/framework/src/Illuminate/Container/BoundMethod.php(36): App/Jobs/EnviarConfirmacionPedido->handle()
#17 C:/Users/hp/practica1-api2/vendor/laravel/framework/src/Illuminate/Container/Util.php(43): Illuminate/Container/BoundMethod::Illuminate/Container/{closure}()
#18 C:/Users/hp/practica1-api2/vendor/laravel/framework/src/Illuminate/Container/BoundMethod.php(96): Illuminate/Container/Util::unwrapIfClosure(Object(Closure))
#19 C:/Users/hp/practica1-api2/vendor/laravel/framework/src/Illuminate/Container/BoundMethod.php(35): Illuminate/Container/BoundMethod::callBoundMethod(Object(Illuminate/Foundation/Application), Array, Object(Closure))
#20 C:/Users/hp/practica1-api2/vendor/laravel/framework/src/Illuminate/Container/Container.php(799): Illuminate/Container/BoundMethod::call(Object(Illuminate/Foundation/Application), Array, Array, NULL)
#21 C:/Users/hp/practica1-api2/vendor/laravel/framework/src/Illuminate/Bus/Dispatcher.php(129): Illuminate/Container/Container->call(Array)
#22 C:/Users/hp/practica1-api2/vendor/laravel/framework/src/Illuminate/Pipeline/Pipeline.php(180): Illuminate/Bus/Dispatcher->Illuminate/Bus/{closure}(Object(App/Jobs/EnviarConfirmacionPedido))
#23 C:/Users/hp/practica1-api2/vendor/laravel/framework/src/Illuminate/Pipeline/Pipeline.php(137): Illuminate/Pipeline/Pipeline->Illuminate/Pipeline/{closure}(Object(App/Jobs/EnviarConfirmacionPedido))
#24 C:/Users/hp/practica1-api2/vendor/laravel/framework/src/Illuminate/Bus/Dispatcher.php(133): Illuminate/Pipeline/Pipeline->then(Object(Closure))
#25 C:/Users/hp/practica1-api2/vendor/laravel/framework/src/Illuminate/Queue/CallQueuedHandler.php(136): Illuminate/Bus/Dispatcher->dispatchNow(Object(App/Jobs/EnviarConfirmacionPedido), false)
#26 C:/Users/hp/practica1-api2/vendor/laravel/framework/src/Illuminate/Pipeline/Pipeline.php(180): Illuminate/Queue/CallQueuedHandler->Illuminate/Queue/{closure}(Object(App/Jobs/EnviarConfirmacionPedido))
#27 C:/Users/hp/practica1-api2/vendor/laravel/framework/src/Illuminate/Pipeline/Pipeline.php(137): Illuminate/Pipeline/Pipeline->Illuminate/Pipeline/{closure}(Object(App/Jobs/EnviarConfirmacionPedido))
#28 C:/Users/hp/practica1-api2/vendor/laravel/framework/src/Illuminate/Queue/CallQueuedHandler.php(129): Illuminate/Pipeline/Pipeline->then(Object(Closure))
#29 C:/Users/hp/practica1-api2/vendor/laravel/framework/src/Illuminate/Queue/CallQueuedHandler.php(70): Illuminate/Queue/CallQueuedHandler->dispatchThroughMiddleware(Object(Illuminate/Queue/Jobs/DatabaseJob), Object(App/Jobs/EnviarConfirmacionPedido))
#30 C:/Users/hp/practica1-api2/vendor/laravel/framework/src/Illuminate/Queue/Jobs/Job.php(102): Illuminate/Queue/CallQueuedHandler->call(Object(Illuminate/Queue/Jobs/DatabaseJob), Array)
#31 C:/Users/hp/practica1-api2/vendor/laravel/framework/src/Illuminate/Queue/Worker.php(504): Illuminate/Queue/Jobs/Job->fire()
#32 C:/Users/hp/practica1-api2/vendor/laravel/framework/src/Illuminate/Queue/Worker.php(454): Illuminate/Queue/Worker->process('database', Object(Illuminate/Queue/Jobs/DatabaseJob), Object(Illuminate/Queue/WorkerOptions))
#33 C:/Users/hp/practica1-api2/vendor/laravel/framework/src/Illuminate/Queue/Worker.php(212): Illuminate/Queue/Worker->runJob(Object(Illuminate/Queue/Jobs/DatabaseJob), 'database', Object(Illuminate/Queue/WorkerOptions))
#34 C:/Users/hp/practica1-api2/vendor/laravel/framework/src/Illuminate/Queue/Console/WorkCommand.php(149): Illuminate/Queue/Worker->daemon('database', 'default', Object(Illuminate/Queue/WorkerOptions))
#35 C:/Users/hp/practica1-api2/vendor/laravel/framework/src/Illuminate/Queue/Console/WorkCommand.php(132): Illuminate/Queue/Console/WorkCommand->runWorker('database', 'default')
#36 C:/Users/hp/practica1-api2/vendor/laravel/framework/src/Illuminate/Container/BoundMethod.php(36): Illuminate/Queue/Console/WorkCommand->handle()
#37 C:/Users/hp/practica1-api2/vendor/laravel/framework/src/Illuminate/Container/Util.php(43): Illuminate/Container/BoundMethod::Illuminate/Container/{closure}()
#38 C:/Users/hp/practica1-api2/vendor/laravel/framework/src/Illuminate/Container/BoundMethod.php(96): Illuminate/Container/Util::unwrapIfClosure(Object(Closure))
#39 C:/Users/hp/practica1-api2/vendor/laravel/framework/src/Illuminate/Container/BoundMethod.php(35): Illuminate/Container/BoundMethod::callBoundMethod(Object(Illuminate/Foundation/Application), Array, Object(Closure))
#40 C:/Users/hp/practica1-api2/vendor/laravel/framework/src/Illuminate/Container/Container.php(799): Illuminate/Container/BoundMethod::call(Object(Illuminate/Foundation/Application), Array, Array, NULL)
#41 C:/Users/hp/practica1-api2/vendor/laravel/framework/src/Illuminate/Console/Command.php(211): Illuminate/Container/Container->call(Array)
#42 C:/Users/hp/practica1-api2/vendor/symfony/console/Command/Command.php(341): Illuminate/Console/Command->execute(Object(Symfony/Component/Console/Input/ArgvInput), Object(Illuminate/Console/OutputStyle))
#43 C:/Users/hp/practica1-api2/vendor/laravel/framework/src/Illuminate/Console/Command.php(180): Symfony/Component/Console/Command/Command->run(Object(Symfony/Component/Console/Input/ArgvInput), Object(Illuminate/Console/OutputStyle))
#44 C:/Users/hp/practica1-api2/vendor/symfony/console/Application.php(1117): Illuminate/Console/Command->run(Object(Symfony/Component/Console/Input/ArgvInput), Object(Symfony/Component/Console/Output/ConsoleOutput))
#45 C:/Users/hp/practica1-api2/vendor/symfony/console/Application.php(356): Symfony/Component/Console/Application->doRunCommand(Object(Illuminate/Queue/Console/WorkCommand), Object(Symfony/Component/Console/Input/ArgvInput), Object(Symfony/Component/Console/Output/ConsoleOutput))
#46 C:/Users/hp/practica1-api2/vendor/symfony/console/Application.php(195): Symfony/Component/Console/Application->doRun(Object(Symfony/Component/Console/Input/ArgvInput), Object(Symfony/Component/Console/Output/ConsoleOutput))
#47 C:/Users/hp/practica1-api2/vendor/laravel/framework/src/Illuminate/Foundation/Console/Kernel.php(198): Symfony/Component/Console/Application->run(Object(Symfony/Component/Console/Input/ArgvInput), Object(Symfony/Component/Console/Output/ConsoleOutput))
#48 C:/Users/hp/practica1-api2/vendor/laravel/framework/src/Illuminate/Foundation/Application.php(1235): Illuminate/Foundation/Console/Kernel->handle(Object(Symfony/Component/Console/Input/ArgvInput), Object(Symfony/Component/Console/Output/ConsoleOutput))
#49 C:/Users/hp/practica1-api2/artisan(16): Illuminate/Foundation/Application->handleCommand(Object(Symfony/Component/Console/Input/ArgvInput))
#50 {main}
"} 
[2026-06-14 06:58:29] local.ERROR: Error enviando correo {"pedido":3,"error":"Expected response code \"354\" but got code \"550\", with message \"550 5.7.0 Too many emails per second. Please upgrade your plan https://mailtrap.io/billing/plans/testing\"."} 
[2026-06-14 06:58:29] local.ERROR: Expected response code "354" but got code "550", with message "550 5.7.0 Too many emails per second. Please upgrade your plan https://mailtrap.io/billing/plans/testing". {"exception":"[object] (Symfony\\Component\\Mailer\\Exception\\UnexpectedResponseException(code: 550): Expected response code \"354\" but got code \"550\", with message \"550 5.7.0 Too many emails per second. Please upgrade your plan https://mailtrap.io/billing/plans/testing\". at C:/Users/hp/practica1-api2/vendor/symfony/mailer/Transport/Smtp/SmtpTransport.php:331)
[stacktrace]
#0 C:/Users/hp/practica1-api2/vendor/symfony/mailer/Transport/Smtp/SmtpTransport.php(187): Symfony/Component/Mailer/Transport/Smtp/SmtpTransport->assertResponseCode('550 5.7.0 Too m...', Array)
#1 C:/Users/hp/practica1-api2/vendor/symfony/mailer/Transport/Smtp/EsmtpTransport.php(150): Symfony/Component/Mailer/Transport/Smtp/SmtpTransport->executeCommand('DATA/r/n', Array)
#2 C:/Users/hp/practica1-api2/vendor/symfony/mailer/Transport/Smtp/SmtpTransport.php(209): Symfony/Component/Mailer/Transport/Smtp/EsmtpTransport->executeCommand('DATA/r/n', Array)
#3 C:/Users/hp/practica1-api2/vendor/symfony/mailer/Transport/AbstractTransport.php(69): Symfony/Component/Mailer/Transport/Smtp/SmtpTransport->doSend(Object(Symfony/Component/Mailer/SentMessage))
#4 C:/Users/hp/practica1-api2/vendor/symfony/mailer/Transport/Smtp/SmtpTransport.php(138): Symfony/Component/Mailer/Transport/AbstractTransport->send(Object(Symfony/Component/Mime/Email), Object(Symfony/Component/Mailer/DelayedEnvelope))
#5 C:/Users/hp/practica1-api2/vendor/laravel/framework/src/Illuminate/Mail/Mailer.php(584): Symfony/Component/Mailer/Transport/Smtp/SmtpTransport->send(Object(Symfony/Component/Mime/Email), Object(Symfony/Component/Mailer/DelayedEnvelope))
#6 C:/Users/hp/practica1-api2/vendor/laravel/framework/src/Illuminate/Mail/Mailer.php(331): Illuminate/Mail/Mailer->sendSymfonyMessage(Object(Symfony/Component/Mime/Email))
#7 C:/Users/hp/practica1-api2/vendor/laravel/framework/src/Illuminate/Notifications/Channels/MailChannel.php(66): Illuminate/Mail/Mailer->send(Object(Closure), Array, Object(Closure))
#8 C:/Users/hp/practica1-api2/vendor/laravel/framework/src/Illuminate/Notifications/NotificationSender.php(161): Illuminate/Notifications/Channels/MailChannel->send(Object(App/Models/User), Object(App/Notifications/ConfirmacionPedidoNotification))
#9 C:/Users/hp/practica1-api2/vendor/laravel/framework/src/Illuminate/Notifications/NotificationSender.php(116): Illuminate/Notifications/NotificationSender->sendToNotifiable(Object(App/Models/User), 'a3db0598-1093-4...', Object(App/Notifications/ConfirmacionPedidoNotification), 'mail')
#10 C:/Users/hp/practica1-api2/vendor/laravel/framework/src/Illuminate/Support/Traits/Localizable.php(19): Illuminate/Notifications/NotificationSender->Illuminate/Notifications/{closure}()
#11 C:/Users/hp/practica1-api2/vendor/laravel/framework/src/Illuminate/Notifications/NotificationSender.php(111): Illuminate/Notifications/NotificationSender->withLocale(NULL, Object(Closure))
#12 C:/Users/hp/practica1-api2/vendor/laravel/framework/src/Illuminate/Notifications/NotificationSender.php(89): Illuminate/Notifications/NotificationSender->sendNow(Object(Illuminate/Database/Eloquent/Collection), Object(App/Notifications/ConfirmacionPedidoNotification))
#13 C:/Users/hp/practica1-api2/vendor/laravel/framework/src/Illuminate/Notifications/ChannelManager.php(47): Illuminate/Notifications/NotificationSender->send(Object(App/Models/User), Object(App/Notifications/ConfirmacionPedidoNotification))
#14 C:/Users/hp/practica1-api2/vendor/laravel/framework/src/Illuminate/Notifications/RoutesNotifications.php(18): Illuminate/Notifications/ChannelManager->send(Object(App/Models/User), Object(App/Notifications/ConfirmacionPedidoNotification))
#15 C:/Users/hp/practica1-api2/app/Jobs/EnviarConfirmacionPedido.php(42): App/Models/User->notify(Object(App/Notifications/ConfirmacionPedidoNotification))
#16 C:/Users/hp/practica1-api2/vendor/laravel/framework/src/Illuminate/Container/BoundMethod.php(36): App/Jobs/EnviarConfirmacionPedido->handle()
#17 C:/Users/hp/practica1-api2/vendor/laravel/framework/src/Illuminate/Container/Util.php(43): Illuminate/Container/BoundMethod::Illuminate/Container/{closure}()
#18 C:/Users/hp/practica1-api2/vendor/laravel/framework/src/Illuminate/Container/BoundMethod.php(96): Illuminate/Container/Util::unwrapIfClosure(Object(Closure))
#19 C:/Users/hp/practica1-api2/vendor/laravel/framework/src/Illuminate/Container/BoundMethod.php(35): Illuminate/Container/BoundMethod::callBoundMethod(Object(Illuminate/Foundation/Application), Array, Object(Closure))
#20 C:/Users/hp/practica1-api2/vendor/laravel/framework/src/Illuminate/Container/Container.php(799): Illuminate/Container/BoundMethod::call(Object(Illuminate/Foundation/Application), Array, Array, NULL)
#21 C:/Users/hp/practica1-api2/vendor/laravel/framework/src/Illuminate/Bus/Dispatcher.php(129): Illuminate/Container/Container->call(Array)
#22 C:/Users/hp/practica1-api2/vendor/laravel/framework/src/Illuminate/Pipeline/Pipeline.php(180): Illuminate/Bus/Dispatcher->Illuminate/Bus/{closure}(Object(App/Jobs/EnviarConfirmacionPedido))
#23 C:/Users/hp/practica1-api2/vendor/laravel/framework/src/Illuminate/Pipeline/Pipeline.php(137): Illuminate/Pipeline/Pipeline->Illuminate/Pipeline/{closure}(Object(App/Jobs/EnviarConfirmacionPedido))
#24 C:/Users/hp/practica1-api2/vendor/laravel/framework/src/Illuminate/Bus/Dispatcher.php(133): Illuminate/Pipeline/Pipeline->then(Object(Closure))
#25 C:/Users/hp/practica1-api2/vendor/laravel/framework/src/Illuminate/Queue/CallQueuedHandler.php(136): Illuminate/Bus/Dispatcher->dispatchNow(Object(App/Jobs/EnviarConfirmacionPedido), false)
#26 C:/Users/hp/practica1-api2/vendor/laravel/framework/src/Illuminate/Pipeline/Pipeline.php(180): Illuminate/Queue/CallQueuedHandler->Illuminate/Queue/{closure}(Object(App/Jobs/EnviarConfirmacionPedido))
#27 C:/Users/hp/practica1-api2/vendor/laravel/framework/src/Illuminate/Pipeline/Pipeline.php(137): Illuminate/Pipeline/Pipeline->Illuminate/Pipeline/{closure}(Object(App/Jobs/EnviarConfirmacionPedido))
#28 C:/Users/hp/practica1-api2/vendor/laravel/framework/src/Illuminate/Queue/CallQueuedHandler.php(129): Illuminate/Pipeline/Pipeline->then(Object(Closure))
#29 C:/Users/hp/practica1-api2/vendor/laravel/framework/src/Illuminate/Queue/CallQueuedHandler.php(70): Illuminate/Queue/CallQueuedHandler->dispatchThroughMiddleware(Object(Illuminate/Queue/Jobs/DatabaseJob), Object(App/Jobs/EnviarConfirmacionPedido))
#30 C:/Users/hp/practica1-api2/vendor/laravel/framework/src/Illuminate/Queue/Jobs/Job.php(102): Illuminate/Queue/CallQueuedHandler->call(Object(Illuminate/Queue/Jobs/DatabaseJob), Array)
#31 C:/Users/hp/practica1-api2/vendor/laravel/framework/src/Illuminate/Queue/Worker.php(504): Illuminate/Queue/Jobs/Job->fire()
#32 C:/Users/hp/practica1-api2/vendor/laravel/framework/src/Illuminate/Queue/Worker.php(454): Illuminate/Queue/Worker->process('database', Object(Illuminate/Queue/Jobs/DatabaseJob), Object(Illuminate/Queue/WorkerOptions))
#33 C:/Users/hp/practica1-api2/vendor/laravel/framework/src/Illuminate/Queue/Worker.php(212): Illuminate/Queue/Worker->runJob(Object(Illuminate/Queue/Jobs/DatabaseJob), 'database', Object(Illuminate/Queue/WorkerOptions))
#34 C:/Users/hp/practica1-api2/vendor/laravel/framework/src/Illuminate/Queue/Console/WorkCommand.php(149): Illuminate/Queue/Worker->daemon('database', 'default', Object(Illuminate/Queue/WorkerOptions))
#35 C:/Users/hp/practica1-api2/vendor/laravel/framework/src/Illuminate/Queue/Console/WorkCommand.php(132): Illuminate/Queue/Console/WorkCommand->runWorker('database', 'default')
#36 C:/Users/hp/practica1-api2/vendor/laravel/framework/src/Illuminate/Container/BoundMethod.php(36): Illuminate/Queue/Console/WorkCommand->handle()
#37 C:/Users/hp/practica1-api2/vendor/laravel/framework/src/Illuminate/Container/Util.php(43): Illuminate/Container/BoundMethod::Illuminate/Container/{closure}()
#38 C:/Users/hp/practica1-api2/vendor/laravel/framework/src/Illuminate/Container/BoundMethod.php(96): Illuminate/Container/Util::unwrapIfClosure(Object(Closure))
#39 C:/Users/hp/practica1-api2/vendor/laravel/framework/src/Illuminate/Container/BoundMethod.php(35): Illuminate/Container/BoundMethod::callBoundMethod(Object(Illuminate/Foundation/Application), Array, Object(Closure))
#40 C:/Users/hp/practica1-api2/vendor/laravel/framework/src/Illuminate/Container/Container.php(799): Illuminate/Container/BoundMethod::call(Object(Illuminate/Foundation/Application), Array, Array, NULL)
#41 C:/Users/hp/practica1-api2/vendor/laravel/framework/src/Illuminate/Console/Command.php(211): Illuminate/Container/Container->call(Array)
#42 C:/Users/hp/practica1-api2/vendor/symfony/console/Command/Command.php(341): Illuminate/Console/Command->execute(Object(Symfony/Component/Console/Input/ArgvInput), Object(Illuminate/Console/OutputStyle))
#43 C:/Users/hp/practica1-api2/vendor/laravel/framework/src/Illuminate/Console/Command.php(180): Symfony/Component/Console/Command/Command->run(Object(Symfony/Component/Console/Input/ArgvInput), Object(Illuminate/Console/OutputStyle))
#44 C:/Users/hp/practica1-api2/vendor/symfony/console/Application.php(1117): Illuminate/Console/Command->run(Object(Symfony/Component/Console/Input/ArgvInput), Object(Symfony/Component/Console/Output/ConsoleOutput))
#45 C:/Users/hp/practica1-api2/vendor/symfony/console/Application.php(356): Symfony/Component/Console/Application->doRunCommand(Object(Illuminate/Queue/Console/WorkCommand), Object(Symfony/Component/Console/Input/ArgvInput), Object(Symfony/Component/Console/Output/ConsoleOutput))
#46 C:/Users/hp/practica1-api2/vendor/symfony/console/Application.php(195): Symfony/Component/Console/Application->doRun(Object(Symfony/Component/Console/Input/ArgvInput), Object(Symfony/Component/Console/Output/ConsoleOutput))
#47 C:/Users/hp/practica1-api2/vendor/laravel/framework/src/Illuminate/Foundation/Console/Kernel.php(198): Symfony/Component/Console/Application->run(Object(Symfony/Component/Console/Input/ArgvInput), Object(Symfony/Component/Console/Output/ConsoleOutput))
#48 C:/Users/hp/practica1-api2/vendor/laravel/framework/src/Illuminate/Foundation/Application.php(1235): Illuminate/Foundation/Console/Kernel->handle(Object(Symfony/Component/Console/Input/ArgvInput), Object(Symfony/Component/Console/Output/ConsoleOutput))
#49 C:/Users/hp/practica1-api2/artisan(16): Illuminate/Foundation/Application->handleCommand(Object(Symfony/Component/Console/Input/ArgvInput))
#50 {main}
"} 
[2026-06-14 06:58:30] local.ERROR: Error enviando correo {"pedido":4,"error":"Expected response code \"354\" but got code \"550\", with message \"550 5.7.0 Too many emails per second. Please upgrade your plan https://mailtrap.io/billing/plans/testing\"."} 
[2026-06-14 06:58:30] local.ERROR: Expected response code "354" but got code "550", with message "550 5.7.0 Too many emails per second. Please upgrade your plan https://mailtrap.io/billing/plans/testing". {"exception":"[object] (Symfony\\Component\\Mailer\\Exception\\UnexpectedResponseException(code: 550): Expected response code \"354\" but got code \"550\", with message \"550 5.7.0 Too many emails per second. Please upgrade your plan https://mailtrap.io/billing/plans/testing\". at C:/Users/hp/practica1-api2/vendor/symfony/mailer/Transport/Smtp/SmtpTransport.php:331)
[stacktrace]
#0 C:/Users/hp/practica1-api2/vendor/symfony/mailer/Transport/Smtp/SmtpTransport.php(187): Symfony/Component/Mailer/Transport/Smtp/SmtpTransport->assertResponseCode('550 5.7.0 Too m...', Array)
#1 C:/Users/hp/practica1-api2/vendor/symfony/mailer/Transport/Smtp/EsmtpTransport.php(150): Symfony/Component/Mailer/Transport/Smtp/SmtpTransport->executeCommand('DATA/r/n', Array)
#2 C:/Users/hp/practica1-api2/vendor/symfony/mailer/Transport/Smtp/SmtpTransport.php(209): Symfony/Component/Mailer/Transport/Smtp/EsmtpTransport->executeCommand('DATA/r/n', Array)
#3 C:/Users/hp/practica1-api2/vendor/symfony/mailer/Transport/AbstractTransport.php(69): Symfony/Component/Mailer/Transport/Smtp/SmtpTransport->doSend(Object(Symfony/Component/Mailer/SentMessage))
#4 C:/Users/hp/practica1-api2/vendor/symfony/mailer/Transport/Smtp/SmtpTransport.php(138): Symfony/Component/Mailer/Transport/AbstractTransport->send(Object(Symfony/Component/Mime/Email), Object(Symfony/Component/Mailer/DelayedEnvelope))
#5 C:/Users/hp/practica1-api2/vendor/laravel/framework/src/Illuminate/Mail/Mailer.php(584): Symfony/Component/Mailer/Transport/Smtp/SmtpTransport->send(Object(Symfony/Component/Mime/Email), Object(Symfony/Component/Mailer/DelayedEnvelope))
#6 C:/Users/hp/practica1-api2/vendor/laravel/framework/src/Illuminate/Mail/Mailer.php(331): Illuminate/Mail/Mailer->sendSymfonyMessage(Object(Symfony/Component/Mime/Email))
#7 C:/Users/hp/practica1-api2/vendor/laravel/framework/src/Illuminate/Notifications/Channels/MailChannel.php(66): Illuminate/Mail/Mailer->send(Object(Closure), Array, Object(Closure))
#8 C:/Users/hp/practica1-api2/vendor/laravel/framework/src/Illuminate/Notifications/NotificationSender.php(161): Illuminate/Notifications/Channels/MailChannel->send(Object(App/Models/User), Object(App/Notifications/ConfirmacionPedidoNotification))
#9 C:/Users/hp/practica1-api2/vendor/laravel/framework/src/Illuminate/Notifications/NotificationSender.php(116): Illuminate/Notifications/NotificationSender->sendToNotifiable(Object(App/Models/User), '9239f75d-053e-4...', Object(App/Notifications/ConfirmacionPedidoNotification), 'mail')
#10 C:/Users/hp/practica1-api2/vendor/laravel/framework/src/Illuminate/Support/Traits/Localizable.php(19): Illuminate/Notifications/NotificationSender->Illuminate/Notifications/{closure}()
#11 C:/Users/hp/practica1-api2/vendor/laravel/framework/src/Illuminate/Notifications/NotificationSender.php(111): Illuminate/Notifications/NotificationSender->withLocale(NULL, Object(Closure))
#12 C:/Users/hp/practica1-api2/vendor/laravel/framework/src/Illuminate/Notifications/NotificationSender.php(89): Illuminate/Notifications/NotificationSender->sendNow(Object(Illuminate/Database/Eloquent/Collection), Object(App/Notifications/ConfirmacionPedidoNotification))
#13 C:/Users/hp/practica1-api2/vendor/laravel/framework/src/Illuminate/Notifications/ChannelManager.php(47): Illuminate/Notifications/NotificationSender->send(Object(App/Models/User), Object(App/Notifications/ConfirmacionPedidoNotification))
#14 C:/Users/hp/practica1-api2/vendor/laravel/framework/src/Illuminate/Notifications/RoutesNotifications.php(18): Illuminate/Notifications/ChannelManager->send(Object(App/Models/User), Object(App/Notifications/ConfirmacionPedidoNotification))
#15 C:/Users/hp/practica1-api2/app/Jobs/EnviarConfirmacionPedido.php(42): App/Models/User->notify(Object(App/Notifications/ConfirmacionPedidoNotification))
#16 C:/Users/hp/practica1-api2/vendor/laravel/framework/src/Illuminate/Container/BoundMethod.php(36): App/Jobs/EnviarConfirmacionPedido->handle()
#17 C:/Users/hp/practica1-api2/vendor/laravel/framework/src/Illuminate/Container/Util.php(43): Illuminate/Container/BoundMethod::Illuminate/Container/{closure}()
#18 C:/Users/hp/practica1-api2/vendor/laravel/framework/src/Illuminate/Container/BoundMethod.php(96): Illuminate/Container/Util::unwrapIfClosure(Object(Closure))
#19 C:/Users/hp/practica1-api2/vendor/laravel/framework/src/Illuminate/Container/BoundMethod.php(35): Illuminate/Container/BoundMethod::callBoundMethod(Object(Illuminate/Foundation/Application), Array, Object(Closure))
#20 C:/Users/hp/practica1-api2/vendor/laravel/framework/src/Illuminate/Container/Container.php(799): Illuminate/Container/BoundMethod::call(Object(Illuminate/Foundation/Application), Array, Array, NULL)
#21 C:/Users/hp/practica1-api2/vendor/laravel/framework/src/Illuminate/Bus/Dispatcher.php(129): Illuminate/Container/Container->call(Array)
#22 C:/Users/hp/practica1-api2/vendor/laravel/framework/src/Illuminate/Pipeline/Pipeline.php(180): Illuminate/Bus/Dispatcher->Illuminate/Bus/{closure}(Object(App/Jobs/EnviarConfirmacionPedido))
#23 C:/Users/hp/practica1-api2/vendor/laravel/framework/src/Illuminate/Pipeline/Pipeline.php(137): Illuminate/Pipeline/Pipeline->Illuminate/Pipeline/{closure}(Object(App/Jobs/EnviarConfirmacionPedido))
#24 C:/Users/hp/practica1-api2/vendor/laravel/framework/src/Illuminate/Bus/Dispatcher.php(133): Illuminate/Pipeline/Pipeline->then(Object(Closure))
#25 C:/Users/hp/practica1-api2/vendor/laravel/framework/src/Illuminate/Queue/CallQueuedHandler.php(136): Illuminate/Bus/Dispatcher->dispatchNow(Object(App/Jobs/EnviarConfirmacionPedido), false)
#26 C:/Users/hp/practica1-api2/vendor/laravel/framework/src/Illuminate/Pipeline/Pipeline.php(180): Illuminate/Queue/CallQueuedHandler->Illuminate/Queue/{closure}(Object(App/Jobs/EnviarConfirmacionPedido))
#27 C:/Users/hp/practica1-api2/vendor/laravel/framework/src/Illuminate/Pipeline/Pipeline.php(137): Illuminate/Pipeline/Pipeline->Illuminate/Pipeline/{closure}(Object(App/Jobs/EnviarConfirmacionPedido))
#28 C:/Users/hp/practica1-api2/vendor/laravel/framework/src/Illuminate/Queue/CallQueuedHandler.php(129): Illuminate/Pipeline/Pipeline->then(Object(Closure))
#29 C:/Users/hp/practica1-api2/vendor/laravel/framework/src/Illuminate/Queue/CallQueuedHandler.php(70): Illuminate/Queue/CallQueuedHandler->dispatchThroughMiddleware(Object(Illuminate/Queue/Jobs/DatabaseJob), Object(App/Jobs/EnviarConfirmacionPedido))
#30 C:/Users/hp/practica1-api2/vendor/laravel/framework/src/Illuminate/Queue/Jobs/Job.php(102): Illuminate/Queue/CallQueuedHandler->call(Object(Illuminate/Queue/Jobs/DatabaseJob), Array)
#31 C:/Users/hp/practica1-api2/vendor/laravel/framework/src/Illuminate/Queue/Worker.php(504): Illuminate/Queue/Jobs/Job->fire()
#32 C:/Users/hp/practica1-api2/vendor/laravel/framework/src/Illuminate/Queue/Worker.php(454): Illuminate/Queue/Worker->process('database', Object(Illuminate/Queue/Jobs/DatabaseJob), Object(Illuminate/Queue/WorkerOptions))
#33 C:/Users/hp/practica1-api2/vendor/laravel/framework/src/Illuminate/Queue/Worker.php(212): Illuminate/Queue/Worker->runJob(Object(Illuminate/Queue/Jobs/DatabaseJob), 'database', Object(Illuminate/Queue/WorkerOptions))
#34 C:/Users/hp/practica1-api2/vendor/laravel/framework/src/Illuminate/Queue/Console/WorkCommand.php(149): Illuminate/Queue/Worker->daemon('database', 'default', Object(Illuminate/Queue/WorkerOptions))
#35 C:/Users/hp/practica1-api2/vendor/laravel/framework/src/Illuminate/Queue/Console/WorkCommand.php(132): Illuminate/Queue/Console/WorkCommand->runWorker('database', 'default')
#36 C:/Users/hp/practica1-api2/vendor/laravel/framework/src/Illuminate/Container/BoundMethod.php(36): Illuminate/Queue/Console/WorkCommand->handle()
#37 C:/Users/hp/practica1-api2/vendor/laravel/framework/src/Illuminate/Container/Util.php(43): Illuminate/Container/BoundMethod::Illuminate/Container/{closure}()
#38 C:/Users/hp/practica1-api2/vendor/laravel/framework/src/Illuminate/Container/BoundMethod.php(96): Illuminate/Container/Util::unwrapIfClosure(Object(Closure))
#39 C:/Users/hp/practica1-api2/vendor/laravel/framework/src/Illuminate/Container/BoundMethod.php(35): Illuminate/Container/BoundMethod::callBoundMethod(Object(Illuminate/Foundation/Application), Array, Object(Closure))
#40 C:/Users/hp/practica1-api2/vendor/laravel/framework/src/Illuminate/Container/Container.php(799): Illuminate/Container/BoundMethod::call(Object(Illuminate/Foundation/Application), Array, Array, NULL)
#41 C:/Users/hp/practica1-api2/vendor/laravel/framework/src/Illuminate/Console/Command.php(211): Illuminate/Container/Container->call(Array)
#42 C:/Users/hp/practica1-api2/vendor/symfony/console/Command/Command.php(341): Illuminate/Console/Command->execute(Object(Symfony/Component/Console/Input/ArgvInput), Object(Illuminate/Console/OutputStyle))
#43 C:/Users/hp/practica1-api2/vendor/laravel/framework/src/Illuminate/Console/Command.php(180): Symfony/Component/Console/Command/Command->run(Object(Symfony/Component/Console/Input/ArgvInput), Object(Illuminate/Console/OutputStyle))
#44 C:/Users/hp/practica1-api2/vendor/symfony/console/Application.php(1117): Illuminate/Console/Command->run(Object(Symfony/Component/Console/Input/ArgvInput), Object(Symfony/Component/Console/Output/ConsoleOutput))
#45 C:/Users/hp/practica1-api2/vendor/symfony/console/Application.php(356): Symfony/Component/Console/Application->doRunCommand(Object(Illuminate/Queue/Console/WorkCommand), Object(Symfony/Component/Console/Input/ArgvInput), Object(Symfony/Component/Console/Output/ConsoleOutput))
#46 C:/Users/hp/practica1-api2/vendor/symfony/console/Application.php(195): Symfony/Component/Console/Application->doRun(Object(Symfony/Component/Console/Input/ArgvInput), Object(Symfony/Component/Console/Output/ConsoleOutput))
#47 C:/Users/hp/practica1-api2/vendor/laravel/framework/src/Illuminate/Foundation/Console/Kernel.php(198): Symfony/Component/Console/Application->run(Object(Symfony/Component/Console/Input/ArgvInput), Object(Symfony/Component/Console/Output/ConsoleOutput))
#48 C:/Users/hp/practica1-api2/vendor/laravel/framework/src/Illuminate/Foundation/Application.php(1235): Illuminate/Foundation/Console/Kernel->handle(Object(Symfony/Component/Console/Input/ArgvInput), Object(Symfony/Component/Console/Output/ConsoleOutput))
#49 C:/Users/hp/practica1-api2/artisan(16): Illuminate/Foundation/Application->handleCommand(Object(Symfony/Component/Console/Input/ArgvInput))
#50 {main}
"} 
[2026-06-14 06:58:34] local.ERROR: Error enviando correo {"pedido":3,"error":"Expected response code \"354\" but got code \"550\", with message \"550 5.7.0 Too many emails per second. Please upgrade your plan https://mailtrap.io/billing/plans/testing\"."} 
[2026-06-14 06:58:34] local.ERROR: Expected response code "354" but got code "550", with message "550 5.7.0 Too many emails per second. Please upgrade your plan https://mailtrap.io/billing/plans/testing". {"exception":"[object] (Symfony\\Component\\Mailer\\Exception\\UnexpectedResponseException(code: 550): Expected response code \"354\" but got code \"550\", with message \"550 5.7.0 Too many emails per second. Please upgrade your plan https://mailtrap.io/billing/plans/testing\". at C:/Users/hp/practica1-api2/vendor/symfony/mailer/Transport/Smtp/SmtpTransport.php:331)
[stacktrace]
#0 C:/Users/hp/practica1-api2/vendor/symfony/mailer/Transport/Smtp/SmtpTransport.php(187): Symfony/Component/Mailer/Transport/Smtp/SmtpTransport->assertResponseCode('550 5.7.0 Too m...', Array)
#1 C:/Users/hp/practica1-api2/vendor/symfony/mailer/Transport/Smtp/EsmtpTransport.php(150): Symfony/Component/Mailer/Transport/Smtp/SmtpTransport->executeCommand('DATA/r/n', Array)
#2 C:/Users/hp/practica1-api2/vendor/symfony/mailer/Transport/Smtp/SmtpTransport.php(209): Symfony/Component/Mailer/Transport/Smtp/EsmtpTransport->executeCommand('DATA/r/n', Array)
#3 C:/Users/hp/practica1-api2/vendor/symfony/mailer/Transport/AbstractTransport.php(69): Symfony/Component/Mailer/Transport/Smtp/SmtpTransport->doSend(Object(Symfony/Component/Mailer/SentMessage))
#4 C:/Users/hp/practica1-api2/vendor/symfony/mailer/Transport/Smtp/SmtpTransport.php(138): Symfony/Component/Mailer/Transport/AbstractTransport->send(Object(Symfony/Component/Mime/Email), Object(Symfony/Component/Mailer/DelayedEnvelope))
#5 C:/Users/hp/practica1-api2/vendor/laravel/framework/src/Illuminate/Mail/Mailer.php(584): Symfony/Component/Mailer/Transport/Smtp/SmtpTransport->send(Object(Symfony/Component/Mime/Email), Object(Symfony/Component/Mailer/DelayedEnvelope))
#6 C:/Users/hp/practica1-api2/vendor/laravel/framework/src/Illuminate/Mail/Mailer.php(331): Illuminate/Mail/Mailer->sendSymfonyMessage(Object(Symfony/Component/Mime/Email))
#7 C:/Users/hp/practica1-api2/vendor/laravel/framework/src/Illuminate/Notifications/Channels/MailChannel.php(66): Illuminate/Mail/Mailer->send(Object(Closure), Array, Object(Closure))
#8 C:/Users/hp/practica1-api2/vendor/laravel/framework/src/Illuminate/Notifications/NotificationSender.php(161): Illuminate/Notifications/Channels/MailChannel->send(Object(App/Models/User), Object(App/Notifications/ConfirmacionPedidoNotification))
#9 C:/Users/hp/practica1-api2/vendor/laravel/framework/src/Illuminate/Notifications/NotificationSender.php(116): Illuminate/Notifications/NotificationSender->sendToNotifiable(Object(App/Models/User), '5e924e04-58f7-4...', Object(App/Notifications/ConfirmacionPedidoNotification), 'mail')
#10 C:/Users/hp/practica1-api2/vendor/laravel/framework/src/Illuminate/Support/Traits/Localizable.php(19): Illuminate/Notifications/NotificationSender->Illuminate/Notifications/{closure}()
#11 C:/Users/hp/practica1-api2/vendor/laravel/framework/src/Illuminate/Notifications/NotificationSender.php(111): Illuminate/Notifications/NotificationSender->withLocale(NULL, Object(Closure))
#12 C:/Users/hp/practica1-api2/vendor/laravel/framework/src/Illuminate/Notifications/NotificationSender.php(89): Illuminate/Notifications/NotificationSender->sendNow(Object(Illuminate/Database/Eloquent/Collection), Object(App/Notifications/ConfirmacionPedidoNotification))
#13 C:/Users/hp/practica1-api2/vendor/laravel/framework/src/Illuminate/Notifications/ChannelManager.php(47): Illuminate/Notifications/NotificationSender->send(Object(App/Models/User), Object(App/Notifications/ConfirmacionPedidoNotification))
#14 C:/Users/hp/practica1-api2/vendor/laravel/framework/src/Illuminate/Notifications/RoutesNotifications.php(18): Illuminate/Notifications/ChannelManager->send(Object(App/Models/User), Object(App/Notifications/ConfirmacionPedidoNotification))
#15 C:/Users/hp/practica1-api2/app/Jobs/EnviarConfirmacionPedido.php(42): App/Models/User->notify(Object(App/Notifications/ConfirmacionPedidoNotification))
#16 C:/Users/hp/practica1-api2/vendor/laravel/framework/src/Illuminate/Container/BoundMethod.php(36): App/Jobs/EnviarConfirmacionPedido->handle()
#17 C:/Users/hp/practica1-api2/vendor/laravel/framework/src/Illuminate/Container/Util.php(43): Illuminate/Container/BoundMethod::Illuminate/Container/{closure}()
#18 C:/Users/hp/practica1-api2/vendor/laravel/framework/src/Illuminate/Container/BoundMethod.php(96): Illuminate/Container/Util::unwrapIfClosure(Object(Closure))
#19 C:/Users/hp/practica1-api2/vendor/laravel/framework/src/Illuminate/Container/BoundMethod.php(35): Illuminate/Container/BoundMethod::callBoundMethod(Object(Illuminate/Foundation/Application), Array, Object(Closure))
#20 C:/Users/hp/practica1-api2/vendor/laravel/framework/src/Illuminate/Container/Container.php(799): Illuminate/Container/BoundMethod::call(Object(Illuminate/Foundation/Application), Array, Array, NULL)
#21 C:/Users/hp/practica1-api2/vendor/laravel/framework/src/Illuminate/Bus/Dispatcher.php(129): Illuminate/Container/Container->call(Array)
#22 C:/Users/hp/practica1-api2/vendor/laravel/framework/src/Illuminate/Pipeline/Pipeline.php(180): Illuminate/Bus/Dispatcher->Illuminate/Bus/{closure}(Object(App/Jobs/EnviarConfirmacionPedido))
#23 C:/Users/hp/practica1-api2/vendor/laravel/framework/src/Illuminate/Pipeline/Pipeline.php(137): Illuminate/Pipeline/Pipeline->Illuminate/Pipeline/{closure}(Object(App/Jobs/EnviarConfirmacionPedido))
#24 C:/Users/hp/practica1-api2/vendor/laravel/framework/src/Illuminate/Bus/Dispatcher.php(133): Illuminate/Pipeline/Pipeline->then(Object(Closure))
#25 C:/Users/hp/practica1-api2/vendor/laravel/framework/src/Illuminate/Queue/CallQueuedHandler.php(136): Illuminate/Bus/Dispatcher->dispatchNow(Object(App/Jobs/EnviarConfirmacionPedido), false)
#26 C:/Users/hp/practica1-api2/vendor/laravel/framework/src/Illuminate/Pipeline/Pipeline.php(180): Illuminate/Queue/CallQueuedHandler->Illuminate/Queue/{closure}(Object(App/Jobs/EnviarConfirmacionPedido))
#27 C:/Users/hp/practica1-api2/vendor/laravel/framework/src/Illuminate/Pipeline/Pipeline.php(137): Illuminate/Pipeline/Pipeline->Illuminate/Pipeline/{closure}(Object(App/Jobs/EnviarConfirmacionPedido))
#28 C:/Users/hp/practica1-api2/vendor/laravel/framework/src/Illuminate/Queue/CallQueuedHandler.php(129): Illuminate/Pipeline/Pipeline->then(Object(Closure))
#29 C:/Users/hp/practica1-api2/vendor/laravel/framework/src/Illuminate/Queue/CallQueuedHandler.php(70): Illuminate/Queue/CallQueuedHandler->dispatchThroughMiddleware(Object(Illuminate/Queue/Jobs/DatabaseJob), Object(App/Jobs/EnviarConfirmacionPedido))
#30 C:/Users/hp/practica1-api2/vendor/laravel/framework/src/Illuminate/Queue/Jobs/Job.php(102): Illuminate/Queue/CallQueuedHandler->call(Object(Illuminate/Queue/Jobs/DatabaseJob), Array)
#31 C:/Users/hp/practica1-api2/vendor/laravel/framework/src/Illuminate/Queue/Worker.php(504): Illuminate/Queue/Jobs/Job->fire()
#32 C:/Users/hp/practica1-api2/vendor/laravel/framework/src/Illuminate/Queue/Worker.php(454): Illuminate/Queue/Worker->process('database', Object(Illuminate/Queue/Jobs/DatabaseJob), Object(Illuminate/Queue/WorkerOptions))
#33 C:/Users/hp/practica1-api2/vendor/laravel/framework/src/Illuminate/Queue/Worker.php(212): Illuminate/Queue/Worker->runJob(Object(Illuminate/Queue/Jobs/DatabaseJob), 'database', Object(Illuminate/Queue/WorkerOptions))
#34 C:/Users/hp/practica1-api2/vendor/laravel/framework/src/Illuminate/Queue/Console/WorkCommand.php(149): Illuminate/Queue/Worker->daemon('database', 'default', Object(Illuminate/Queue/WorkerOptions))
#35 C:/Users/hp/practica1-api2/vendor/laravel/framework/src/Illuminate/Queue/Console/WorkCommand.php(132): Illuminate/Queue/Console/WorkCommand->runWorker('database', 'default')
#36 C:/Users/hp/practica1-api2/vendor/laravel/framework/src/Illuminate/Container/BoundMethod.php(36): Illuminate/Queue/Console/WorkCommand->handle()
#37 C:/Users/hp/practica1-api2/vendor/laravel/framework/src/Illuminate/Container/Util.php(43): Illuminate/Container/BoundMethod::Illuminate/Container/{closure}()
#38 C:/Users/hp/practica1-api2/vendor/laravel/framework/src/Illuminate/Container/BoundMethod.php(96): Illuminate/Container/Util::unwrapIfClosure(Object(Closure))
#39 C:/Users/hp/practica1-api2/vendor/laravel/framework/src/Illuminate/Container/BoundMethod.php(35): Illuminate/Container/BoundMethod::callBoundMethod(Object(Illuminate/Foundation/Application), Array, Object(Closure))
#40 C:/Users/hp/practica1-api2/vendor/laravel/framework/src/Illuminate/Container/Container.php(799): Illuminate/Container/BoundMethod::call(Object(Illuminate/Foundation/Application), Array, Array, NULL)
#41 C:/Users/hp/practica1-api2/vendor/laravel/framework/src/Illuminate/Console/Command.php(211): Illuminate/Container/Container->call(Array)
#42 C:/Users/hp/practica1-api2/vendor/symfony/console/Command/Command.php(341): Illuminate/Console/Command->execute(Object(Symfony/Component/Console/Input/ArgvInput), Object(Illuminate/Console/OutputStyle))
#43 C:/Users/hp/practica1-api2/vendor/laravel/framework/src/Illuminate/Console/Command.php(180): Symfony/Component/Console/Command/Command->run(Object(Symfony/Component/Console/Input/ArgvInput), Object(Illuminate/Console/OutputStyle))
#44 C:/Users/hp/practica1-api2/vendor/symfony/console/Application.php(1117): Illuminate/Console/Command->run(Object(Symfony/Component/Console/Input/ArgvInput), Object(Symfony/Component/Console/Output/ConsoleOutput))
#45 C:/Users/hp/practica1-api2/vendor/symfony/console/Application.php(356): Symfony/Component/Console/Application->doRunCommand(Object(Illuminate/Queue/Console/WorkCommand), Object(Symfony/Component/Console/Input/ArgvInput), Object(Symfony/Component/Console/Output/ConsoleOutput))
#46 C:/Users/hp/practica1-api2/vendor/symfony/console/Application.php(195): Symfony/Component/Console/Application->doRun(Object(Symfony/Component/Console/Input/ArgvInput), Object(Symfony/Component/Console/Output/ConsoleOutput))
#47 C:/Users/hp/practica1-api2/vendor/laravel/framework/src/Illuminate/Foundation/Console/Kernel.php(198): Symfony/Component/Console/Application->run(Object(Symfony/Component/Console/Input/ArgvInput), Object(Symfony/Component/Console/Output/ConsoleOutput))
#48 C:/Users/hp/practica1-api2/vendor/laravel/framework/src/Illuminate/Foundation/Application.php(1235): Illuminate/Foundation/Console/Kernel->handle(Object(Symfony/Component/Console/Input/ArgvInput), Object(Symfony/Component/Console/Output/ConsoleOutput))
#49 C:/Users/hp/practica1-api2/artisan(16): Illuminate/Foundation/Application->handleCommand(Object(Symfony/Component/Console/Input/ArgvInput))
#50 {main}
"} 
[2026-06-14 06:58:37] local.ERROR: Error enviando correo {"pedido":4,"error":"Expected response code \"354\" but got code \"550\", with message \"550 5.7.0 Too many emails per second. Please upgrade your plan https://mailtrap.io/billing/plans/testing\"."} 
[2026-06-14 06:58:37] local.ERROR: Expected response code "354" but got code "550", with message "550 5.7.0 Too many emails per second. Please upgrade your plan https://mailtrap.io/billing/plans/testing". {"exception":"[object] (Symfony\\Component\\Mailer\\Exception\\UnexpectedResponseException(code: 550): Expected response code \"354\" but got code \"550\", with message \"550 5.7.0 Too many emails per second. Please upgrade your plan https://mailtrap.io/billing/plans/testing\". at C:/Users/hp/practica1-api2/vendor/symfony/mailer/Transport/Smtp/SmtpTransport.php:331)
[stacktrace]
#0 C:/Users/hp/practica1-api2/vendor/symfony/mailer/Transport/Smtp/SmtpTransport.php(187): Symfony/Component/Mailer/Transport/Smtp/SmtpTransport->assertResponseCode('550 5.7.0 Too m...', Array)
#1 C:/Users/hp/practica1-api2/vendor/symfony/mailer/Transport/Smtp/EsmtpTransport.php(150): Symfony/Component/Mailer/Transport/Smtp/SmtpTransport->executeCommand('DATA/r/n', Array)
#2 C:/Users/hp/practica1-api2/vendor/symfony/mailer/Transport/Smtp/SmtpTransport.php(209): Symfony/Component/Mailer/Transport/Smtp/EsmtpTransport->executeCommand('DATA/r/n', Array)
#3 C:/Users/hp/practica1-api2/vendor/symfony/mailer/Transport/AbstractTransport.php(69): Symfony/Component/Mailer/Transport/Smtp/SmtpTransport->doSend(Object(Symfony/Component/Mailer/SentMessage))
#4 C:/Users/hp/practica1-api2/vendor/symfony/mailer/Transport/Smtp/SmtpTransport.php(138): Symfony/Component/Mailer/Transport/AbstractTransport->send(Object(Symfony/Component/Mime/Email), Object(Symfony/Component/Mailer/DelayedEnvelope))
#5 C:/Users/hp/practica1-api2/vendor/laravel/framework/src/Illuminate/Mail/Mailer.php(584): Symfony/Component/Mailer/Transport/Smtp/SmtpTransport->send(Object(Symfony/Component/Mime/Email), Object(Symfony/Component/Mailer/DelayedEnvelope))
#6 C:/Users/hp/practica1-api2/vendor/laravel/framework/src/Illuminate/Mail/Mailer.php(331): Illuminate/Mail/Mailer->sendSymfonyMessage(Object(Symfony/Component/Mime/Email))
#7 C:/Users/hp/practica1-api2/vendor/laravel/framework/src/Illuminate/Notifications/Channels/MailChannel.php(66): Illuminate/Mail/Mailer->send(Object(Closure), Array, Object(Closure))
#8 C:/Users/hp/practica1-api2/vendor/laravel/framework/src/Illuminate/Notifications/NotificationSender.php(161): Illuminate/Notifications/Channels/MailChannel->send(Object(App/Models/User), Object(App/Notifications/ConfirmacionPedidoNotification))
#9 C:/Users/hp/practica1-api2/vendor/laravel/framework/src/Illuminate/Notifications/NotificationSender.php(116): Illuminate/Notifications/NotificationSender->sendToNotifiable(Object(App/Models/User), 'c4f58734-d1e6-4...', Object(App/Notifications/ConfirmacionPedidoNotification), 'mail')
#10 C:/Users/hp/practica1-api2/vendor/laravel/framework/src/Illuminate/Support/Traits/Localizable.php(19): Illuminate/Notifications/NotificationSender->Illuminate/Notifications/{closure}()
#11 C:/Users/hp/practica1-api2/vendor/laravel/framework/src/Illuminate/Notifications/NotificationSender.php(111): Illuminate/Notifications/NotificationSender->withLocale(NULL, Object(Closure))
#12 C:/Users/hp/practica1-api2/vendor/laravel/framework/src/Illuminate/Notifications/NotificationSender.php(89): Illuminate/Notifications/NotificationSender->sendNow(Object(Illuminate/Database/Eloquent/Collection), Object(App/Notifications/ConfirmacionPedidoNotification))
#13 C:/Users/hp/practica1-api2/vendor/laravel/framework/src/Illuminate/Notifications/ChannelManager.php(47): Illuminate/Notifications/NotificationSender->send(Object(App/Models/User), Object(App/Notifications/ConfirmacionPedidoNotification))
#14 C:/Users/hp/practica1-api2/vendor/laravel/framework/src/Illuminate/Notifications/RoutesNotifications.php(18): Illuminate/Notifications/ChannelManager->send(Object(App/Models/User), Object(App/Notifications/ConfirmacionPedidoNotification))
#15 C:/Users/hp/practica1-api2/app/Jobs/EnviarConfirmacionPedido.php(42): App/Models/User->notify(Object(App/Notifications/ConfirmacionPedidoNotification))
#16 C:/Users/hp/practica1-api2/vendor/laravel/framework/src/Illuminate/Container/BoundMethod.php(36): App/Jobs/EnviarConfirmacionPedido->handle()
#17 C:/Users/hp/practica1-api2/vendor/laravel/framework/src/Illuminate/Container/Util.php(43): Illuminate/Container/BoundMethod::Illuminate/Container/{closure}()
#18 C:/Users/hp/practica1-api2/vendor/laravel/framework/src/Illuminate/Container/BoundMethod.php(96): Illuminate/Container/Util::unwrapIfClosure(Object(Closure))
#19 C:/Users/hp/practica1-api2/vendor/laravel/framework/src/Illuminate/Container/BoundMethod.php(35): Illuminate/Container/BoundMethod::callBoundMethod(Object(Illuminate/Foundation/Application), Array, Object(Closure))
#20 C:/Users/hp/practica1-api2/vendor/laravel/framework/src/Illuminate/Container/Container.php(799): Illuminate/Container/BoundMethod::call(Object(Illuminate/Foundation/Application), Array, Array, NULL)
#21 C:/Users/hp/practica1-api2/vendor/laravel/framework/src/Illuminate/Bus/Dispatcher.php(129): Illuminate/Container/Container->call(Array)
#22 C:/Users/hp/practica1-api2/vendor/laravel/framework/src/Illuminate/Pipeline/Pipeline.php(180): Illuminate/Bus/Dispatcher->Illuminate/Bus/{closure}(Object(App/Jobs/EnviarConfirmacionPedido))
#23 C:/Users/hp/practica1-api2/vendor/laravel/framework/src/Illuminate/Pipeline/Pipeline.php(137): Illuminate/Pipeline/Pipeline->Illuminate/Pipeline/{closure}(Object(App/Jobs/EnviarConfirmacionPedido))
#24 C:/Users/hp/practica1-api2/vendor/laravel/framework/src/Illuminate/Bus/Dispatcher.php(133): Illuminate/Pipeline/Pipeline->then(Object(Closure))
#25 C:/Users/hp/practica1-api2/vendor/laravel/framework/src/Illuminate/Queue/CallQueuedHandler.php(136): Illuminate/Bus/Dispatcher->dispatchNow(Object(App/Jobs/EnviarConfirmacionPedido), false)
#26 C:/Users/hp/practica1-api2/vendor/laravel/framework/src/Illuminate/Pipeline/Pipeline.php(180): Illuminate/Queue/CallQueuedHandler->Illuminate/Queue/{closure}(Object(App/Jobs/EnviarConfirmacionPedido))
#27 C:/Users/hp/practica1-api2/vendor/laravel/framework/src/Illuminate/Pipeline/Pipeline.php(137): Illuminate/Pipeline/Pipeline->Illuminate/Pipeline/{closure}(Object(App/Jobs/EnviarConfirmacionPedido))
#28 C:/Users/hp/practica1-api2/vendor/laravel/framework/src/Illuminate/Queue/CallQueuedHandler.php(129): Illuminate/Pipeline/Pipeline->then(Object(Closure))
#29 C:/Users/hp/practica1-api2/vendor/laravel/framework/src/Illuminate/Queue/CallQueuedHandler.php(70): Illuminate/Queue/CallQueuedHandler->dispatchThroughMiddleware(Object(Illuminate/Queue/Jobs/DatabaseJob), Object(App/Jobs/EnviarConfirmacionPedido))
#30 C:/Users/hp/practica1-api2/vendor/laravel/framework/src/Illuminate/Queue/Jobs/Job.php(102): Illuminate/Queue/CallQueuedHandler->call(Object(Illuminate/Queue/Jobs/DatabaseJob), Array)
#31 C:/Users/hp/practica1-api2/vendor/laravel/framework/src/Illuminate/Queue/Worker.php(504): Illuminate/Queue/Jobs/Job->fire()
#32 C:/Users/hp/practica1-api2/vendor/laravel/framework/src/Illuminate/Queue/Worker.php(454): Illuminate/Queue/Worker->process('database', Object(Illuminate/Queue/Jobs/DatabaseJob), Object(Illuminate/Queue/WorkerOptions))
#33 C:/Users/hp/practica1-api2/vendor/laravel/framework/src/Illuminate/Queue/Worker.php(212): Illuminate/Queue/Worker->runJob(Object(Illuminate/Queue/Jobs/DatabaseJob), 'database', Object(Illuminate/Queue/WorkerOptions))
#34 C:/Users/hp/practica1-api2/vendor/laravel/framework/src/Illuminate/Queue/Console/WorkCommand.php(149): Illuminate/Queue/Worker->daemon('database', 'default', Object(Illuminate/Queue/WorkerOptions))
#35 C:/Users/hp/practica1-api2/vendor/laravel/framework/src/Illuminate/Queue/Console/WorkCommand.php(132): Illuminate/Queue/Console/WorkCommand->runWorker('database', 'default')
#36 C:/Users/hp/practica1-api2/vendor/laravel/framework/src/Illuminate/Container/BoundMethod.php(36): Illuminate/Queue/Console/WorkCommand->handle()
#37 C:/Users/hp/practica1-api2/vendor/laravel/framework/src/Illuminate/Container/Util.php(43): Illuminate/Container/BoundMethod::Illuminate/Container/{closure}()
#38 C:/Users/hp/practica1-api2/vendor/laravel/framework/src/Illuminate/Container/BoundMethod.php(96): Illuminate/Container/Util::unwrapIfClosure(Object(Closure))
#39 C:/Users/hp/practica1-api2/vendor/laravel/framework/src/Illuminate/Container/BoundMethod.php(35): Illuminate/Container/BoundMethod::callBoundMethod(Object(Illuminate/Foundation/Application), Array, Object(Closure))
#40 C:/Users/hp/practica1-api2/vendor/laravel/framework/src/Illuminate/Container/Container.php(799): Illuminate/Container/BoundMethod::call(Object(Illuminate/Foundation/Application), Array, Array, NULL)
#41 C:/Users/hp/practica1-api2/vendor/laravel/framework/src/Illuminate/Console/Command.php(211): Illuminate/Container/Container->call(Array)
#42 C:/Users/hp/practica1-api2/vendor/symfony/console/Command/Command.php(341): Illuminate/Console/Command->execute(Object(Symfony/Component/Console/Input/ArgvInput), Object(Illuminate/Console/OutputStyle))
#43 C:/Users/hp/practica1-api2/vendor/laravel/framework/src/Illuminate/Console/Command.php(180): Symfony/Component/Console/Command/Command->run(Object(Symfony/Component/Console/Input/ArgvInput), Object(Illuminate/Console/OutputStyle))
#44 C:/Users/hp/practica1-api2/vendor/symfony/console/Application.php(1117): Illuminate/Console/Command->run(Object(Symfony/Component/Console/Input/ArgvInput), Object(Symfony/Component/Console/Output/ConsoleOutput))
#45 C:/Users/hp/practica1-api2/vendor/symfony/console/Application.php(356): Symfony/Component/Console/Application->doRunCommand(Object(Illuminate/Queue/Console/WorkCommand), Object(Symfony/Component/Console/Input/ArgvInput), Object(Symfony/Component/Console/Output/ConsoleOutput))
#46 C:/Users/hp/practica1-api2/vendor/symfony/console/Application.php(195): Symfony/Component/Console/Application->doRun(Object(Symfony/Component/Console/Input/ArgvInput), Object(Symfony/Component/Console/Output/ConsoleOutput))
#47 C:/Users/hp/practica1-api2/vendor/laravel/framework/src/Illuminate/Foundation/Console/Kernel.php(198): Symfony/Component/Console/Application->run(Object(Symfony/Component/Console/Input/ArgvInput), Object(Symfony/Component/Console/Output/ConsoleOutput))
#48 C:/Users/hp/practica1-api2/vendor/laravel/framework/src/Illuminate/Foundation/Application.php(1235): Illuminate/Foundation/Console/Kernel->handle(Object(Symfony/Component/Console/Input/ArgvInput), Object(Symfony/Component/Console/Output/ConsoleOutput))
#49 C:/Users/hp/practica1-api2/artisan(16): Illuminate/Foundation/Application->handleCommand(Object(Symfony/Component/Console/Input/ArgvInput))
#50 {main}
"} 
[2026-06-14 06:58:45] local.ERROR: Error enviando correo {"pedido":4,"error":"Expected response code \"354\" but got code \"550\", with message \"550 5.7.0 Too many emails per second. Please upgrade your plan https://mailtrap.io/billing/plans/testing\"."} 
[2026-06-14 06:58:45] local.ERROR: Fallo envío email pedido 4 {"error":"Expected response code \"354\" but got code \"550\", with message \"550 5.7.0 Too many emails per second. Please upgrade your plan https://mailtrap.io/billing/plans/testing\"."} 
[2026-06-14 06:58:45] local.ERROR: Expected response code "354" but got code "550", with message "550 5.7.0 Too many emails per second. Please upgrade your plan https://mailtrap.io/billing/plans/testing". {"exception":"[object] (Symfony\\Component\\Mailer\\Exception\\UnexpectedResponseException(code: 550): Expected response code \"354\" but got code \"550\", with message \"550 5.7.0 Too many emails per second. Please upgrade your plan https://mailtrap.io/billing/plans/testing\". at C:/Users/hp/practica1-api2/vendor/symfony/mailer/Transport/Smtp/SmtpTransport.php:331)
[stacktrace]
#0 C:/Users/hp/practica1-api2/vendor/symfony/mailer/Transport/Smtp/SmtpTransport.php(187): Symfony/Component/Mailer/Transport/Smtp/SmtpTransport->assertResponseCode('550 5.7.0 Too m...', Array)
#1 C:/Users/hp/practica1-api2/vendor/symfony/mailer/Transport/Smtp/EsmtpTransport.php(150): Symfony/Component/Mailer/Transport/Smtp/SmtpTransport->executeCommand('DATA/r/n', Array)
#2 C:/Users/hp/practica1-api2/vendor/symfony/mailer/Transport/Smtp/SmtpTransport.php(209): Symfony/Component/Mailer/Transport/Smtp/EsmtpTransport->executeCommand('DATA/r/n', Array)
#3 C:/Users/hp/practica1-api2/vendor/symfony/mailer/Transport/AbstractTransport.php(69): Symfony/Component/Mailer/Transport/Smtp/SmtpTransport->doSend(Object(Symfony/Component/Mailer/SentMessage))
#4 C:/Users/hp/practica1-api2/vendor/symfony/mailer/Transport/Smtp/SmtpTransport.php(138): Symfony/Component/Mailer/Transport/AbstractTransport->send(Object(Symfony/Component/Mime/Email), Object(Symfony/Component/Mailer/DelayedEnvelope))
#5 C:/Users/hp/practica1-api2/vendor/laravel/framework/src/Illuminate/Mail/Mailer.php(584): Symfony/Component/Mailer/Transport/Smtp/SmtpTransport->send(Object(Symfony/Component/Mime/Email), Object(Symfony/Component/Mailer/DelayedEnvelope))
#6 C:/Users/hp/practica1-api2/vendor/laravel/framework/src/Illuminate/Mail/Mailer.php(331): Illuminate/Mail/Mailer->sendSymfonyMessage(Object(Symfony/Component/Mime/Email))
#7 C:/Users/hp/practica1-api2/vendor/laravel/framework/src/Illuminate/Notifications/Channels/MailChannel.php(66): Illuminate/Mail/Mailer->send(Object(Closure), Array, Object(Closure))
#8 C:/Users/hp/practica1-api2/vendor/laravel/framework/src/Illuminate/Notifications/NotificationSender.php(161): Illuminate/Notifications/Channels/MailChannel->send(Object(App/Models/User), Object(App/Notifications/ConfirmacionPedidoNotification))
#9 C:/Users/hp/practica1-api2/vendor/laravel/framework/src/Illuminate/Notifications/NotificationSender.php(116): Illuminate/Notifications/NotificationSender->sendToNotifiable(Object(App/Models/User), '8a9e5f9b-d74b-4...', Object(App/Notifications/ConfirmacionPedidoNotification), 'mail')
#10 C:/Users/hp/practica1-api2/vendor/laravel/framework/src/Illuminate/Support/Traits/Localizable.php(19): Illuminate/Notifications/NotificationSender->Illuminate/Notifications/{closure}()
#11 C:/Users/hp/practica1-api2/vendor/laravel/framework/src/Illuminate/Notifications/NotificationSender.php(111): Illuminate/Notifications/NotificationSender->withLocale(NULL, Object(Closure))
#12 C:/Users/hp/practica1-api2/vendor/laravel/framework/src/Illuminate/Notifications/NotificationSender.php(89): Illuminate/Notifications/NotificationSender->sendNow(Object(Illuminate/Database/Eloquent/Collection), Object(App/Notifications/ConfirmacionPedidoNotification))
#13 C:/Users/hp/practica1-api2/vendor/laravel/framework/src/Illuminate/Notifications/ChannelManager.php(47): Illuminate/Notifications/NotificationSender->send(Object(App/Models/User), Object(App/Notifications/ConfirmacionPedidoNotification))
#14 C:/Users/hp/practica1-api2/vendor/laravel/framework/src/Illuminate/Notifications/RoutesNotifications.php(18): Illuminate/Notifications/ChannelManager->send(Object(App/Models/User), Object(App/Notifications/ConfirmacionPedidoNotification))
#15 C:/Users/hp/practica1-api2/app/Jobs/EnviarConfirmacionPedido.php(42): App/Models/User->notify(Object(App/Notifications/ConfirmacionPedidoNotification))
#16 C:/Users/hp/practica1-api2/vendor/laravel/framework/src/Illuminate/Container/BoundMethod.php(36): App/Jobs/EnviarConfirmacionPedido->handle()
#17 C:/Users/hp/practica1-api2/vendor/laravel/framework/src/Illuminate/Container/Util.php(43): Illuminate/Container/BoundMethod::Illuminate/Container/{closure}()
#18 C:/Users/hp/practica1-api2/vendor/laravel/framework/src/Illuminate/Container/BoundMethod.php(96): Illuminate/Container/Util::unwrapIfClosure(Object(Closure))
#19 C:/Users/hp/practica1-api2/vendor/laravel/framework/src/Illuminate/Container/BoundMethod.php(35): Illuminate/Container/BoundMethod::callBoundMethod(Object(Illuminate/Foundation/Application), Array, Object(Closure))
#20 C:/Users/hp/practica1-api2/vendor/laravel/framework/src/Illuminate/Container/Container.php(799): Illuminate/Container/BoundMethod::call(Object(Illuminate/Foundation/Application), Array, Array, NULL)
#21 C:/Users/hp/practica1-api2/vendor/laravel/framework/src/Illuminate/Bus/Dispatcher.php(129): Illuminate/Container/Container->call(Array)
#22 C:/Users/hp/practica1-api2/vendor/laravel/framework/src/Illuminate/Pipeline/Pipeline.php(180): Illuminate/Bus/Dispatcher->Illuminate/Bus/{closure}(Object(App/Jobs/EnviarConfirmacionPedido))
#23 C:/Users/hp/practica1-api2/vendor/laravel/framework/src/Illuminate/Pipeline/Pipeline.php(137): Illuminate/Pipeline/Pipeline->Illuminate/Pipeline/{closure}(Object(App/Jobs/EnviarConfirmacionPedido))
#24 C:/Users/hp/practica1-api2/vendor/laravel/framework/src/Illuminate/Bus/Dispatcher.php(133): Illuminate/Pipeline/Pipeline->then(Object(Closure))
#25 C:/Users/hp/practica1-api2/vendor/laravel/framework/src/Illuminate/Queue/CallQueuedHandler.php(136): Illuminate/Bus/Dispatcher->dispatchNow(Object(App/Jobs/EnviarConfirmacionPedido), false)
#26 C:/Users/hp/practica1-api2/vendor/laravel/framework/src/Illuminate/Pipeline/Pipeline.php(180): Illuminate/Queue/CallQueuedHandler->Illuminate/Queue/{closure}(Object(App/Jobs/EnviarConfirmacionPedido))
#27 C:/Users/hp/practica1-api2/vendor/laravel/framework/src/Illuminate/Pipeline/Pipeline.php(137): Illuminate/Pipeline/Pipeline->Illuminate/Pipeline/{closure}(Object(App/Jobs/EnviarConfirmacionPedido))
#28 C:/Users/hp/practica1-api2/vendor/laravel/framework/src/Illuminate/Queue/CallQueuedHandler.php(129): Illuminate/Pipeline/Pipeline->then(Object(Closure))
#29 C:/Users/hp/practica1-api2/vendor/laravel/framework/src/Illuminate/Queue/CallQueuedHandler.php(70): Illuminate/Queue/CallQueuedHandler->dispatchThroughMiddleware(Object(Illuminate/Queue/Jobs/DatabaseJob), Object(App/Jobs/EnviarConfirmacionPedido))
#30 C:/Users/hp/practica1-api2/vendor/laravel/framework/src/Illuminate/Queue/Jobs/Job.php(102): Illuminate/Queue/CallQueuedHandler->call(Object(Illuminate/Queue/Jobs/DatabaseJob), Array)
#31 C:/Users/hp/practica1-api2/vendor/laravel/framework/src/Illuminate/Queue/Worker.php(504): Illuminate/Queue/Jobs/Job->fire()
#32 C:/Users/hp/practica1-api2/vendor/laravel/framework/src/Illuminate/Queue/Worker.php(454): Illuminate/Queue/Worker->process('database', Object(Illuminate/Queue/Jobs/DatabaseJob), Object(Illuminate/Queue/WorkerOptions))
#33 C:/Users/hp/practica1-api2/vendor/laravel/framework/src/Illuminate/Queue/Worker.php(212): Illuminate/Queue/Worker->runJob(Object(Illuminate/Queue/Jobs/DatabaseJob), 'database', Object(Illuminate/Queue/WorkerOptions))
#34 C:/Users/hp/practica1-api2/vendor/laravel/framework/src/Illuminate/Queue/Console/WorkCommand.php(149): Illuminate/Queue/Worker->daemon('database', 'default', Object(Illuminate/Queue/WorkerOptions))
#35 C:/Users/hp/practica1-api2/vendor/laravel/framework/src/Illuminate/Queue/Console/WorkCommand.php(132): Illuminate/Queue/Console/WorkCommand->runWorker('database', 'default')
#36 C:/Users/hp/practica1-api2/vendor/laravel/framework/src/Illuminate/Container/BoundMethod.php(36): Illuminate/Queue/Console/WorkCommand->handle()
#37 C:/Users/hp/practica1-api2/vendor/laravel/framework/src/Illuminate/Container/Util.php(43): Illuminate/Container/BoundMethod::Illuminate/Container/{closure}()
#38 C:/Users/hp/practica1-api2/vendor/laravel/framework/src/Illuminate/Container/BoundMethod.php(96): Illuminate/Container/Util::unwrapIfClosure(Object(Closure))
#39 C:/Users/hp/practica1-api2/vendor/laravel/framework/src/Illuminate/Container/BoundMethod.php(35): Illuminate/Container/BoundMethod::callBoundMethod(Object(Illuminate/Foundation/Application), Array, Object(Closure))
#40 C:/Users/hp/practica1-api2/vendor/laravel/framework/src/Illuminate/Container/Container.php(799): Illuminate/Container/BoundMethod::call(Object(Illuminate/Foundation/Application), Array, Array, NULL)
#41 C:/Users/hp/practica1-api2/vendor/laravel/framework/src/Illuminate/Console/Command.php(211): Illuminate/Container/Container->call(Array)
#42 C:/Users/hp/practica1-api2/vendor/symfony/console/Command/Command.php(341): Illuminate/Console/Command->execute(Object(Symfony/Component/Console/Input/ArgvInput), Object(Illuminate/Console/OutputStyle))
#43 C:/Users/hp/practica1-api2/vendor/laravel/framework/src/Illuminate/Console/Command.php(180): Symfony/Component/Console/Command/Command->run(Object(Symfony/Component/Console/Input/ArgvInput), Object(Illuminate/Console/OutputStyle))
#44 C:/Users/hp/practica1-api2/vendor/symfony/console/Application.php(1117): Illuminate/Console/Command->run(Object(Symfony/Component/Console/Input/ArgvInput), Object(Symfony/Component/Console/Output/ConsoleOutput))
#45 C:/Users/hp/practica1-api2/vendor/symfony/console/Application.php(356): Symfony/Component/Console/Application->doRunCommand(Object(Illuminate/Queue/Console/WorkCommand), Object(Symfony/Component/Console/Input/ArgvInput), Object(Symfony/Component/Console/Output/ConsoleOutput))
#46 C:/Users/hp/practica1-api2/vendor/symfony/console/Application.php(195): Symfony/Component/Console/Application->doRun(Object(Symfony/Component/Console/Input/ArgvInput), Object(Symfony/Component/Console/Output/ConsoleOutput))
#47 C:/Users/hp/practica1-api2/vendor/laravel/framework/src/Illuminate/Foundation/Console/Kernel.php(198): Symfony/Component/Console/Application->run(Object(Symfony/Component/Console/Input/ArgvInput), Object(Symfony/Component/Console/Output/ConsoleOutput))
#48 C:/Users/hp/practica1-api2/vendor/laravel/framework/src/Illuminate/Foundation/Application.php(1235): Illuminate/Foundation/Console/Kernel->handle(Object(Symfony/Component/Console/Input/ArgvInput), Object(Symfony/Component/Console/Output/ConsoleOutput))
#49 C:/Users/hp/practica1-api2/artisan(16): Illuminate/Foundation/Application->handleCommand(Object(Symfony/Component/Console/Input/ArgvInput))
#50 {main}
"} 
[2026-06-14 07:59:01] local.ERROR: The process "npm install --save-dev laravel-echo pusher-js && npm run build" exceeded the timeout of 60 seconds. {"exception":"[object] (Illuminate\\Process\\Exceptions\\ProcessTimedOutException(code: 0): The process \"npm install --save-dev laravel-echo pusher-js && npm run build\" exceeded the timeout of 60 seconds. at C:/Users/hp/practica1-api2/vendor/laravel/framework/src/Illuminate/Process/PendingProcess.php:261)
[stacktrace]
#0 C:/Users/hp/practica1-api2/vendor/laravel/framework/src/Illuminate/Foundation/Console/BroadcastingInstallCommand.php(443): Illuminate/Process/PendingProcess->run()
#1 C:/Users/hp/practica1-api2/vendor/laravel/framework/src/Illuminate/Foundation/Console/BroadcastingInstallCommand.php(136): Illuminate/Foundation/Console/BroadcastingInstallCommand->installNodeDependencies()
#2 C:/Users/hp/practica1-api2/vendor/laravel/framework/src/Illuminate/Container/BoundMethod.php(36): Illuminate/Foundation/Console/BroadcastingInstallCommand->handle()
#3 C:/Users/hp/practica1-api2/vendor/laravel/framework/src/Illuminate/Container/Util.php(43): Illuminate/Container/BoundMethod::Illuminate/Container/{closure}()
#4 C:/Users/hp/practica1-api2/vendor/laravel/framework/src/Illuminate/Container/BoundMethod.php(96): Illuminate/Container/Util::unwrapIfClosure(Object(Closure))
#5 C:/Users/hp/practica1-api2/vendor/laravel/framework/src/Illuminate/Container/BoundMethod.php(35): Illuminate/Container/BoundMethod::callBoundMethod(Object(Illuminate/Foundation/Application), Array, Object(Closure))
#6 C:/Users/hp/practica1-api2/vendor/laravel/framework/src/Illuminate/Container/Container.php(799): Illuminate/Container/BoundMethod::call(Object(Illuminate/Foundation/Application), Array, Array, NULL)
#7 C:/Users/hp/practica1-api2/vendor/laravel/framework/src/Illuminate/Console/Command.php(211): Illuminate/Container/Container->call(Array)
#8 C:/Users/hp/practica1-api2/vendor/symfony/console/Command/Command.php(341): Illuminate/Console/Command->execute(Object(Symfony/Component/Console/Input/ArgvInput), Object(Illuminate/Console/OutputStyle))
#9 C:/Users/hp/practica1-api2/vendor/laravel/framework/src/Illuminate/Console/Command.php(180): Symfony/Component/Console/Command/Command->run(Object(Symfony/Component/Console/Input/ArgvInput), Object(Illuminate/Console/OutputStyle))
#10 C:/Users/hp/practica1-api2/vendor/symfony/console/Application.php(1117): Illuminate/Console/Command->run(Object(Symfony/Component/Console/Input/ArgvInput), Object(Symfony/Component/Console/Output/ConsoleOutput))
#11 C:/Users/hp/practica1-api2/vendor/symfony/console/Application.php(356): Symfony/Component/Console/Application->doRunCommand(Object(Illuminate/Foundation/Console/BroadcastingInstallCommand), Object(Symfony/Component/Console/Input/ArgvInput), Object(Symfony/Component/Console/Output/ConsoleOutput))
#12 C:/Users/hp/practica1-api2/vendor/symfony/console/Application.php(195): Symfony/Component/Console/Application->doRun(Object(Symfony/Component/Console/Input/ArgvInput), Object(Symfony/Component/Console/Output/ConsoleOutput))
#13 C:/Users/hp/practica1-api2/vendor/laravel/framework/src/Illuminate/Foundation/Console/Kernel.php(198): Symfony/Component/Console/Application->run(Object(Symfony/Component/Console/Input/ArgvInput), Object(Symfony/Component/Console/Output/ConsoleOutput))
#14 C:/Users/hp/practica1-api2/vendor/laravel/framework/src/Illuminate/Foundation/Application.php(1235): Illuminate/Foundation/Console/Kernel->handle(Object(Symfony/Component/Console/Input/ArgvInput), Object(Symfony/Component/Console/Output/ConsoleOutput))
#15 C:/Users/hp/practica1-api2/artisan(16): Illuminate/Foundation/Application->handleCommand(Object(Symfony/Component/Console/Input/ArgvInput))
#16 {main}

[previous exception] [object] (Symfony\\Component\\Process\\Exception\\ProcessTimedOutException(code: 0): The process \"npm install --save-dev laravel-echo pusher-js && npm run build\" exceeded the timeout of 60 seconds. at C:/Users/hp/practica1-api2/vendor/symfony/process/Process.php:1215)
[stacktrace]
#0 C:/Users/hp/practica1-api2/vendor/symfony/process/Process.php(481): Symfony/Component/Process/Process->checkTimeout()
#1 C:/Users/hp/practica1-api2/vendor/symfony/process/Process.php(265): Symfony/Component/Process/Process->wait()
#2 C:/Users/hp/practica1-api2/vendor/laravel/framework/src/Illuminate/Support/HigherOrderTapProxy.php(33): Symfony/Component/Process/Process->run(NULL)
#3 C:/Users/hp/practica1-api2/vendor/laravel/framework/src/Illuminate/Process/PendingProcess.php(259): Illuminate/Support/HigherOrderTapProxy->__call('run', Array)
#4 C:/Users/hp/practica1-api2/vendor/laravel/framework/src/Illuminate/Foundation/Console/BroadcastingInstallCommand.php(443): Illuminate/Process/PendingProcess->run()
#5 C:/Users/hp/practica1-api2/vendor/laravel/framework/src/Illuminate/Foundation/Console/BroadcastingInstallCommand.php(136): Illuminate/Foundation/Console/BroadcastingInstallCommand->installNodeDependencies()
#6 C:/Users/hp/practica1-api2/vendor/laravel/framework/src/Illuminate/Container/BoundMethod.php(36): Illuminate/Foundation/Console/BroadcastingInstallCommand->handle()
#7 C:/Users/hp/practica1-api2/vendor/laravel/framework/src/Illuminate/Container/Util.php(43): Illuminate/Container/BoundMethod::Illuminate/Container/{closure}()
#8 C:/Users/hp/practica1-api2/vendor/laravel/framework/src/Illuminate/Container/BoundMethod.php(96): Illuminate/Container/Util::unwrapIfClosure(Object(Closure))
#9 C:/Users/hp/practica1-api2/vendor/laravel/framework/src/Illuminate/Container/BoundMethod.php(35): Illuminate/Container/BoundMethod::callBoundMethod(Object(Illuminate/Foundation/Application), Array, Object(Closure))
#10 C:/Users/hp/practica1-api2/vendor/laravel/framework/src/Illuminate/Container/Container.php(799): Illuminate/Container/BoundMethod::call(Object(Illuminate/Foundation/Application), Array, Array, NULL)
#11 C:/Users/hp/practica1-api2/vendor/laravel/framework/src/Illuminate/Console/Command.php(211): Illuminate/Container/Container->call(Array)
#12 C:/Users/hp/practica1-api2/vendor/symfony/console/Command/Command.php(341): Illuminate/Console/Command->execute(Object(Symfony/Component/Console/Input/ArgvInput), Object(Illuminate/Console/OutputStyle))
#13 C:/Users/hp/practica1-api2/vendor/laravel/framework/src/Illuminate/Console/Command.php(180): Symfony/Component/Console/Command/Command->run(Object(Symfony/Component/Console/Input/ArgvInput), Object(Illuminate/Console/OutputStyle))
#14 C:/Users/hp/practica1-api2/vendor/symfony/console/Application.php(1117): Illuminate/Console/Command->run(Object(Symfony/Component/Console/Input/ArgvInput), Object(Symfony/Component/Console/Output/ConsoleOutput))
#15 C:/Users/hp/practica1-api2/vendor/symfony/console/Application.php(356): Symfony/Component/Console/Application->doRunCommand(Object(Illuminate/Foundation/Console/BroadcastingInstallCommand), Object(Symfony/Component/Console/Input/ArgvInput), Object(Symfony/Component/Console/Output/ConsoleOutput))
#16 C:/Users/hp/practica1-api2/vendor/symfony/console/Application.php(195): Symfony/Component/Console/Application->doRun(Object(Symfony/Component/Console/Input/ArgvInput), Object(Symfony/Component/Console/Output/ConsoleOutput))
#17 C:/Users/hp/practica1-api2/vendor/laravel/framework/src/Illuminate/Foundation/Console/Kernel.php(198): Symfony/Component/Console/Application->run(Object(Symfony/Component/Console/Input/ArgvInput), Object(Symfony/Component/Console/Output/ConsoleOutput))
#18 C:/Users/hp/practica1-api2/vendor/laravel/framework/src/Illuminate/Foundation/Application.php(1235): Illuminate/Foundation/Console/Kernel->handle(Object(Symfony/Component/Console/Input/ArgvInput), Object(Symfony/Component/Console/Output/ConsoleOutput))
#19 C:/Users/hp/practica1-api2/artisan(16): Illuminate/Foundation/Application->handleCommand(Object(Symfony/Component/Console/Input/ArgvInput))
#20 {main}
"} 
[2026-06-14 18:55:32] local.ERROR: Class "App\Http\Controllers\Api\V1\ProductoController" not found {"exception":"[object] (Error(code: 0): Class \"App\\Http\\Controllers\\Api\\V1\\ProductoController\" not found at C:/Users/hp/practica1-api2/app/Http/Controllers/Api/V2/ProductoController.php:9)
[stacktrace]
#0 C:/Users/hp/practica1-api2/vendor/composer/ClassLoader.php(576): include()
#1 C:/Users/hp/practica1-api2/vendor/composer/ClassLoader.php(427): Composer/Autoload/{closure}('C://Users//hp//pra...')
#2 [internal function]: Composer/Autoload/ClassLoader->loadClass('App//Http//Contro...')
#3 C:/Users/hp/practica1-api2/vendor/laravel/framework/src/Illuminate/Routing/Route.php(1125): is_a('App//Http//Contro...', 'Illuminate//Rout...', true)
#4 C:/Users/hp/practica1-api2/vendor/laravel/framework/src/Illuminate/Routing/Route.php(1062): Illuminate/Routing/Route->controllerMiddleware()
#5 C:/Users/hp/practica1-api2/vendor/laravel/framework/src/Illuminate/Routing/Router.php(834): Illuminate/Routing/Route->gatherMiddleware()
#6 C:/Users/hp/practica1-api2/vendor/laravel/framework/src/Illuminate/Routing/Router.php(816): Illuminate/Routing/Router->gatherRouteMiddleware(Object(Illuminate/Routing/Route))
#7 C:/Users/hp/practica1-api2/vendor/laravel/framework/src/Illuminate/Routing/Router.php(800): Illuminate/Routing/Router->runRouteWithinStack(Object(Illuminate/Routing/Route), Object(Illuminate/Http/Request))
#8 C:/Users/hp/practica1-api2/vendor/laravel/framework/src/Illuminate/Routing/Router.php(764): Illuminate/Routing/Router->runRoute(Object(Illuminate/Http/Request), Object(Illuminate/Routing/Route))
#9 C:/Users/hp/practica1-api2/vendor/laravel/framework/src/Illuminate/Routing/Router.php(753): Illuminate/Routing/Router->dispatchToRoute(Object(Illuminate/Http/Request))
#10 C:/Users/hp/practica1-api2/vendor/laravel/framework/src/Illuminate/Foundation/Http/Kernel.php(200): Illuminate/Routing/Router->dispatch(Object(Illuminate/Http/Request))
#11 C:/Users/hp/practica1-api2/vendor/laravel/framework/src/Illuminate/Pipeline/Pipeline.php(180): Illuminate/Foundation/Http/Kernel->Illuminate/Foundation/Http/{closure}(Object(Illuminate/Http/Request))
#12 C:/Users/hp/practica1-api2/vendor/laravel/framework/src/Illuminate/Foundation/Http/Middleware/TransformsRequest.php(21): Illuminate/Pipeline/Pipeline->Illuminate/Pipeline/{closure}(Object(Illuminate/Http/Request))
#13 C:/Users/hp/practica1-api2/vendor/laravel/framework/src/Illuminate/Foundation/Http/Middleware/ConvertEmptyStringsToNull.php(31): Illuminate/Foundation/Http/Middleware/TransformsRequest->handle(Object(Illuminate/Http/Request), Object(Closure))
#14 C:/Users/hp/practica1-api2/vendor/laravel/framework/src/Illuminate/Pipeline/Pipeline.php(219): Illuminate/Foundation/Http/Middleware/ConvertEmptyStringsToNull->handle(Object(Illuminate/Http/Request), Object(Closure))
#15 C:/Users/hp/practica1-api2/vendor/laravel/framework/src/Illuminate/Foundation/Http/Middleware/TransformsRequest.php(21): Illuminate/Pipeline/Pipeline->Illuminate/Pipeline/{closure}(Object(Illuminate/Http/Request))
#16 C:/Users/hp/practica1-api2/vendor/laravel/framework/src/Illuminate/Foundation/Http/Middleware/TrimStrings.php(51): Illuminate/Foundation/Http/Middleware/TransformsRequest->handle(Object(Illuminate/Http/Request), Object(Closure))
#17 C:/Users/hp/practica1-api2/vendor/laravel/framework/src/Illuminate/Pipeline/Pipeline.php(219): Illuminate/Foundation/Http/Middleware/TrimStrings->handle(Object(Illuminate/Http/Request), Object(Closure))
#18 C:/Users/hp/practica1-api2/vendor/laravel/framework/src/Illuminate/Http/Middleware/ValidatePostSize.php(27): Illuminate/Pipeline/Pipeline->Illuminate/Pipeline/{closure}(Object(Illuminate/Http/Request))
#19 C:/Users/hp/practica1-api2/vendor/laravel/framework/src/Illuminate/Pipeline/Pipeline.php(219): Illuminate/Http/Middleware/ValidatePostSize->handle(Object(Illuminate/Http/Request), Object(Closure))
#20 C:/Users/hp/practica1-api2/vendor/laravel/framework/src/Illuminate/Foundation/Http/Middleware/PreventRequestsDuringMaintenance.php(109): Illuminate/Pipeline/Pipeline->Illuminate/Pipeline/{closure}(Object(Illuminate/Http/Request))
#21 C:/Users/hp/practica1-api2/vendor/laravel/framework/src/Illuminate/Pipeline/Pipeline.php(219): Illuminate/Foundation/Http/Middleware/PreventRequestsDuringMaintenance->handle(Object(Illuminate/Http/Request), Object(Closure))
#22 C:/Users/hp/practica1-api2/vendor/laravel/framework/src/Illuminate/Http/Middleware/HandleCors.php(74): Illuminate/Pipeline/Pipeline->Illuminate/Pipeline/{closure}(Object(Illuminate/Http/Request))
#23 C:/Users/hp/practica1-api2/vendor/laravel/framework/src/Illuminate/Pipeline/Pipeline.php(219): Illuminate/Http/Middleware/HandleCors->handle(Object(Illuminate/Http/Request), Object(Closure))
#24 C:/Users/hp/practica1-api2/vendor/laravel/framework/src/Illuminate/Http/Middleware/TrustProxies.php(58): Illuminate/Pipeline/Pipeline->Illuminate/Pipeline/{closure}(Object(Illuminate/Http/Request))
#25 C:/Users/hp/practica1-api2/vendor/laravel/framework/src/Illuminate/Pipeline/Pipeline.php(219): Illuminate/Http/Middleware/TrustProxies->handle(Object(Illuminate/Http/Request), Object(Closure))
#26 C:/Users/hp/practica1-api2/vendor/laravel/framework/src/Illuminate/Foundation/Http/Middleware/InvokeDeferredCallbacks.php(22): Illuminate/Pipeline/Pipeline->Illuminate/Pipeline/{closure}(Object(Illuminate/Http/Request))
#27 C:/Users/hp/practica1-api2/vendor/laravel/framework/src/Illuminate/Pipeline/Pipeline.php(219): Illuminate/Foundation/Http/Middleware/InvokeDeferredCallbacks->handle(Object(Illuminate/Http/Request), Object(Closure))
#28 C:/Users/hp/practica1-api2/vendor/laravel/framework/src/Illuminate/Http/Middleware/ValidatePathEncoding.php(26): Illuminate/Pipeline/Pipeline->Illuminate/Pipeline/{closure}(Object(Illuminate/Http/Request))
#29 C:/Users/hp/practica1-api2/vendor/laravel/framework/src/Illuminate/Pipeline/Pipeline.php(219): Illuminate/Http/Middleware/ValidatePathEncoding->handle(Object(Illuminate/Http/Request), Object(Closure))
#30 C:/Users/hp/practica1-api2/vendor/laravel/framework/src/Illuminate/Pipeline/Pipeline.php(137): Illuminate/Pipeline/Pipeline->Illuminate/Pipeline/{closure}(Object(Illuminate/Http/Request))
#31 C:/Users/hp/practica1-api2/vendor/laravel/framework/src/Illuminate/Foundation/Http/Kernel.php(175): Illuminate/Pipeline/Pipeline->then(Object(Closure))
#32 C:/Users/hp/practica1-api2/vendor/laravel/framework/src/Illuminate/Foundation/Http/Kernel.php(144): Illuminate/Foundation/Http/Kernel->sendRequestThroughRouter(Object(Illuminate/Http/Request))
#33 C:/Users/hp/practica1-api2/vendor/laravel/framework/src/Illuminate/Foundation/Application.php(1220): Illuminate/Foundation/Http/Kernel->handle(Object(Illuminate/Http/Request))
#34 C:/Users/hp/practica1-api2/public/index.php(20): Illuminate/Foundation/Application->handleRequest(Object(Illuminate/Http/Request))
#35 C:/Users/hp/practica1-api2/vendor/laravel/framework/src/Illuminate/Foundation/resources/server.php(23): require_once('C://Users//hp//pra...')
#36 {main}
"} 
[2026-06-14 18:57:41] local.ERROR: Command "route:listphp" is not defined.

Did you mean one of these?
    route:cache
    route:clear
    route:list {"exception":"[object] (Symfony\\Component\\Console\\Exception\\CommandNotFoundException(code: 0): Command \"route:listphp\" is not defined.

Did you mean one of these?
    route:cache
    route:clear
    route:list at C:/Users/hp/practica1-api2/vendor/symfony/console/Application.php:759)
[stacktrace]
#0 C:/Users/hp/practica1-api2/vendor/symfony/console/Application.php(298): Symfony/Component/Console/Application->find('route:listphp')
#1 C:/Users/hp/practica1-api2/vendor/symfony/console/Application.php(195): Symfony/Component/Console/Application->doRun(Object(Symfony/Component/Console/Input/ArgvInput), Object(Symfony/Component/Console/Output/ConsoleOutput))
#2 C:/Users/hp/practica1-api2/vendor/laravel/framework/src/Illuminate/Foundation/Console/Kernel.php(198): Symfony/Component/Console/Application->run(Object(Symfony/Component/Console/Input/ArgvInput), Object(Symfony/Component/Console/Output/ConsoleOutput))
#3 C:/Users/hp/practica1-api2/vendor/laravel/framework/src/Illuminate/Foundation/Application.php(1235): Illuminate/Foundation/Console/Kernel->handle(Object(Symfony/Component/Console/Input/ArgvInput), Object(Symfony/Component/Console/Output/ConsoleOutput))
#4 C:/Users/hp/practica1-api2/artisan(16): Illuminate/Foundation/Application->handleCommand(Object(Symfony/Component/Console/Input/ArgvInput))
#5 {main}
"} 
[2026-06-14 18:57:49] local.ERROR: Class "App\Http\Controllers\Api\V1\ProductoController" not found {"exception":"[object] (Error(code: 0): Class \"App\\Http\\Controllers\\Api\\V1\\ProductoController\" not found at C:/Users/hp/practica1-api2/app/Http/Controllers/Api/V2/ProductoController.php:9)
[stacktrace]
#0 C:/Users/hp/practica1-api2/vendor/composer/ClassLoader.php(576): include()
#1 C:/Users/hp/practica1-api2/vendor/composer/ClassLoader.php(427): Composer/Autoload/{closure}('C://Users//hp//pra...')
#2 [internal function]: Composer/Autoload/ClassLoader->loadClass('App//Http//Contro...')
#3 C:/Users/hp/practica1-api2/vendor/laravel/framework/src/Illuminate/Routing/Route.php(1125): is_a('App//Http//Contro...', 'Illuminate//Rout...', true)
#4 C:/Users/hp/practica1-api2/vendor/laravel/framework/src/Illuminate/Routing/Route.php(1062): Illuminate/Routing/Route->controllerMiddleware()
#5 C:/Users/hp/practica1-api2/vendor/laravel/framework/src/Illuminate/Routing/Router.php(834): Illuminate/Routing/Route->gatherMiddleware()
#6 C:/Users/hp/practica1-api2/vendor/laravel/framework/src/Illuminate/Foundation/Console/RouteListCommand.php(212): Illuminate/Routing/Router->gatherRouteMiddleware(Object(Illuminate/Routing/Route))
#7 C:/Users/hp/practica1-api2/vendor/laravel/framework/src/Illuminate/Foundation/Console/RouteListCommand.php(148): Illuminate/Foundation/Console/RouteListCommand->getMiddleware(Object(Illuminate/Routing/Route))
#8 C:/Users/hp/practica1-api2/vendor/laravel/framework/src/Illuminate/Foundation/Console/RouteListCommand.php(117): Illuminate/Foundation/Console/RouteListCommand->getRouteInformation(Object(Illuminate/Routing/Route))
#9 [internal function]: Illuminate/Foundation/Console/RouteListCommand->Illuminate/Foundation/Console/{closure}(Object(Illuminate/Routing/Route), 17)
#10 C:/Users/hp/practica1-api2/vendor/laravel/framework/src/Illuminate/Collections/Arr.php(841): array_map(Object(Closure), Array, Array)
#11 C:/Users/hp/practica1-api2/vendor/laravel/framework/src/Illuminate/Collections/Collection.php(829): Illuminate/Support/Arr::map(Array, Object(Closure))
#12 C:/Users/hp/practica1-api2/vendor/laravel/framework/src/Illuminate/Foundation/Console/RouteListCommand.php(117): Illuminate/Support/Collection->map(Object(Closure))
#13 C:/Users/hp/practica1-api2/vendor/laravel/framework/src/Illuminate/Foundation/Console/RouteListCommand.php(102): Illuminate/Foundation/Console/RouteListCommand->getRoutes()
#14 C:/Users/hp/practica1-api2/vendor/laravel/framework/src/Illuminate/Container/BoundMethod.php(36): Illuminate/Foundation/Console/RouteListCommand->handle()
#15 C:/Users/hp/practica1-api2/vendor/laravel/framework/src/Illuminate/Container/Util.php(43): Illuminate/Container/BoundMethod::Illuminate/Container/{closure}()
#16 C:/Users/hp/practica1-api2/vendor/laravel/framework/src/Illuminate/Container/BoundMethod.php(96): Illuminate/Container/Util::unwrapIfClosure(Object(Closure))
#17 C:/Users/hp/practica1-api2/vendor/laravel/framework/src/Illuminate/Container/BoundMethod.php(35): Illuminate/Container/BoundMethod::callBoundMethod(Object(Illuminate/Foundation/Application), Array, Object(Closure))
#18 C:/Users/hp/practica1-api2/vendor/laravel/framework/src/Illuminate/Container/Container.php(799): Illuminate/Container/BoundMethod::call(Object(Illuminate/Foundation/Application), Array, Array, NULL)
#19 C:/Users/hp/practica1-api2/vendor/laravel/framework/src/Illuminate/Console/Command.php(211): Illuminate/Container/Container->call(Array)
#20 C:/Users/hp/practica1-api2/vendor/symfony/console/Command/Command.php(341): Illuminate/Console/Command->execute(Object(Symfony/Component/Console/Input/ArgvInput), Object(Illuminate/Console/OutputStyle))
#21 C:/Users/hp/practica1-api2/vendor/laravel/framework/src/Illuminate/Console/Command.php(180): Symfony/Component/Console/Command/Command->run(Object(Symfony/Component/Console/Input/ArgvInput), Object(Illuminate/Console/OutputStyle))
#22 C:/Users/hp/practica1-api2/vendor/symfony/console/Application.php(1117): Illuminate/Console/Command->run(Object(Symfony/Component/Console/Input/ArgvInput), Object(Symfony/Component/Console/Output/ConsoleOutput))
#23 C:/Users/hp/practica1-api2/vendor/symfony/console/Application.php(356): Symfony/Component/Console/Application->doRunCommand(Object(Illuminate/Foundation/Console/RouteListCommand), Object(Symfony/Component/Console/Input/ArgvInput), Object(Symfony/Component/Console/Output/ConsoleOutput))
#24 C:/Users/hp/practica1-api2/vendor/symfony/console/Application.php(195): Symfony/Component/Console/Application->doRun(Object(Symfony/Component/Console/Input/ArgvInput), Object(Symfony/Component/Console/Output/ConsoleOutput))
#25 C:/Users/hp/practica1-api2/vendor/laravel/framework/src/Illuminate/Foundation/Console/Kernel.php(198): Symfony/Component/Console/Application->run(Object(Symfony/Component/Console/Input/ArgvInput), Object(Symfony/Component/Console/Output/ConsoleOutput))
#26 C:/Users/hp/practica1-api2/vendor/laravel/framework/src/Illuminate/Foundation/Application.php(1235): Illuminate/Foundation/Console/Kernel->handle(Object(Symfony/Component/Console/Input/ArgvInput), Object(Symfony/Component/Console/Output/ConsoleOutput))
#27 C:/Users/hp/practica1-api2/artisan(16): Illuminate/Foundation/Application->handleCommand(Object(Symfony/Component/Console/Input/ArgvInput))
#28 {main}
"} 
[2026-06-14 19:05:00] local.ERROR: include(C:\Users\hp\practica1-api2\vendor\composer/../../app/Http/Controllers/ProductoController.php): Failed to open stream: No such file or directory {"exception":"[object] (ErrorException(code: 0): include(C:\\Users\\hp\\practica1-api2\\vendor\\composer/../../app/Http/Controllers/ProductoController.php): Failed to open stream: No such file or directory at C:/Users/hp/practica1-api2/vendor/composer/ClassLoader.php:576)
[stacktrace]
#0 C:/Users/hp/practica1-api2/vendor/laravel/framework/src/Illuminate/Foundation/Bootstrap/HandleExceptions.php(262): Illuminate/Foundation/Bootstrap/HandleExceptions->handleError(2, 'include(C://User...', 'C://Users//hp//pra...', 576)
#1 C:/Users/hp/practica1-api2/vendor/composer/ClassLoader.php(576): Illuminate/Foundation/Bootstrap/HandleExceptions->Illuminate/Foundation/Bootstrap/{closure}(2, 'include(C://User...', 'C://Users//hp//pra...', 576)
#2 C:/Users/hp/practica1-api2/vendor/composer/ClassLoader.php(576): include('C://Users//hp//pra...')
#3 C:/Users/hp/practica1-api2/vendor/composer/ClassLoader.php(427): Composer/Autoload/{closure}('C://Users//hp//pra...')
#4 [internal function]: Composer/Autoload/ClassLoader->loadClass('App//Http//Contro...')
#5 C:/Users/hp/practica1-api2/vendor/laravel/framework/src/Illuminate/Routing/Route.php(1125): is_a('App//Http//Contro...', 'Illuminate//Rout...', true)
#6 C:/Users/hp/practica1-api2/vendor/laravel/framework/src/Illuminate/Routing/Route.php(1062): Illuminate/Routing/Route->controllerMiddleware()
#7 C:/Users/hp/practica1-api2/vendor/laravel/framework/src/Illuminate/Routing/Router.php(834): Illuminate/Routing/Route->gatherMiddleware()
#8 C:/Users/hp/practica1-api2/vendor/laravel/framework/src/Illuminate/Foundation/Console/RouteListCommand.php(212): Illuminate/Routing/Router->gatherRouteMiddleware(Object(Illuminate/Routing/Route))
#9 C:/Users/hp/practica1-api2/vendor/laravel/framework/src/Illuminate/Foundation/Console/RouteListCommand.php(148): Illuminate/Foundation/Console/RouteListCommand->getMiddleware(Object(Illuminate/Routing/Route))
#10 C:/Users/hp/practica1-api2/vendor/laravel/framework/src/Illuminate/Foundation/Console/RouteListCommand.php(117): Illuminate/Foundation/Console/RouteListCommand->getRouteInformation(Object(Illuminate/Routing/Route))
#11 [internal function]: Illuminate/Foundation/Console/RouteListCommand->Illuminate/Foundation/Console/{closure}(Object(Illuminate/Routing/Route), 11)
#12 C:/Users/hp/practica1-api2/vendor/laravel/framework/src/Illuminate/Collections/Arr.php(841): array_map(Object(Closure), Array, Array)
#13 C:/Users/hp/practica1-api2/vendor/laravel/framework/src/Illuminate/Collections/Collection.php(829): Illuminate/Support/Arr::map(Array, Object(Closure))
#14 C:/Users/hp/practica1-api2/vendor/laravel/framework/src/Illuminate/Foundation/Console/RouteListCommand.php(117): Illuminate/Support/Collection->map(Object(Closure))
#15 C:/Users/hp/practica1-api2/vendor/laravel/framework/src/Illuminate/Foundation/Console/RouteListCommand.php(102): Illuminate/Foundation/Console/RouteListCommand->getRoutes()
#16 C:/Users/hp/practica1-api2/vendor/laravel/framework/src/Illuminate/Container/BoundMethod.php(36): Illuminate/Foundation/Console/RouteListCommand->handle()
#17 C:/Users/hp/practica1-api2/vendor/laravel/framework/src/Illuminate/Container/Util.php(43): Illuminate/Container/BoundMethod::Illuminate/Container/{closure}()
#18 C:/Users/hp/practica1-api2/vendor/laravel/framework/src/Illuminate/Container/BoundMethod.php(96): Illuminate/Container/Util::unwrapIfClosure(Object(Closure))
#19 C:/Users/hp/practica1-api2/vendor/laravel/framework/src/Illuminate/Container/BoundMethod.php(35): Illuminate/Container/BoundMethod::callBoundMethod(Object(Illuminate/Foundation/Application), Array, Object(Closure))
#20 C:/Users/hp/practica1-api2/vendor/laravel/framework/src/Illuminate/Container/Container.php(799): Illuminate/Container/BoundMethod::call(Object(Illuminate/Foundation/Application), Array, Array, NULL)
#21 C:/Users/hp/practica1-api2/vendor/laravel/framework/src/Illuminate/Console/Command.php(211): Illuminate/Container/Container->call(Array)
#22 C:/Users/hp/practica1-api2/vendor/symfony/console/Command/Command.php(341): Illuminate/Console/Command->execute(Object(Symfony/Component/Console/Input/ArgvInput), Object(Illuminate/Console/OutputStyle))
#23 C:/Users/hp/practica1-api2/vendor/laravel/framework/src/Illuminate/Console/Command.php(180): Symfony/Component/Console/Command/Command->run(Object(Symfony/Component/Console/Input/ArgvInput), Object(Illuminate/Console/OutputStyle))
#24 C:/Users/hp/practica1-api2/vendor/symfony/console/Application.php(1117): Illuminate/Console/Command->run(Object(Symfony/Component/Console/Input/ArgvInput), Object(Symfony/Component/Console/Output/ConsoleOutput))
#25 C:/Users/hp/practica1-api2/vendor/symfony/console/Application.php(356): Symfony/Component/Console/Application->doRunCommand(Object(Illuminate/Foundation/Console/RouteListCommand), Object(Symfony/Component/Console/Input/ArgvInput), Object(Symfony/Component/Console/Output/ConsoleOutput))
#26 C:/Users/hp/practica1-api2/vendor/symfony/console/Application.php(195): Symfony/Component/Console/Application->doRun(Object(Symfony/Component/Console/Input/ArgvInput), Object(Symfony/Component/Console/Output/ConsoleOutput))
#27 C:/Users/hp/practica1-api2/vendor/laravel/framework/src/Illuminate/Foundation/Console/Kernel.php(198): Symfony/Component/Console/Application->run(Object(Symfony/Component/Console/Input/ArgvInput), Object(Symfony/Component/Console/Output/ConsoleOutput))
#28 C:/Users/hp/practica1-api2/vendor/laravel/framework/src/Illuminate/Foundation/Application.php(1235): Illuminate/Foundation/Console/Kernel->handle(Object(Symfony/Component/Console/Input/ArgvInput), Object(Symfony/Component/Console/Output/ConsoleOutput))
#29 C:/Users/hp/practica1-api2/artisan(16): Illuminate/Foundation/Application->handleCommand(Object(Symfony/Component/Console/Input/ArgvInput))
#30 {main}
"} 
[2026-06-14 19:07:38] local.ERROR: Class "App\Http\Controllers\Api\V1\ProductoController" does not exist {"exception":"[object] (ReflectionException(code: -1): Class \"App\\Http\\Controllers\\Api\\V1\\ProductoController\" does not exist at C:/Users/hp/practica1-api2/vendor/laravel/framework/src/Illuminate/Foundation/Console/RouteListCommand.php:255)
[stacktrace]
#0 C:/Users/hp/practica1-api2/vendor/laravel/framework/src/Illuminate/Foundation/Console/RouteListCommand.php(255): ReflectionClass->__construct('App//Http//Contro...')
#1 C:/Users/hp/practica1-api2/vendor/laravel/framework/src/Illuminate/Foundation/Console/RouteListCommand.php(150): Illuminate/Foundation/Console/RouteListCommand->isVendorRoute(Object(Illuminate/Routing/Route))
#2 C:/Users/hp/practica1-api2/vendor/laravel/framework/src/Illuminate/Foundation/Console/RouteListCommand.php(117): Illuminate/Foundation/Console/RouteListCommand->getRouteInformation(Object(Illuminate/Routing/Route))
#3 [internal function]: Illuminate/Foundation/Console/RouteListCommand->Illuminate/Foundation/Console/{closure}(Object(Illuminate/Routing/Route), 1)
#4 C:/Users/hp/practica1-api2/vendor/laravel/framework/src/Illuminate/Collections/Arr.php(841): array_map(Object(Closure), Array, Array)
#5 C:/Users/hp/practica1-api2/vendor/laravel/framework/src/Illuminate/Collections/Collection.php(829): Illuminate/Support/Arr::map(Array, Object(Closure))
#6 C:/Users/hp/practica1-api2/vendor/laravel/framework/src/Illuminate/Foundation/Console/RouteListCommand.php(117): Illuminate/Support/Collection->map(Object(Closure))
#7 C:/Users/hp/practica1-api2/vendor/laravel/framework/src/Illuminate/Foundation/Console/RouteListCommand.php(102): Illuminate/Foundation/Console/RouteListCommand->getRoutes()
#8 C:/Users/hp/practica1-api2/vendor/laravel/framework/src/Illuminate/Container/BoundMethod.php(36): Illuminate/Foundation/Console/RouteListCommand->handle()
#9 C:/Users/hp/practica1-api2/vendor/laravel/framework/src/Illuminate/Container/Util.php(43): Illuminate/Container/BoundMethod::Illuminate/Container/{closure}()
#10 C:/Users/hp/practica1-api2/vendor/laravel/framework/src/Illuminate/Container/BoundMethod.php(96): Illuminate/Container/Util::unwrapIfClosure(Object(Closure))
#11 C:/Users/hp/practica1-api2/vendor/laravel/framework/src/Illuminate/Container/BoundMethod.php(35): Illuminate/Container/BoundMethod::callBoundMethod(Object(Illuminate/Foundation/Application), Array, Object(Closure))
#12 C:/Users/hp/practica1-api2/vendor/laravel/framework/src/Illuminate/Container/Container.php(799): Illuminate/Container/BoundMethod::call(Object(Illuminate/Foundation/Application), Array, Array, NULL)
#13 C:/Users/hp/practica1-api2/vendor/laravel/framework/src/Illuminate/Console/Command.php(211): Illuminate/Container/Container->call(Array)
#14 C:/Users/hp/practica1-api2/vendor/symfony/console/Command/Command.php(341): Illuminate/Console/Command->execute(Object(Symfony/Component/Console/Input/ArgvInput), Object(Illuminate/Console/OutputStyle))
#15 C:/Users/hp/practica1-api2/vendor/laravel/framework/src/Illuminate/Console/Command.php(180): Symfony/Component/Console/Command/Command->run(Object(Symfony/Component/Console/Input/ArgvInput), Object(Illuminate/Console/OutputStyle))
#16 C:/Users/hp/practica1-api2/vendor/symfony/console/Application.php(1117): Illuminate/Console/Command->run(Object(Symfony/Component/Console/Input/ArgvInput), Object(Symfony/Component/Console/Output/ConsoleOutput))
#17 C:/Users/hp/practica1-api2/vendor/symfony/console/Application.php(356): Symfony/Component/Console/Application->doRunCommand(Object(Illuminate/Foundation/Console/RouteListCommand), Object(Symfony/Component/Console/Input/ArgvInput), Object(Symfony/Component/Console/Output/ConsoleOutput))
#18 C:/Users/hp/practica1-api2/vendor/symfony/console/Application.php(195): Symfony/Component/Console/Application->doRun(Object(Symfony/Component/Console/Input/ArgvInput), Object(Symfony/Component/Console/Output/ConsoleOutput))
#19 C:/Users/hp/practica1-api2/vendor/laravel/framework/src/Illuminate/Foundation/Console/Kernel.php(198): Symfony/Component/Console/Application->run(Object(Symfony/Component/Console/Input/ArgvInput), Object(Symfony/Component/Console/Output/ConsoleOutput))
#20 C:/Users/hp/practica1-api2/vendor/laravel/framework/src/Illuminate/Foundation/Application.php(1235): Illuminate/Foundation/Console/Kernel->handle(Object(Symfony/Component/Console/Input/ArgvInput), Object(Symfony/Component/Console/Output/ConsoleOutput))
#21 C:/Users/hp/practica1-api2/artisan(16): Illuminate/Foundation/Application->handleCommand(Object(Symfony/Component/Console/Input/ArgvInput))
#22 {main}
"} 
[2026-06-14 19:09:11] local.ERROR: Class "App\Http\Controllers\Api\V1\AuthController" does not exist {"exception":"[object] (ReflectionException(code: -1): Class \"App\\Http\\Controllers\\Api\\V1\\AuthController\" does not exist at C:/Users/hp/practica1-api2/vendor/laravel/framework/src/Illuminate/Foundation/Console/RouteListCommand.php:255)
[stacktrace]
#0 C:/Users/hp/practica1-api2/vendor/laravel/framework/src/Illuminate/Foundation/Console/RouteListCommand.php(255): ReflectionClass->__construct('App//Http//Contro...')
#1 C:/Users/hp/practica1-api2/vendor/laravel/framework/src/Illuminate/Foundation/Console/RouteListCommand.php(150): Illuminate/Foundation/Console/RouteListCommand->isVendorRoute(Object(Illuminate/Routing/Route))
#2 C:/Users/hp/practica1-api2/vendor/laravel/framework/src/Illuminate/Foundation/Console/RouteListCommand.php(117): Illuminate/Foundation/Console/RouteListCommand->getRouteInformation(Object(Illuminate/Routing/Route))
#3 [internal function]: Illuminate/Foundation/Console/RouteListCommand->Illuminate/Foundation/Console/{closure}(Object(Illuminate/Routing/Route), 1)
#4 C:/Users/hp/practica1-api2/vendor/laravel/framework/src/Illuminate/Collections/Arr.php(841): array_map(Object(Closure), Array, Array)
#5 C:/Users/hp/practica1-api2/vendor/laravel/framework/src/Illuminate/Collections/Collection.php(829): Illuminate/Support/Arr::map(Array, Object(Closure))
#6 C:/Users/hp/practica1-api2/vendor/laravel/framework/src/Illuminate/Foundation/Console/RouteListCommand.php(117): Illuminate/Support/Collection->map(Object(Closure))
#7 C:/Users/hp/practica1-api2/vendor/laravel/framework/src/Illuminate/Foundation/Console/RouteListCommand.php(102): Illuminate/Foundation/Console/RouteListCommand->getRoutes()
#8 C:/Users/hp/practica1-api2/vendor/laravel/framework/src/Illuminate/Container/BoundMethod.php(36): Illuminate/Foundation/Console/RouteListCommand->handle()
#9 C:/Users/hp/practica1-api2/vendor/laravel/framework/src/Illuminate/Container/Util.php(43): Illuminate/Container/BoundMethod::Illuminate/Container/{closure}()
#10 C:/Users/hp/practica1-api2/vendor/laravel/framework/src/Illuminate/Container/BoundMethod.php(96): Illuminate/Container/Util::unwrapIfClosure(Object(Closure))
#11 C:/Users/hp/practica1-api2/vendor/laravel/framework/src/Illuminate/Container/BoundMethod.php(35): Illuminate/Container/BoundMethod::callBoundMethod(Object(Illuminate/Foundation/Application), Array, Object(Closure))
#12 C:/Users/hp/practica1-api2/vendor/laravel/framework/src/Illuminate/Container/Container.php(799): Illuminate/Container/BoundMethod::call(Object(Illuminate/Foundation/Application), Array, Array, NULL)
#13 C:/Users/hp/practica1-api2/vendor/laravel/framework/src/Illuminate/Console/Command.php(211): Illuminate/Container/Container->call(Array)
#14 C:/Users/hp/practica1-api2/vendor/symfony/console/Command/Command.php(341): Illuminate/Console/Command->execute(Object(Symfony/Component/Console/Input/ArgvInput), Object(Illuminate/Console/OutputStyle))
#15 C:/Users/hp/practica1-api2/vendor/laravel/framework/src/Illuminate/Console/Command.php(180): Symfony/Component/Console/Command/Command->run(Object(Symfony/Component/Console/Input/ArgvInput), Object(Illuminate/Console/OutputStyle))
#16 C:/Users/hp/practica1-api2/vendor/symfony/console/Application.php(1117): Illuminate/Console/Command->run(Object(Symfony/Component/Console/Input/ArgvInput), Object(Symfony/Component/Console/Output/ConsoleOutput))
#17 C:/Users/hp/practica1-api2/vendor/symfony/console/Application.php(356): Symfony/Component/Console/Application->doRunCommand(Object(Illuminate/Foundation/Console/RouteListCommand), Object(Symfony/Component/Console/Input/ArgvInput), Object(Symfony/Component/Console/Output/ConsoleOutput))
#18 C:/Users/hp/practica1-api2/vendor/symfony/console/Application.php(195): Symfony/Component/Console/Application->doRun(Object(Symfony/Component/Console/Input/ArgvInput), Object(Symfony/Component/Console/Output/ConsoleOutput))
#19 C:/Users/hp/practica1-api2/vendor/laravel/framework/src/Illuminate/Foundation/Console/Kernel.php(198): Symfony/Component/Console/Application->run(Object(Symfony/Component/Console/Input/ArgvInput), Object(Symfony/Component/Console/Output/ConsoleOutput))
#20 C:/Users/hp/practica1-api2/vendor/laravel/framework/src/Illuminate/Foundation/Application.php(1235): Illuminate/Foundation/Console/Kernel->handle(Object(Symfony/Component/Console/Input/ArgvInput), Object(Symfony/Component/Console/Output/ConsoleOutput))
#21 C:/Users/hp/practica1-api2/artisan(16): Illuminate/Foundation/Application->handleCommand(Object(Symfony/Component/Console/Input/ArgvInput))
#22 {main}
"} 
[2026-06-14 19:12:09] local.ERROR: Class "App\Http\Controllers\Api\V1\AuthController" does not exist {"exception":"[object] (ReflectionException(code: -1): Class \"App\\Http\\Controllers\\Api\\V1\\AuthController\" does not exist at C:/Users/hp/practica1-api2/vendor/laravel/framework/src/Illuminate/Foundation/Console/RouteListCommand.php:255)
[stacktrace]
#0 C:/Users/hp/practica1-api2/vendor/laravel/framework/src/Illuminate/Foundation/Console/RouteListCommand.php(255): ReflectionClass->__construct('App//Http//Contro...')
#1 C:/Users/hp/practica1-api2/vendor/laravel/framework/src/Illuminate/Foundation/Console/RouteListCommand.php(150): Illuminate/Foundation/Console/RouteListCommand->isVendorRoute(Object(Illuminate/Routing/Route))
#2 C:/Users/hp/practica1-api2/vendor/laravel/framework/src/Illuminate/Foundation/Console/RouteListCommand.php(117): Illuminate/Foundation/Console/RouteListCommand->getRouteInformation(Object(Illuminate/Routing/Route))
#3 [internal function]: Illuminate/Foundation/Console/RouteListCommand->Illuminate/Foundation/Console/{closure}(Object(Illuminate/Routing/Route), 1)
#4 C:/Users/hp/practica1-api2/vendor/laravel/framework/src/Illuminate/Collections/Arr.php(841): array_map(Object(Closure), Array, Array)
#5 C:/Users/hp/practica1-api2/vendor/laravel/framework/src/Illuminate/Collections/Collection.php(829): Illuminate/Support/Arr::map(Array, Object(Closure))
#6 C:/Users/hp/practica1-api2/vendor/laravel/framework/src/Illuminate/Foundation/Console/RouteListCommand.php(117): Illuminate/Support/Collection->map(Object(Closure))
#7 C:/Users/hp/practica1-api2/vendor/laravel/framework/src/Illuminate/Foundation/Console/RouteListCommand.php(102): Illuminate/Foundation/Console/RouteListCommand->getRoutes()
#8 C:/Users/hp/practica1-api2/vendor/laravel/framework/src/Illuminate/Container/BoundMethod.php(36): Illuminate/Foundation/Console/RouteListCommand->handle()
#9 C:/Users/hp/practica1-api2/vendor/laravel/framework/src/Illuminate/Container/Util.php(43): Illuminate/Container/BoundMethod::Illuminate/Container/{closure}()
#10 C:/Users/hp/practica1-api2/vendor/laravel/framework/src/Illuminate/Container/BoundMethod.php(96): Illuminate/Container/Util::unwrapIfClosure(Object(Closure))
#11 C:/Users/hp/practica1-api2/vendor/laravel/framework/src/Illuminate/Container/BoundMethod.php(35): Illuminate/Container/BoundMethod::callBoundMethod(Object(Illuminate/Foundation/Application), Array, Object(Closure))
#12 C:/Users/hp/practica1-api2/vendor/laravel/framework/src/Illuminate/Container/Container.php(799): Illuminate/Container/BoundMethod::call(Object(Illuminate/Foundation/Application), Array, Array, NULL)
#13 C:/Users/hp/practica1-api2/vendor/laravel/framework/src/Illuminate/Console/Command.php(211): Illuminate/Container/Container->call(Array)
#14 C:/Users/hp/practica1-api2/vendor/symfony/console/Command/Command.php(341): Illuminate/Console/Command->execute(Object(Symfony/Component/Console/Input/ArgvInput), Object(Illuminate/Console/OutputStyle))
#15 C:/Users/hp/practica1-api2/vendor/laravel/framework/src/Illuminate/Console/Command.php(180): Symfony/Component/Console/Command/Command->run(Object(Symfony/Component/Console/Input/ArgvInput), Object(Illuminate/Console/OutputStyle))
#16 C:/Users/hp/practica1-api2/vendor/symfony/console/Application.php(1117): Illuminate/Console/Command->run(Object(Symfony/Component/Console/Input/ArgvInput), Object(Symfony/Component/Console/Output/ConsoleOutput))
#17 C:/Users/hp/practica1-api2/vendor/symfony/console/Application.php(356): Symfony/Component/Console/Application->doRunCommand(Object(Illuminate/Foundation/Console/RouteListCommand), Object(Symfony/Component/Console/Input/ArgvInput), Object(Symfony/Component/Console/Output/ConsoleOutput))
#18 C:/Users/hp/practica1-api2/vendor/symfony/console/Application.php(195): Symfony/Component/Console/Application->doRun(Object(Symfony/Component/Console/Input/ArgvInput), Object(Symfony/Component/Console/Output/ConsoleOutput))
#19 C:/Users/hp/practica1-api2/vendor/laravel/framework/src/Illuminate/Foundation/Console/Kernel.php(198): Symfony/Component/Console/Application->run(Object(Symfony/Component/Console/Input/ArgvInput), Object(Symfony/Component/Console/Output/ConsoleOutput))
#20 C:/Users/hp/practica1-api2/vendor/laravel/framework/src/Illuminate/Foundation/Application.php(1235): Illuminate/Foundation/Console/Kernel->handle(Object(Symfony/Component/Console/Input/ArgvInput), Object(Symfony/Component/Console/Output/ConsoleOutput))
#21 C:/Users/hp/practica1-api2/artisan(16): Illuminate/Foundation/Application->handleCommand(Object(Symfony/Component/Console/Input/ArgvInput))
#22 {main}
"} 
[2026-06-14 19:14:04] local.ERROR: Class "App\Http\Controllers\Api\V1\Controller" not found {"exception":"[object] (Error(code: 0): Class \"App\\Http\\Controllers\\Api\\V1\\Controller\" not found at C:/Users/hp/practica1-api2/app/Http/Controllers/Api/V1/AuthController.php:11)
[stacktrace]
#0 C:/Users/hp/practica1-api2/vendor/composer/ClassLoader.php(576): include()
#1 C:/Users/hp/practica1-api2/vendor/composer/ClassLoader.php(427): Composer/Autoload/{closure}('C://Users//hp//pra...')
#2 [internal function]: Composer/Autoload/ClassLoader->loadClass('App//Http//Contro...')
#3 C:/Users/hp/practica1-api2/vendor/laravel/framework/src/Illuminate/Routing/Route.php(1125): is_a('App//Http//Contro...', 'Illuminate//Rout...', true)
#4 C:/Users/hp/practica1-api2/vendor/laravel/framework/src/Illuminate/Routing/Route.php(1062): Illuminate/Routing/Route->controllerMiddleware()
#5 C:/Users/hp/practica1-api2/vendor/laravel/framework/src/Illuminate/Routing/Router.php(834): Illuminate/Routing/Route->gatherMiddleware()
#6 C:/Users/hp/practica1-api2/vendor/laravel/framework/src/Illuminate/Foundation/Console/RouteListCommand.php(212): Illuminate/Routing/Router->gatherRouteMiddleware(Object(Illuminate/Routing/Route))
#7 C:/Users/hp/practica1-api2/vendor/laravel/framework/src/Illuminate/Foundation/Console/RouteListCommand.php(148): Illuminate/Foundation/Console/RouteListCommand->getMiddleware(Object(Illuminate/Routing/Route))
#8 C:/Users/hp/practica1-api2/vendor/laravel/framework/src/Illuminate/Foundation/Console/RouteListCommand.php(117): Illuminate/Foundation/Console/RouteListCommand->getRouteInformation(Object(Illuminate/Routing/Route))
#9 [internal function]: Illuminate/Foundation/Console/RouteListCommand->Illuminate/Foundation/Console/{closure}(Object(Illuminate/Routing/Route), 1)
#10 C:/Users/hp/practica1-api2/vendor/laravel/framework/src/Illuminate/Collections/Arr.php(841): array_map(Object(Closure), Array, Array)
#11 C:/Users/hp/practica1-api2/vendor/laravel/framework/src/Illuminate/Collections/Collection.php(829): Illuminate/Support/Arr::map(Array, Object(Closure))
#12 C:/Users/hp/practica1-api2/vendor/laravel/framework/src/Illuminate/Foundation/Console/RouteListCommand.php(117): Illuminate/Support/Collection->map(Object(Closure))
#13 C:/Users/hp/practica1-api2/vendor/laravel/framework/src/Illuminate/Foundation/Console/RouteListCommand.php(102): Illuminate/Foundation/Console/RouteListCommand->getRoutes()
#14 C:/Users/hp/practica1-api2/vendor/laravel/framework/src/Illuminate/Container/BoundMethod.php(36): Illuminate/Foundation/Console/RouteListCommand->handle()
#15 C:/Users/hp/practica1-api2/vendor/laravel/framework/src/Illuminate/Container/Util.php(43): Illuminate/Container/BoundMethod::Illuminate/Container/{closure}()
#16 C:/Users/hp/practica1-api2/vendor/laravel/framework/src/Illuminate/Container/BoundMethod.php(96): Illuminate/Container/Util::unwrapIfClosure(Object(Closure))
#17 C:/Users/hp/practica1-api2/vendor/laravel/framework/src/Illuminate/Container/BoundMethod.php(35): Illuminate/Container/BoundMethod::callBoundMethod(Object(Illuminate/Foundation/Application), Array, Object(Closure))
#18 C:/Users/hp/practica1-api2/vendor/laravel/framework/src/Illuminate/Container/Container.php(799): Illuminate/Container/BoundMethod::call(Object(Illuminate/Foundation/Application), Array, Array, NULL)
#19 C:/Users/hp/practica1-api2/vendor/laravel/framework/src/Illuminate/Console/Command.php(211): Illuminate/Container/Container->call(Array)
#20 C:/Users/hp/practica1-api2/vendor/symfony/console/Command/Command.php(341): Illuminate/Console/Command->execute(Object(Symfony/Component/Console/Input/ArgvInput), Object(Illuminate/Console/OutputStyle))
#21 C:/Users/hp/practica1-api2/vendor/laravel/framework/src/Illuminate/Console/Command.php(180): Symfony/Component/Console/Command/Command->run(Object(Symfony/Component/Console/Input/ArgvInput), Object(Illuminate/Console/OutputStyle))
#22 C:/Users/hp/practica1-api2/vendor/symfony/console/Application.php(1117): Illuminate/Console/Command->run(Object(Symfony/Component/Console/Input/ArgvInput), Object(Symfony/Component/Console/Output/ConsoleOutput))
#23 C:/Users/hp/practica1-api2/vendor/symfony/console/Application.php(356): Symfony/Component/Console/Application->doRunCommand(Object(Illuminate/Foundation/Console/RouteListCommand), Object(Symfony/Component/Console/Input/ArgvInput), Object(Symfony/Component/Console/Output/ConsoleOutput))
#24 C:/Users/hp/practica1-api2/vendor/symfony/console/Application.php(195): Symfony/Component/Console/Application->doRun(Object(Symfony/Component/Console/Input/ArgvInput), Object(Symfony/Component/Console/Output/ConsoleOutput))
#25 C:/Users/hp/practica1-api2/vendor/laravel/framework/src/Illuminate/Foundation/Console/Kernel.php(198): Symfony/Component/Console/Application->run(Object(Symfony/Component/Console/Input/ArgvInput), Object(Symfony/Component/Console/Output/ConsoleOutput))
#26 C:/Users/hp/practica1-api2/vendor/laravel/framework/src/Illuminate/Foundation/Application.php(1235): Illuminate/Foundation/Console/Kernel->handle(Object(Symfony/Component/Console/Input/ArgvInput), Object(Symfony/Component/Console/Output/ConsoleOutput))
#27 C:/Users/hp/practica1-api2/artisan(16): Illuminate/Foundation/Application->handleCommand(Object(Symfony/Component/Console/Input/ArgvInput))
#28 {main}
"} 
[2026-06-14 19:22:05] local.ERROR: Class "App\Http\Controllers\Api\V1\Controller" not found {"exception":"[object] (Error(code: 0): Class \"App\\Http\\Controllers\\Api\\V1\\Controller\" not found at C:/Users/hp/practica1-api2/app/Http/Controllers/Api/V1/ProductoController.php:13)
[stacktrace]
#0 C:/Users/hp/practica1-api2/vendor/composer/ClassLoader.php(576): include()
#1 C:/Users/hp/practica1-api2/vendor/composer/ClassLoader.php(427): Composer/Autoload/{closure}('C://Users//hp//pra...')
#2 [internal function]: Composer/Autoload/ClassLoader->loadClass('App//Http//Contro...')
#3 C:/Users/hp/practica1-api2/vendor/laravel/framework/src/Illuminate/Routing/Route.php(1125): is_a('App//Http//Contro...', 'Illuminate//Rout...', true)
#4 C:/Users/hp/practica1-api2/vendor/laravel/framework/src/Illuminate/Routing/Route.php(1062): Illuminate/Routing/Route->controllerMiddleware()
#5 C:/Users/hp/practica1-api2/vendor/laravel/framework/src/Illuminate/Routing/Router.php(834): Illuminate/Routing/Route->gatherMiddleware()
#6 C:/Users/hp/practica1-api2/vendor/laravel/framework/src/Illuminate/Foundation/Console/RouteListCommand.php(212): Illuminate/Routing/Router->gatherRouteMiddleware(Object(Illuminate/Routing/Route))
#7 C:/Users/hp/practica1-api2/vendor/laravel/framework/src/Illuminate/Foundation/Console/RouteListCommand.php(148): Illuminate/Foundation/Console/RouteListCommand->getMiddleware(Object(Illuminate/Routing/Route))
#8 C:/Users/hp/practica1-api2/vendor/laravel/framework/src/Illuminate/Foundation/Console/RouteListCommand.php(117): Illuminate/Foundation/Console/RouteListCommand->getRouteInformation(Object(Illuminate/Routing/Route))
#9 [internal function]: Illuminate/Foundation/Console/RouteListCommand->Illuminate/Foundation/Console/{closure}(Object(Illuminate/Routing/Route), 5)
#10 C:/Users/hp/practica1-api2/vendor/laravel/framework/src/Illuminate/Collections/Arr.php(841): array_map(Object(Closure), Array, Array)
#11 C:/Users/hp/practica1-api2/vendor/laravel/framework/src/Illuminate/Collections/Collection.php(829): Illuminate/Support/Arr::map(Array, Object(Closure))
#12 C:/Users/hp/practica1-api2/vendor/laravel/framework/src/Illuminate/Foundation/Console/RouteListCommand.php(117): Illuminate/Support/Collection->map(Object(Closure))
#13 C:/Users/hp/practica1-api2/vendor/laravel/framework/src/Illuminate/Foundation/Console/RouteListCommand.php(102): Illuminate/Foundation/Console/RouteListCommand->getRoutes()
#14 C:/Users/hp/practica1-api2/vendor/laravel/framework/src/Illuminate/Container/BoundMethod.php(36): Illuminate/Foundation/Console/RouteListCommand->handle()
#15 C:/Users/hp/practica1-api2/vendor/laravel/framework/src/Illuminate/Container/Util.php(43): Illuminate/Container/BoundMethod::Illuminate/Container/{closure}()
#16 C:/Users/hp/practica1-api2/vendor/laravel/framework/src/Illuminate/Container/BoundMethod.php(96): Illuminate/Container/Util::unwrapIfClosure(Object(Closure))
#17 C:/Users/hp/practica1-api2/vendor/laravel/framework/src/Illuminate/Container/BoundMethod.php(35): Illuminate/Container/BoundMethod::callBoundMethod(Object(Illuminate/Foundation/Application), Array, Object(Closure))
#18 C:/Users/hp/practica1-api2/vendor/laravel/framework/src/Illuminate/Container/Container.php(799): Illuminate/Container/BoundMethod::call(Object(Illuminate/Foundation/Application), Array, Array, NULL)
#19 C:/Users/hp/practica1-api2/vendor/laravel/framework/src/Illuminate/Console/Command.php(211): Illuminate/Container/Container->call(Array)
#20 C:/Users/hp/practica1-api2/vendor/symfony/console/Command/Command.php(341): Illuminate/Console/Command->execute(Object(Symfony/Component/Console/Input/ArgvInput), Object(Illuminate/Console/OutputStyle))
#21 C:/Users/hp/practica1-api2/vendor/laravel/framework/src/Illuminate/Console/Command.php(180): Symfony/Component/Console/Command/Command->run(Object(Symfony/Component/Console/Input/ArgvInput), Object(Illuminate/Console/OutputStyle))
#22 C:/Users/hp/practica1-api2/vendor/symfony/console/Application.php(1117): Illuminate/Console/Command->run(Object(Symfony/Component/Console/Input/ArgvInput), Object(Symfony/Component/Console/Output/ConsoleOutput))
#23 C:/Users/hp/practica1-api2/vendor/symfony/console/Application.php(356): Symfony/Component/Console/Application->doRunCommand(Object(Illuminate/Foundation/Console/RouteListCommand), Object(Symfony/Component/Console/Input/ArgvInput), Object(Symfony/Component/Console/Output/ConsoleOutput))
#24 C:/Users/hp/practica1-api2/vendor/symfony/console/Application.php(195): Symfony/Component/Console/Application->doRun(Object(Symfony/Component/Console/Input/ArgvInput), Object(Symfony/Component/Console/Output/ConsoleOutput))
#25 C:/Users/hp/practica1-api2/vendor/laravel/framework/src/Illuminate/Foundation/Console/Kernel.php(198): Symfony/Component/Console/Application->run(Object(Symfony/Component/Console/Input/ArgvInput), Object(Symfony/Component/Console/Output/ConsoleOutput))
#26 C:/Users/hp/practica1-api2/vendor/laravel/framework/src/Illuminate/Foundation/Application.php(1235): Illuminate/Foundation/Console/Kernel->handle(Object(Symfony/Component/Console/Input/ArgvInput), Object(Symfony/Component/Console/Output/ConsoleOutput))
#27 C:/Users/hp/practica1-api2/artisan(16): Illuminate/Foundation/Application->handleCommand(Object(Symfony/Component/Console/Input/ArgvInput))
#28 {main}
"} 
[2026-06-14 19:23:38] local.ERROR: Class "App\Http\Controllers\Api\V1\CategoriaController" does not exist {"exception":"[object] (ReflectionException(code: -1): Class \"App\\Http\\Controllers\\Api\\V1\\CategoriaController\" does not exist at C:/Users/hp/practica1-api2/vendor/laravel/framework/src/Illuminate/Foundation/Console/RouteListCommand.php:255)
[stacktrace]
#0 C:/Users/hp/practica1-api2/vendor/laravel/framework/src/Illuminate/Foundation/Console/RouteListCommand.php(255): ReflectionClass->__construct('App//Http//Contro...')
#1 C:/Users/hp/practica1-api2/vendor/laravel/framework/src/Illuminate/Foundation/Console/RouteListCommand.php(150): Illuminate/Foundation/Console/RouteListCommand->isVendorRoute(Object(Illuminate/Routing/Route))
#2 C:/Users/hp/practica1-api2/vendor/laravel/framework/src/Illuminate/Foundation/Console/RouteListCommand.php(117): Illuminate/Foundation/Console/RouteListCommand->getRouteInformation(Object(Illuminate/Routing/Route))
#3 [internal function]: Illuminate/Foundation/Console/RouteListCommand->Illuminate/Foundation/Console/{closure}(Object(Illuminate/Routing/Route), 10)
#4 C:/Users/hp/practica1-api2/vendor/laravel/framework/src/Illuminate/Collections/Arr.php(841): array_map(Object(Closure), Array, Array)
#5 C:/Users/hp/practica1-api2/vendor/laravel/framework/src/Illuminate/Collections/Collection.php(829): Illuminate/Support/Arr::map(Array, Object(Closure))
#6 C:/Users/hp/practica1-api2/vendor/laravel/framework/src/Illuminate/Foundation/Console/RouteListCommand.php(117): Illuminate/Support/Collection->map(Object(Closure))
#7 C:/Users/hp/practica1-api2/vendor/laravel/framework/src/Illuminate/Foundation/Console/RouteListCommand.php(102): Illuminate/Foundation/Console/RouteListCommand->getRoutes()
#8 C:/Users/hp/practica1-api2/vendor/laravel/framework/src/Illuminate/Container/BoundMethod.php(36): Illuminate/Foundation/Console/RouteListCommand->handle()
#9 C:/Users/hp/practica1-api2/vendor/laravel/framework/src/Illuminate/Container/Util.php(43): Illuminate/Container/BoundMethod::Illuminate/Container/{closure}()
#10 C:/Users/hp/practica1-api2/vendor/laravel/framework/src/Illuminate/Container/BoundMethod.php(96): Illuminate/Container/Util::unwrapIfClosure(Object(Closure))
#11 C:/Users/hp/practica1-api2/vendor/laravel/framework/src/Illuminate/Container/BoundMethod.php(35): Illuminate/Container/BoundMethod::callBoundMethod(Object(Illuminate/Foundation/Application), Array, Object(Closure))
#12 C:/Users/hp/practica1-api2/vendor/laravel/framework/src/Illuminate/Container/Container.php(799): Illuminate/Container/BoundMethod::call(Object(Illuminate/Foundation/Application), Array, Array, NULL)
#13 C:/Users/hp/practica1-api2/vendor/laravel/framework/src/Illuminate/Console/Command.php(211): Illuminate/Container/Container->call(Array)
#14 C:/Users/hp/practica1-api2/vendor/symfony/console/Command/Command.php(341): Illuminate/Console/Command->execute(Object(Symfony/Component/Console/Input/ArgvInput), Object(Illuminate/Console/OutputStyle))
#15 C:/Users/hp/practica1-api2/vendor/laravel/framework/src/Illuminate/Console/Command.php(180): Symfony/Component/Console/Command/Command->run(Object(Symfony/Component/Console/Input/ArgvInput), Object(Illuminate/Console/OutputStyle))
#16 C:/Users/hp/practica1-api2/vendor/symfony/console/Application.php(1117): Illuminate/Console/Command->run(Object(Symfony/Component/Console/Input/ArgvInput), Object(Symfony/Component/Console/Output/ConsoleOutput))
#17 C:/Users/hp/practica1-api2/vendor/symfony/console/Application.php(356): Symfony/Component/Console/Application->doRunCommand(Object(Illuminate/Foundation/Console/RouteListCommand), Object(Symfony/Component/Console/Input/ArgvInput), Object(Symfony/Component/Console/Output/ConsoleOutput))
#18 C:/Users/hp/practica1-api2/vendor/symfony/console/Application.php(195): Symfony/Component/Console/Application->doRun(Object(Symfony/Component/Console/Input/ArgvInput), Object(Symfony/Component/Console/Output/ConsoleOutput))
#19 C:/Users/hp/practica1-api2/vendor/laravel/framework/src/Illuminate/Foundation/Console/Kernel.php(198): Symfony/Component/Console/Application->run(Object(Symfony/Component/Console/Input/ArgvInput), Object(Symfony/Component/Console/Output/ConsoleOutput))
#20 C:/Users/hp/practica1-api2/vendor/laravel/framework/src/Illuminate/Foundation/Application.php(1235): Illuminate/Foundation/Console/Kernel->handle(Object(Symfony/Component/Console/Input/ArgvInput), Object(Symfony/Component/Console/Output/ConsoleOutput))
#21 C:/Users/hp/practica1-api2/artisan(16): Illuminate/Foundation/Application->handleCommand(Object(Symfony/Component/Console/Input/ArgvInput))
#22 {main}
"} 
[2026-06-14 19:24:33] local.ERROR: Class "App\Http\Controllers\Api\V1\CategoriaController" does not exist {"exception":"[object] (ReflectionException(code: -1): Class \"App\\Http\\Controllers\\Api\\V1\\CategoriaController\" does not exist at C:/Users/hp/practica1-api2/vendor/laravel/framework/src/Illuminate/Foundation/Console/RouteListCommand.php:255)
[stacktrace]
#0 C:/Users/hp/practica1-api2/vendor/laravel/framework/src/Illuminate/Foundation/Console/RouteListCommand.php(255): ReflectionClass->__construct('App//Http//Contro...')
#1 C:/Users/hp/practica1-api2/vendor/laravel/framework/src/Illuminate/Foundation/Console/RouteListCommand.php(150): Illuminate/Foundation/Console/RouteListCommand->isVendorRoute(Object(Illuminate/Routing/Route))
#2 C:/Users/hp/practica1-api2/vendor/laravel/framework/src/Illuminate/Foundation/Console/RouteListCommand.php(117): Illuminate/Foundation/Console/RouteListCommand->getRouteInformation(Object(Illuminate/Routing/Route))
#3 [internal function]: Illuminate/Foundation/Console/RouteListCommand->Illuminate/Foundation/Console/{closure}(Object(Illuminate/Routing/Route), 10)
#4 C:/Users/hp/practica1-api2/vendor/laravel/framework/src/Illuminate/Collections/Arr.php(841): array_map(Object(Closure), Array, Array)
#5 C:/Users/hp/practica1-api2/vendor/laravel/framework/src/Illuminate/Collections/Collection.php(829): Illuminate/Support/Arr::map(Array, Object(Closure))
#6 C:/Users/hp/practica1-api2/vendor/laravel/framework/src/Illuminate/Foundation/Console/RouteListCommand.php(117): Illuminate/Support/Collection->map(Object(Closure))
#7 C:/Users/hp/practica1-api2/vendor/laravel/framework/src/Illuminate/Foundation/Console/RouteListCommand.php(102): Illuminate/Foundation/Console/RouteListCommand->getRoutes()
#8 C:/Users/hp/practica1-api2/vendor/laravel/framework/src/Illuminate/Container/BoundMethod.php(36): Illuminate/Foundation/Console/RouteListCommand->handle()
#9 C:/Users/hp/practica1-api2/vendor/laravel/framework/src/Illuminate/Container/Util.php(43): Illuminate/Container/BoundMethod::Illuminate/Container/{closure}()
#10 C:/Users/hp/practica1-api2/vendor/laravel/framework/src/Illuminate/Container/BoundMethod.php(96): Illuminate/Container/Util::unwrapIfClosure(Object(Closure))
#11 C:/Users/hp/practica1-api2/vendor/laravel/framework/src/Illuminate/Container/BoundMethod.php(35): Illuminate/Container/BoundMethod::callBoundMethod(Object(Illuminate/Foundation/Application), Array, Object(Closure))
#12 C:/Users/hp/practica1-api2/vendor/laravel/framework/src/Illuminate/Container/Container.php(799): Illuminate/Container/BoundMethod::call(Object(Illuminate/Foundation/Application), Array, Array, NULL)
#13 C:/Users/hp/practica1-api2/vendor/laravel/framework/src/Illuminate/Console/Command.php(211): Illuminate/Container/Container->call(Array)
#14 C:/Users/hp/practica1-api2/vendor/symfony/console/Command/Command.php(341): Illuminate/Console/Command->execute(Object(Symfony/Component/Console/Input/ArgvInput), Object(Illuminate/Console/OutputStyle))
#15 C:/Users/hp/practica1-api2/vendor/laravel/framework/src/Illuminate/Console/Command.php(180): Symfony/Component/Console/Command/Command->run(Object(Symfony/Component/Console/Input/ArgvInput), Object(Illuminate/Console/OutputStyle))
#16 C:/Users/hp/practica1-api2/vendor/symfony/console/Application.php(1117): Illuminate/Console/Command->run(Object(Symfony/Component/Console/Input/ArgvInput), Object(Symfony/Component/Console/Output/ConsoleOutput))
#17 C:/Users/hp/practica1-api2/vendor/symfony/console/Application.php(356): Symfony/Component/Console/Application->doRunCommand(Object(Illuminate/Foundation/Console/RouteListCommand), Object(Symfony/Component/Console/Input/ArgvInput), Object(Symfony/Component/Console/Output/ConsoleOutput))
#18 C:/Users/hp/practica1-api2/vendor/symfony/console/Application.php(195): Symfony/Component/Console/Application->doRun(Object(Symfony/Component/Console/Input/ArgvInput), Object(Symfony/Component/Console/Output/ConsoleOutput))
#19 C:/Users/hp/practica1-api2/vendor/laravel/framework/src/Illuminate/Foundation/Console/Kernel.php(198): Symfony/Component/Console/Application->run(Object(Symfony/Component/Console/Input/ArgvInput), Object(Symfony/Component/Console/Output/ConsoleOutput))
#20 C:/Users/hp/practica1-api2/vendor/laravel/framework/src/Illuminate/Foundation/Application.php(1235): Illuminate/Foundation/Console/Kernel->handle(Object(Symfony/Component/Console/Input/ArgvInput), Object(Symfony/Component/Console/Output/ConsoleOutput))
#21 C:/Users/hp/practica1-api2/artisan(16): Illuminate/Foundation/Application->handleCommand(Object(Symfony/Component/Console/Input/ArgvInput))
#22 {main}
"} 
[2026-06-14 19:25:55] local.ERROR: Cannot declare class App\Http\Controllers\CategoriaController, because the name is already in use {"exception":"[object] (Symfony\\Component\\ErrorHandler\\Error\\FatalError(code: 0): Cannot declare class App\\Http\\Controllers\\CategoriaController, because the name is already in use at C:/Users/hp/practica1-api2/app/Http/Controllers/Api/V1/CategoriaController.php:11)
[stacktrace]
#0 {main}
"} 
[2026-06-14 19:28:13] local.ERROR: Route [login] not defined. {"exception":"[object] (Symfony\\Component\\Routing\\Exception\\RouteNotFoundException(code: 0): Route [login] not defined. at C:/Users/hp/practica1-api2/vendor/laravel/framework/src/Illuminate/Routing/UrlGenerator.php:534)
[stacktrace]
#0 C:/Users/hp/practica1-api2/vendor/laravel/framework/src/Illuminate/Foundation/helpers.php(870): Illuminate/Routing/UrlGenerator->route('login', Array, true)
#1 C:/Users/hp/practica1-api2/vendor/laravel/framework/src/Illuminate/Foundation/Configuration/ApplicationBuilder.php(278): route('login')
#2 [internal function]: Illuminate/Foundation/Configuration/ApplicationBuilder->Illuminate/Foundation/Configuration/{closure}(Object(Illuminate/Http/Request))
#3 C:/Users/hp/practica1-api2/vendor/laravel/framework/src/Illuminate/Auth/Middleware/Authenticate.php(117): call_user_func(Object(Closure), Object(Illuminate/Http/Request))
#4 C:/Users/hp/practica1-api2/vendor/laravel/framework/src/Illuminate/Auth/Middleware/Authenticate.php(104): Illuminate/Auth/Middleware/Authenticate->redirectTo(Object(Illuminate/Http/Request))
#5 C:/Users/hp/practica1-api2/vendor/laravel/framework/src/Illuminate/Auth/Middleware/Authenticate.php(87): Illuminate/Auth/Middleware/Authenticate->unauthenticated(Object(Illuminate/Http/Request), Array)
#6 C:/Users/hp/practica1-api2/vendor/laravel/framework/src/Illuminate/Auth/Middleware/Authenticate.php(61): Illuminate/Auth/Middleware/Authenticate->authenticate(Object(Illuminate/Http/Request), Array)
#7 C:/Users/hp/practica1-api2/vendor/laravel/framework/src/Illuminate/Pipeline/Pipeline.php(219): Illuminate/Auth/Middleware/Authenticate->handle(Object(Illuminate/Http/Request), Object(Closure), 'sanctum')
#8 C:/Users/hp/practica1-api2/vendor/laravel/framework/src/Illuminate/Pipeline/Pipeline.php(137): Illuminate/Pipeline/Pipeline->Illuminate/Pipeline/{closure}(Object(Illuminate/Http/Request))
#9 C:/Users/hp/practica1-api2/vendor/laravel/framework/src/Illuminate/Routing/Router.php(821): Illuminate/Pipeline/Pipeline->then(Object(Closure))
#10 C:/Users/hp/practica1-api2/vendor/laravel/framework/src/Illuminate/Routing/Router.php(800): Illuminate/Routing/Router->runRouteWithinStack(Object(Illuminate/Routing/Route), Object(Illuminate/Http/Request))
#11 C:/Users/hp/practica1-api2/vendor/laravel/framework/src/Illuminate/Routing/Router.php(764): Illuminate/Routing/Router->runRoute(Object(Illuminate/Http/Request), Object(Illuminate/Routing/Route))
#12 C:/Users/hp/practica1-api2/vendor/laravel/framework/src/Illuminate/Routing/Router.php(753): Illuminate/Routing/Router->dispatchToRoute(Object(Illuminate/Http/Request))
#13 C:/Users/hp/practica1-api2/vendor/laravel/framework/src/Illuminate/Foundation/Http/Kernel.php(200): Illuminate/Routing/Router->dispatch(Object(Illuminate/Http/Request))
#14 C:/Users/hp/practica1-api2/vendor/laravel/framework/src/Illuminate/Pipeline/Pipeline.php(180): Illuminate/Foundation/Http/Kernel->Illuminate/Foundation/Http/{closure}(Object(Illuminate/Http/Request))
#15 C:/Users/hp/practica1-api2/vendor/laravel/framework/src/Illuminate/Foundation/Http/Middleware/TransformsRequest.php(21): Illuminate/Pipeline/Pipeline->Illuminate/Pipeline/{closure}(Object(Illuminate/Http/Request))
#16 C:/Users/hp/practica1-api2/vendor/laravel/framework/src/Illuminate/Foundation/Http/Middleware/ConvertEmptyStringsToNull.php(31): Illuminate/Foundation/Http/Middleware/TransformsRequest->handle(Object(Illuminate/Http/Request), Object(Closure))
#17 C:/Users/hp/practica1-api2/vendor/laravel/framework/src/Illuminate/Pipeline/Pipeline.php(219): Illuminate/Foundation/Http/Middleware/ConvertEmptyStringsToNull->handle(Object(Illuminate/Http/Request), Object(Closure))
#18 C:/Users/hp/practica1-api2/vendor/laravel/framework/src/Illuminate/Foundation/Http/Middleware/TransformsRequest.php(21): Illuminate/Pipeline/Pipeline->Illuminate/Pipeline/{closure}(Object(Illuminate/Http/Request))
#19 C:/Users/hp/practica1-api2/vendor/laravel/framework/src/Illuminate/Foundation/Http/Middleware/TrimStrings.php(51): Illuminate/Foundation/Http/Middleware/TransformsRequest->handle(Object(Illuminate/Http/Request), Object(Closure))
#20 C:/Users/hp/practica1-api2/vendor/laravel/framework/src/Illuminate/Pipeline/Pipeline.php(219): Illuminate/Foundation/Http/Middleware/TrimStrings->handle(Object(Illuminate/Http/Request), Object(Closure))
#21 C:/Users/hp/practica1-api2/vendor/laravel/framework/src/Illuminate/Http/Middleware/ValidatePostSize.php(27): Illuminate/Pipeline/Pipeline->Illuminate/Pipeline/{closure}(Object(Illuminate/Http/Request))
#22 C:/Users/hp/practica1-api2/vendor/laravel/framework/src/Illuminate/Pipeline/Pipeline.php(219): Illuminate/Http/Middleware/ValidatePostSize->handle(Object(Illuminate/Http/Request), Object(Closure))
#23 C:/Users/hp/practica1-api2/vendor/laravel/framework/src/Illuminate/Foundation/Http/Middleware/PreventRequestsDuringMaintenance.php(109): Illuminate/Pipeline/Pipeline->Illuminate/Pipeline/{closure}(Object(Illuminate/Http/Request))
#24 C:/Users/hp/practica1-api2/vendor/laravel/framework/src/Illuminate/Pipeline/Pipeline.php(219): Illuminate/Foundation/Http/Middleware/PreventRequestsDuringMaintenance->handle(Object(Illuminate/Http/Request), Object(Closure))
#25 C:/Users/hp/practica1-api2/vendor/laravel/framework/src/Illuminate/Http/Middleware/HandleCors.php(74): Illuminate/Pipeline/Pipeline->Illuminate/Pipeline/{closure}(Object(Illuminate/Http/Request))
#26 C:/Users/hp/practica1-api2/vendor/laravel/framework/src/Illuminate/Pipeline/Pipeline.php(219): Illuminate/Http/Middleware/HandleCors->handle(Object(Illuminate/Http/Request), Object(Closure))
#27 C:/Users/hp/practica1-api2/vendor/laravel/framework/src/Illuminate/Http/Middleware/TrustProxies.php(58): Illuminate/Pipeline/Pipeline->Illuminate/Pipeline/{closure}(Object(Illuminate/Http/Request))
#28 C:/Users/hp/practica1-api2/vendor/laravel/framework/src/Illuminate/Pipeline/Pipeline.php(219): Illuminate/Http/Middleware/TrustProxies->handle(Object(Illuminate/Http/Request), Object(Closure))
#29 C:/Users/hp/practica1-api2/vendor/laravel/framework/src/Illuminate/Foundation/Http/Middleware/InvokeDeferredCallbacks.php(22): Illuminate/Pipeline/Pipeline->Illuminate/Pipeline/{closure}(Object(Illuminate/Http/Request))
#30 C:/Users/hp/practica1-api2/vendor/laravel/framework/src/Illuminate/Pipeline/Pipeline.php(219): Illuminate/Foundation/Http/Middleware/InvokeDeferredCallbacks->handle(Object(Illuminate/Http/Request), Object(Closure))
#31 C:/Users/hp/practica1-api2/vendor/laravel/framework/src/Illuminate/Http/Middleware/ValidatePathEncoding.php(26): Illuminate/Pipeline/Pipeline->Illuminate/Pipeline/{closure}(Object(Illuminate/Http/Request))
#32 C:/Users/hp/practica1-api2/vendor/laravel/framework/src/Illuminate/Pipeline/Pipeline.php(219): Illuminate/Http/Middleware/ValidatePathEncoding->handle(Object(Illuminate/Http/Request), Object(Closure))
#33 C:/Users/hp/practica1-api2/vendor/laravel/framework/src/Illuminate/Pipeline/Pipeline.php(137): Illuminate/Pipeline/Pipeline->Illuminate/Pipeline/{closure}(Object(Illuminate/Http/Request))
#34 C:/Users/hp/practica1-api2/vendor/laravel/framework/src/Illuminate/Foundation/Http/Kernel.php(175): Illuminate/Pipeline/Pipeline->then(Object(Closure))
#35 C:/Users/hp/practica1-api2/vendor/laravel/framework/src/Illuminate/Foundation/Http/Kernel.php(144): Illuminate/Foundation/Http/Kernel->sendRequestThroughRouter(Object(Illuminate/Http/Request))
#36 C:/Users/hp/practica1-api2/vendor/laravel/framework/src/Illuminate/Foundation/Application.php(1220): Illuminate/Foundation/Http/Kernel->handle(Object(Illuminate/Http/Request))
#37 C:/Users/hp/practica1-api2/public/index.php(20): Illuminate/Foundation/Application->handleRequest(Object(Illuminate/Http/Request))
#38 C:/Users/hp/practica1-api2/vendor/laravel/framework/src/Illuminate/Foundation/resources/server.php(23): require_once('C://Users//hp//pra...')
#39 {main}
"} 
[2026-06-14 19:29:43] local.ERROR: Route [login] not defined. {"exception":"[object] (Symfony\\Component\\Routing\\Exception\\RouteNotFoundException(code: 0): Route [login] not defined. at C:/Users/hp/practica1-api2/vendor/laravel/framework/src/Illuminate/Routing/UrlGenerator.php:534)
[stacktrace]
#0 C:/Users/hp/practica1-api2/vendor/laravel/framework/src/Illuminate/Foundation/helpers.php(870): Illuminate/Routing/UrlGenerator->route('login', Array, true)
#1 C:/Users/hp/practica1-api2/vendor/laravel/framework/src/Illuminate/Foundation/Configuration/ApplicationBuilder.php(278): route('login')
#2 [internal function]: Illuminate/Foundation/Configuration/ApplicationBuilder->Illuminate/Foundation/Configuration/{closure}(Object(Illuminate/Http/Request))
#3 C:/Users/hp/practica1-api2/vendor/laravel/framework/src/Illuminate/Auth/Middleware/Authenticate.php(117): call_user_func(Object(Closure), Object(Illuminate/Http/Request))
#4 C:/Users/hp/practica1-api2/vendor/laravel/framework/src/Illuminate/Auth/Middleware/Authenticate.php(104): Illuminate/Auth/Middleware/Authenticate->redirectTo(Object(Illuminate/Http/Request))
#5 C:/Users/hp/practica1-api2/vendor/laravel/framework/src/Illuminate/Auth/Middleware/Authenticate.php(87): Illuminate/Auth/Middleware/Authenticate->unauthenticated(Object(Illuminate/Http/Request), Array)
#6 C:/Users/hp/practica1-api2/vendor/laravel/framework/src/Illuminate/Auth/Middleware/Authenticate.php(61): Illuminate/Auth/Middleware/Authenticate->authenticate(Object(Illuminate/Http/Request), Array)
#7 C:/Users/hp/practica1-api2/vendor/laravel/framework/src/Illuminate/Pipeline/Pipeline.php(219): Illuminate/Auth/Middleware/Authenticate->handle(Object(Illuminate/Http/Request), Object(Closure), 'sanctum')
#8 C:/Users/hp/practica1-api2/vendor/laravel/framework/src/Illuminate/Pipeline/Pipeline.php(137): Illuminate/Pipeline/Pipeline->Illuminate/Pipeline/{closure}(Object(Illuminate/Http/Request))
#9 C:/Users/hp/practica1-api2/vendor/laravel/framework/src/Illuminate/Routing/Router.php(821): Illuminate/Pipeline/Pipeline->then(Object(Closure))
#10 C:/Users/hp/practica1-api2/vendor/laravel/framework/src/Illuminate/Routing/Router.php(800): Illuminate/Routing/Router->runRouteWithinStack(Object(Illuminate/Routing/Route), Object(Illuminate/Http/Request))
#11 C:/Users/hp/practica1-api2/vendor/laravel/framework/src/Illuminate/Routing/Router.php(764): Illuminate/Routing/Router->runRoute(Object(Illuminate/Http/Request), Object(Illuminate/Routing/Route))
#12 C:/Users/hp/practica1-api2/vendor/laravel/framework/src/Illuminate/Routing/Router.php(753): Illuminate/Routing/Router->dispatchToRoute(Object(Illuminate/Http/Request))
#13 C:/Users/hp/practica1-api2/vendor/laravel/framework/src/Illuminate/Foundation/Http/Kernel.php(200): Illuminate/Routing/Router->dispatch(Object(Illuminate/Http/Request))
#14 C:/Users/hp/practica1-api2/vendor/laravel/framework/src/Illuminate/Pipeline/Pipeline.php(180): Illuminate/Foundation/Http/Kernel->Illuminate/Foundation/Http/{closure}(Object(Illuminate/Http/Request))
#15 C:/Users/hp/practica1-api2/vendor/laravel/framework/src/Illuminate/Foundation/Http/Middleware/TransformsRequest.php(21): Illuminate/Pipeline/Pipeline->Illuminate/Pipeline/{closure}(Object(Illuminate/Http/Request))
#16 C:/Users/hp/practica1-api2/vendor/laravel/framework/src/Illuminate/Foundation/Http/Middleware/ConvertEmptyStringsToNull.php(31): Illuminate/Foundation/Http/Middleware/TransformsRequest->handle(Object(Illuminate/Http/Request), Object(Closure))
#17 C:/Users/hp/practica1-api2/vendor/laravel/framework/src/Illuminate/Pipeline/Pipeline.php(219): Illuminate/Foundation/Http/Middleware/ConvertEmptyStringsToNull->handle(Object(Illuminate/Http/Request), Object(Closure))
#18 C:/Users/hp/practica1-api2/vendor/laravel/framework/src/Illuminate/Foundation/Http/Middleware/TransformsRequest.php(21): Illuminate/Pipeline/Pipeline->Illuminate/Pipeline/{closure}(Object(Illuminate/Http/Request))
#19 C:/Users/hp/practica1-api2/vendor/laravel/framework/src/Illuminate/Foundation/Http/Middleware/TrimStrings.php(51): Illuminate/Foundation/Http/Middleware/TransformsRequest->handle(Object(Illuminate/Http/Request), Object(Closure))
#20 C:/Users/hp/practica1-api2/vendor/laravel/framework/src/Illuminate/Pipeline/Pipeline.php(219): Illuminate/Foundation/Http/Middleware/TrimStrings->handle(Object(Illuminate/Http/Request), Object(Closure))
#21 C:/Users/hp/practica1-api2/vendor/laravel/framework/src/Illuminate/Http/Middleware/ValidatePostSize.php(27): Illuminate/Pipeline/Pipeline->Illuminate/Pipeline/{closure}(Object(Illuminate/Http/Request))
#22 C:/Users/hp/practica1-api2/vendor/laravel/framework/src/Illuminate/Pipeline/Pipeline.php(219): Illuminate/Http/Middleware/ValidatePostSize->handle(Object(Illuminate/Http/Request), Object(Closure))
#23 C:/Users/hp/practica1-api2/vendor/laravel/framework/src/Illuminate/Foundation/Http/Middleware/PreventRequestsDuringMaintenance.php(109): Illuminate/Pipeline/Pipeline->Illuminate/Pipeline/{closure}(Object(Illuminate/Http/Request))
#24 C:/Users/hp/practica1-api2/vendor/laravel/framework/src/Illuminate/Pipeline/Pipeline.php(219): Illuminate/Foundation/Http/Middleware/PreventRequestsDuringMaintenance->handle(Object(Illuminate/Http/Request), Object(Closure))
#25 C:/Users/hp/practica1-api2/vendor/laravel/framework/src/Illuminate/Http/Middleware/HandleCors.php(74): Illuminate/Pipeline/Pipeline->Illuminate/Pipeline/{closure}(Object(Illuminate/Http/Request))
#26 C:/Users/hp/practica1-api2/vendor/laravel/framework/src/Illuminate/Pipeline/Pipeline.php(219): Illuminate/Http/Middleware/HandleCors->handle(Object(Illuminate/Http/Request), Object(Closure))
#27 C:/Users/hp/practica1-api2/vendor/laravel/framework/src/Illuminate/Http/Middleware/TrustProxies.php(58): Illuminate/Pipeline/Pipeline->Illuminate/Pipeline/{closure}(Object(Illuminate/Http/Request))
#28 C:/Users/hp/practica1-api2/vendor/laravel/framework/src/Illuminate/Pipeline/Pipeline.php(219): Illuminate/Http/Middleware/TrustProxies->handle(Object(Illuminate/Http/Request), Object(Closure))
#29 C:/Users/hp/practica1-api2/vendor/laravel/framework/src/Illuminate/Foundation/Http/Middleware/InvokeDeferredCallbacks.php(22): Illuminate/Pipeline/Pipeline->Illuminate/Pipeline/{closure}(Object(Illuminate/Http/Request))
#30 C:/Users/hp/practica1-api2/vendor/laravel/framework/src/Illuminate/Pipeline/Pipeline.php(219): Illuminate/Foundation/Http/Middleware/InvokeDeferredCallbacks->handle(Object(Illuminate/Http/Request), Object(Closure))
#31 C:/Users/hp/practica1-api2/vendor/laravel/framework/src/Illuminate/Http/Middleware/ValidatePathEncoding.php(26): Illuminate/Pipeline/Pipeline->Illuminate/Pipeline/{closure}(Object(Illuminate/Http/Request))
#32 C:/Users/hp/practica1-api2/vendor/laravel/framework/src/Illuminate/Pipeline/Pipeline.php(219): Illuminate/Http/Middleware/ValidatePathEncoding->handle(Object(Illuminate/Http/Request), Object(Closure))
#33 C:/Users/hp/practica1-api2/vendor/laravel/framework/src/Illuminate/Pipeline/Pipeline.php(137): Illuminate/Pipeline/Pipeline->Illuminate/Pipeline/{closure}(Object(Illuminate/Http/Request))
#34 C:/Users/hp/practica1-api2/vendor/laravel/framework/src/Illuminate/Foundation/Http/Kernel.php(175): Illuminate/Pipeline/Pipeline->then(Object(Closure))
#35 C:/Users/hp/practica1-api2/vendor/laravel/framework/src/Illuminate/Foundation/Http/Kernel.php(144): Illuminate/Foundation/Http/Kernel->sendRequestThroughRouter(Object(Illuminate/Http/Request))
#36 C:/Users/hp/practica1-api2/vendor/laravel/framework/src/Illuminate/Foundation/Application.php(1220): Illuminate/Foundation/Http/Kernel->handle(Object(Illuminate/Http/Request))
#37 C:/Users/hp/practica1-api2/public/index.php(20): Illuminate/Foundation/Application->handleRequest(Object(Illuminate/Http/Request))
#38 C:/Users/hp/practica1-api2/vendor/laravel/framework/src/Illuminate/Foundation/resources/server.php(23): require_once('C://Users//hp//pra...')
#39 {main}
"} 
[2026-06-14 19:46:47] local.ERROR: Required @OA\Info() not found {"exception":"[object] (ErrorException(code: 0): Required @OA\\Info() not found at C:/Users/hp/practica1-api2/vendor/zircote/swagger-php/src/Loggers/DefaultLogger.php:23)
[stacktrace]
#0 C:/Users/hp/practica1-api2/vendor/laravel/framework/src/Illuminate/Foundation/Bootstrap/HandleExceptions.php(262): Illuminate/Foundation/Bootstrap/HandleExceptions->handleError(512, 'Required @OA//In...', 'C://Users//hp//pra...', 23)
#1 [internal function]: Illuminate/Foundation/Bootstrap/HandleExceptions->Illuminate/Foundation/Bootstrap/{closure}(512, 'Required @OA//In...', 'C://Users//hp//pra...', 23)
#2 C:/Users/hp/practica1-api2/vendor/zircote/swagger-php/src/Loggers/DefaultLogger.php(23): trigger_error('Required @OA//In...', 512)
#3 C:/Users/hp/practica1-api2/vendor/psr/log/src/LoggerTrait.php(61): OpenApi/Loggers/DefaultLogger->log('warning', 'Required @OA//In...', Array)
#4 C:/Users/hp/practica1-api2/vendor/zircote/swagger-php/src/Annotations/AbstractAnnotation.php(549): Psr/Log/AbstractLogger->warning('Required @OA//In...')
#5 C:/Users/hp/practica1-api2/vendor/zircote/swagger-php/src/Annotations/OpenApi.php(162): OpenApi/Annotations/AbstractAnnotation->validate(Object(OpenApi/Analysis), '3.0.0', Object(stdClass))
#6 C:/Users/hp/practica1-api2/vendor/zircote/swagger-php/src/Analysis.php(417): OpenApi/Annotations/OpenApi->validate(Object(OpenApi/Analysis), '3.0.0', Object(stdClass))
#7 C:/Users/hp/practica1-api2/vendor/zircote/swagger-php/src/Generator.php(408): OpenApi/Analysis->validate()
#8 C:/Users/hp/practica1-api2/vendor/darkaonline/l5-swagger/src/Generator.php(177): OpenApi/Generator->generate(Object(OpenApi/SourceFinder), Object(OpenApi/Analysis))
#9 C:/Users/hp/practica1-api2/vendor/darkaonline/l5-swagger/src/Generator.php(118): L5Swagger/Generator->scanFilesForDocumentation()
#10 C:/Users/hp/practica1-api2/vendor/darkaonline/l5-swagger/src/Console/GenerateDocsCommand.php(73): L5Swagger/Generator->generateDocs()
#11 C:/Users/hp/practica1-api2/vendor/darkaonline/l5-swagger/src/Console/GenerateDocsCommand.php(56): L5Swagger/Console/GenerateDocsCommand->generateDocumentation(Object(L5Swagger/GeneratorFactory), 'default')
#12 C:/Users/hp/practica1-api2/vendor/laravel/framework/src/Illuminate/Container/BoundMethod.php(36): L5Swagger/Console/GenerateDocsCommand->handle(Object(L5Swagger/GeneratorFactory))
#13 C:/Users/hp/practica1-api2/vendor/laravel/framework/src/Illuminate/Container/Util.php(43): Illuminate/Container/BoundMethod::Illuminate/Container/{closure}()
#14 C:/Users/hp/practica1-api2/vendor/laravel/framework/src/Illuminate/Container/BoundMethod.php(96): Illuminate/Container/Util::unwrapIfClosure(Object(Closure))
#15 C:/Users/hp/practica1-api2/vendor/laravel/framework/src/Illuminate/Container/BoundMethod.php(35): Illuminate/Container/BoundMethod::callBoundMethod(Object(Illuminate/Foundation/Application), Array, Object(Closure))
#16 C:/Users/hp/practica1-api2/vendor/laravel/framework/src/Illuminate/Container/Container.php(799): Illuminate/Container/BoundMethod::call(Object(Illuminate/Foundation/Application), Array, Array, NULL)
#17 C:/Users/hp/practica1-api2/vendor/laravel/framework/src/Illuminate/Console/Command.php(211): Illuminate/Container/Container->call(Array)
#18 C:/Users/hp/practica1-api2/vendor/symfony/console/Command/Command.php(341): Illuminate/Console/Command->execute(Object(Symfony/Component/Console/Input/ArgvInput), Object(Illuminate/Console/OutputStyle))
#19 C:/Users/hp/practica1-api2/vendor/laravel/framework/src/Illuminate/Console/Command.php(180): Symfony/Component/Console/Command/Command->run(Object(Symfony/Component/Console/Input/ArgvInput), Object(Illuminate/Console/OutputStyle))
#20 C:/Users/hp/practica1-api2/vendor/symfony/console/Application.php(1117): Illuminate/Console/Command->run(Object(Symfony/Component/Console/Input/ArgvInput), Object(Symfony/Component/Console/Output/ConsoleOutput))
#21 C:/Users/hp/practica1-api2/vendor/symfony/console/Application.php(356): Symfony/Component/Console/Application->doRunCommand(Object(L5Swagger/Console/GenerateDocsCommand), Object(Symfony/Component/Console/Input/ArgvInput), Object(Symfony/Component/Console/Output/ConsoleOutput))
#22 C:/Users/hp/practica1-api2/vendor/symfony/console/Application.php(195): Symfony/Component/Console/Application->doRun(Object(Symfony/Component/Console/Input/ArgvInput), Object(Symfony/Component/Console/Output/ConsoleOutput))
#23 C:/Users/hp/practica1-api2/vendor/laravel/framework/src/Illuminate/Foundation/Console/Kernel.php(198): Symfony/Component/Console/Application->run(Object(Symfony/Component/Console/Input/ArgvInput), Object(Symfony/Component/Console/Output/ConsoleOutput))
#24 C:/Users/hp/practica1-api2/vendor/laravel/framework/src/Illuminate/Foundation/Application.php(1235): Illuminate/Foundation/Console/Kernel->handle(Object(Symfony/Component/Console/Input/ArgvInput), Object(Symfony/Component/Console/Output/ConsoleOutput))
#25 C:/Users/hp/practica1-api2/artisan(16): Illuminate/Foundation/Application->handleCommand(Object(Symfony/Component/Console/Input/ArgvInput))
#26 {main}
"} 
[2026-06-14 19:50:31] local.ERROR: Required @OA\Info() not found {"exception":"[object] (ErrorException(code: 0): Required @OA\\Info() not found at C:/Users/hp/practica1-api2/vendor/zircote/swagger-php/src/Loggers/DefaultLogger.php:23)
[stacktrace]
#0 C:/Users/hp/practica1-api2/vendor/laravel/framework/src/Illuminate/Foundation/Bootstrap/HandleExceptions.php(262): Illuminate/Foundation/Bootstrap/HandleExceptions->handleError(512, 'Required @OA//In...', 'C://Users//hp//pra...', 23)
#1 [internal function]: Illuminate/Foundation/Bootstrap/HandleExceptions->Illuminate/Foundation/Bootstrap/{closure}(512, 'Required @OA//In...', 'C://Users//hp//pra...', 23)
#2 C:/Users/hp/practica1-api2/vendor/zircote/swagger-php/src/Loggers/DefaultLogger.php(23): trigger_error('Required @OA//In...', 512)
#3 C:/Users/hp/practica1-api2/vendor/psr/log/src/LoggerTrait.php(61): OpenApi/Loggers/DefaultLogger->log('warning', 'Required @OA//In...', Array)
#4 C:/Users/hp/practica1-api2/vendor/zircote/swagger-php/src/Annotations/AbstractAnnotation.php(549): Psr/Log/AbstractLogger->warning('Required @OA//In...')
#5 C:/Users/hp/practica1-api2/vendor/zircote/swagger-php/src/Annotations/OpenApi.php(162): OpenApi/Annotations/AbstractAnnotation->validate(Object(OpenApi/Analysis), '3.0.0', Object(stdClass))
#6 C:/Users/hp/practica1-api2/vendor/zircote/swagger-php/src/Analysis.php(417): OpenApi/Annotations/OpenApi->validate(Object(OpenApi/Analysis), '3.0.0', Object(stdClass))
#7 C:/Users/hp/practica1-api2/vendor/zircote/swagger-php/src/Generator.php(408): OpenApi/Analysis->validate()
#8 C:/Users/hp/practica1-api2/vendor/darkaonline/l5-swagger/src/Generator.php(177): OpenApi/Generator->generate(Object(OpenApi/SourceFinder), Object(OpenApi/Analysis))
#9 C:/Users/hp/practica1-api2/vendor/darkaonline/l5-swagger/src/Generator.php(118): L5Swagger/Generator->scanFilesForDocumentation()
#10 C:/Users/hp/practica1-api2/vendor/darkaonline/l5-swagger/src/Console/GenerateDocsCommand.php(73): L5Swagger/Generator->generateDocs()
#11 C:/Users/hp/practica1-api2/vendor/darkaonline/l5-swagger/src/Console/GenerateDocsCommand.php(56): L5Swagger/Console/GenerateDocsCommand->generateDocumentation(Object(L5Swagger/GeneratorFactory), 'default')
#12 C:/Users/hp/practica1-api2/vendor/laravel/framework/src/Illuminate/Container/BoundMethod.php(36): L5Swagger/Console/GenerateDocsCommand->handle(Object(L5Swagger/GeneratorFactory))
#13 C:/Users/hp/practica1-api2/vendor/laravel/framework/src/Illuminate/Container/Util.php(43): Illuminate/Container/BoundMethod::Illuminate/Container/{closure}()
#14 C:/Users/hp/practica1-api2/vendor/laravel/framework/src/Illuminate/Container/BoundMethod.php(96): Illuminate/Container/Util::unwrapIfClosure(Object(Closure))
#15 C:/Users/hp/practica1-api2/vendor/laravel/framework/src/Illuminate/Container/BoundMethod.php(35): Illuminate/Container/BoundMethod::callBoundMethod(Object(Illuminate/Foundation/Application), Array, Object(Closure))
#16 C:/Users/hp/practica1-api2/vendor/laravel/framework/src/Illuminate/Container/Container.php(799): Illuminate/Container/BoundMethod::call(Object(Illuminate/Foundation/Application), Array, Array, NULL)
#17 C:/Users/hp/practica1-api2/vendor/laravel/framework/src/Illuminate/Console/Command.php(211): Illuminate/Container/Container->call(Array)
#18 C:/Users/hp/practica1-api2/vendor/symfony/console/Command/Command.php(341): Illuminate/Console/Command->execute(Object(Symfony/Component/Console/Input/ArgvInput), Object(Illuminate/Console/OutputStyle))
#19 C:/Users/hp/practica1-api2/vendor/laravel/framework/src/Illuminate/Console/Command.php(180): Symfony/Component/Console/Command/Command->run(Object(Symfony/Component/Console/Input/ArgvInput), Object(Illuminate/Console/OutputStyle))
#20 C:/Users/hp/practica1-api2/vendor/symfony/console/Application.php(1117): Illuminate/Console/Command->run(Object(Symfony/Component/Console/Input/ArgvInput), Object(Symfony/Component/Console/Output/ConsoleOutput))
#21 C:/Users/hp/practica1-api2/vendor/symfony/console/Application.php(356): Symfony/Component/Console/Application->doRunCommand(Object(L5Swagger/Console/GenerateDocsCommand), Object(Symfony/Component/Console/Input/ArgvInput), Object(Symfony/Component/Console/Output/ConsoleOutput))
#22 C:/Users/hp/practica1-api2/vendor/symfony/console/Application.php(195): Symfony/Component/Console/Application->doRun(Object(Symfony/Component/Console/Input/ArgvInput), Object(Symfony/Component/Console/Output/ConsoleOutput))
#23 C:/Users/hp/practica1-api2/vendor/laravel/framework/src/Illuminate/Foundation/Console/Kernel.php(198): Symfony/Component/Console/Application->run(Object(Symfony/Component/Console/Input/ArgvInput), Object(Symfony/Component/Console/Output/ConsoleOutput))
#24 C:/Users/hp/practica1-api2/vendor/laravel/framework/src/Illuminate/Foundation/Application.php(1235): Illuminate/Foundation/Console/Kernel->handle(Object(Symfony/Component/Console/Input/ArgvInput), Object(Symfony/Component/Console/Output/ConsoleOutput))
#25 C:/Users/hp/practica1-api2/artisan(16): Illuminate/Foundation/Application->handleCommand(Object(Symfony/Component/Console/Input/ArgvInput))
#26 {main}
"} 
[2026-06-14 19:52:41] local.ERROR: Required @OA\Info() not found {"exception":"[object] (ErrorException(code: 0): Required @OA\\Info() not found at C:/Users/hp/practica1-api2/vendor/zircote/swagger-php/src/Loggers/DefaultLogger.php:23)
[stacktrace]
#0 C:/Users/hp/practica1-api2/vendor/laravel/framework/src/Illuminate/Foundation/Bootstrap/HandleExceptions.php(262): Illuminate/Foundation/Bootstrap/HandleExceptions->handleError(512, 'Required @OA//In...', 'C://Users//hp//pra...', 23)
#1 [internal function]: Illuminate/Foundation/Bootstrap/HandleExceptions->Illuminate/Foundation/Bootstrap/{closure}(512, 'Required @OA//In...', 'C://Users//hp//pra...', 23)
#2 C:/Users/hp/practica1-api2/vendor/zircote/swagger-php/src/Loggers/DefaultLogger.php(23): trigger_error('Required @OA//In...', 512)
#3 C:/Users/hp/practica1-api2/vendor/psr/log/src/LoggerTrait.php(61): OpenApi/Loggers/DefaultLogger->log('warning', 'Required @OA//In...', Array)
#4 C:/Users/hp/practica1-api2/vendor/zircote/swagger-php/src/Annotations/AbstractAnnotation.php(549): Psr/Log/AbstractLogger->warning('Required @OA//In...')
#5 C:/Users/hp/practica1-api2/vendor/zircote/swagger-php/src/Annotations/OpenApi.php(162): OpenApi/Annotations/AbstractAnnotation->validate(Object(OpenApi/Analysis), '3.0.0', Object(stdClass))
#6 C:/Users/hp/practica1-api2/vendor/zircote/swagger-php/src/Analysis.php(417): OpenApi/Annotations/OpenApi->validate(Object(OpenApi/Analysis), '3.0.0', Object(stdClass))
#7 C:/Users/hp/practica1-api2/vendor/zircote/swagger-php/src/Generator.php(408): OpenApi/Analysis->validate()
#8 C:/Users/hp/practica1-api2/vendor/darkaonline/l5-swagger/src/Generator.php(177): OpenApi/Generator->generate(Object(OpenApi/SourceFinder), Object(OpenApi/Analysis))
#9 C:/Users/hp/practica1-api2/vendor/darkaonline/l5-swagger/src/Generator.php(118): L5Swagger/Generator->scanFilesForDocumentation()
#10 C:/Users/hp/practica1-api2/vendor/darkaonline/l5-swagger/src/Console/GenerateDocsCommand.php(73): L5Swagger/Generator->generateDocs()
#11 C:/Users/hp/practica1-api2/vendor/darkaonline/l5-swagger/src/Console/GenerateDocsCommand.php(56): L5Swagger/Console/GenerateDocsCommand->generateDocumentation(Object(L5Swagger/GeneratorFactory), 'default')
#12 C:/Users/hp/practica1-api2/vendor/laravel/framework/src/Illuminate/Container/BoundMethod.php(36): L5Swagger/Console/GenerateDocsCommand->handle(Object(L5Swagger/GeneratorFactory))
#13 C:/Users/hp/practica1-api2/vendor/laravel/framework/src/Illuminate/Container/Util.php(43): Illuminate/Container/BoundMethod::Illuminate/Container/{closure}()
#14 C:/Users/hp/practica1-api2/vendor/laravel/framework/src/Illuminate/Container/BoundMethod.php(96): Illuminate/Container/Util::unwrapIfClosure(Object(Closure))
#15 C:/Users/hp/practica1-api2/vendor/laravel/framework/src/Illuminate/Container/BoundMethod.php(35): Illuminate/Container/BoundMethod::callBoundMethod(Object(Illuminate/Foundation/Application), Array, Object(Closure))
#16 C:/Users/hp/practica1-api2/vendor/laravel/framework/src/Illuminate/Container/Container.php(799): Illuminate/Container/BoundMethod::call(Object(Illuminate/Foundation/Application), Array, Array, NULL)
#17 C:/Users/hp/practica1-api2/vendor/laravel/framework/src/Illuminate/Console/Command.php(211): Illuminate/Container/Container->call(Array)
#18 C:/Users/hp/practica1-api2/vendor/symfony/console/Command/Command.php(341): Illuminate/Console/Command->execute(Object(Symfony/Component/Console/Input/ArgvInput), Object(Illuminate/Console/OutputStyle))
#19 C:/Users/hp/practica1-api2/vendor/laravel/framework/src/Illuminate/Console/Command.php(180): Symfony/Component/Console/Command/Command->run(Object(Symfony/Component/Console/Input/ArgvInput), Object(Illuminate/Console/OutputStyle))
#20 C:/Users/hp/practica1-api2/vendor/symfony/console/Application.php(1117): Illuminate/Console/Command->run(Object(Symfony/Component/Console/Input/ArgvInput), Object(Symfony/Component/Console/Output/ConsoleOutput))
#21 C:/Users/hp/practica1-api2/vendor/symfony/console/Application.php(356): Symfony/Component/Console/Application->doRunCommand(Object(L5Swagger/Console/GenerateDocsCommand), Object(Symfony/Component/Console/Input/ArgvInput), Object(Symfony/Component/Console/Output/ConsoleOutput))
#22 C:/Users/hp/practica1-api2/vendor/symfony/console/Application.php(195): Symfony/Component/Console/Application->doRun(Object(Symfony/Component/Console/Input/ArgvInput), Object(Symfony/Component/Console/Output/ConsoleOutput))
#23 C:/Users/hp/practica1-api2/vendor/laravel/framework/src/Illuminate/Foundation/Console/Kernel.php(198): Symfony/Component/Console/Application->run(Object(Symfony/Component/Console/Input/ArgvInput), Object(Symfony/Component/Console/Output/ConsoleOutput))
#24 C:/Users/hp/practica1-api2/vendor/laravel/framework/src/Illuminate/Foundation/Application.php(1235): Illuminate/Foundation/Console/Kernel->handle(Object(Symfony/Component/Console/Input/ArgvInput), Object(Symfony/Component/Console/Output/ConsoleOutput))
#25 C:/Users/hp/practica1-api2/artisan(16): Illuminate/Foundation/Application->handleCommand(Object(Symfony/Component/Console/Input/ArgvInput))
#26 {main}
"} 
[2026-06-14 19:53:41] local.ERROR: Required @OA\Info() not found {"exception":"[object] (ErrorException(code: 0): Required @OA\\Info() not found at C:/Users/hp/practica1-api2/vendor/zircote/swagger-php/src/Loggers/DefaultLogger.php:23)
[stacktrace]
#0 C:/Users/hp/practica1-api2/vendor/laravel/framework/src/Illuminate/Foundation/Bootstrap/HandleExceptions.php(262): Illuminate/Foundation/Bootstrap/HandleExceptions->handleError(512, 'Required @OA//In...', 'C://Users//hp//pra...', 23)
#1 [internal function]: Illuminate/Foundation/Bootstrap/HandleExceptions->Illuminate/Foundation/Bootstrap/{closure}(512, 'Required @OA//In...', 'C://Users//hp//pra...', 23)
#2 C:/Users/hp/practica1-api2/vendor/zircote/swagger-php/src/Loggers/DefaultLogger.php(23): trigger_error('Required @OA//In...', 512)
#3 C:/Users/hp/practica1-api2/vendor/psr/log/src/LoggerTrait.php(61): OpenApi/Loggers/DefaultLogger->log('warning', 'Required @OA//In...', Array)
#4 C:/Users/hp/practica1-api2/vendor/zircote/swagger-php/src/Annotations/AbstractAnnotation.php(549): Psr/Log/AbstractLogger->warning('Required @OA//In...')
#5 C:/Users/hp/practica1-api2/vendor/zircote/swagger-php/src/Annotations/OpenApi.php(162): OpenApi/Annotations/AbstractAnnotation->validate(Object(OpenApi/Analysis), '3.0.0', Object(stdClass))
#6 C:/Users/hp/practica1-api2/vendor/zircote/swagger-php/src/Analysis.php(417): OpenApi/Annotations/OpenApi->validate(Object(OpenApi/Analysis), '3.0.0', Object(stdClass))
#7 C:/Users/hp/practica1-api2/vendor/zircote/swagger-php/src/Generator.php(408): OpenApi/Analysis->validate()
#8 C:/Users/hp/practica1-api2/vendor/darkaonline/l5-swagger/src/Generator.php(177): OpenApi/Generator->generate(Object(OpenApi/SourceFinder), Object(OpenApi/Analysis))
#9 C:/Users/hp/practica1-api2/vendor/darkaonline/l5-swagger/src/Generator.php(118): L5Swagger/Generator->scanFilesForDocumentation()
#10 C:/Users/hp/practica1-api2/vendor/darkaonline/l5-swagger/src/Console/GenerateDocsCommand.php(73): L5Swagger/Generator->generateDocs()
#11 C:/Users/hp/practica1-api2/vendor/darkaonline/l5-swagger/src/Console/GenerateDocsCommand.php(56): L5Swagger/Console/GenerateDocsCommand->generateDocumentation(Object(L5Swagger/GeneratorFactory), 'default')
#12 C:/Users/hp/practica1-api2/vendor/laravel/framework/src/Illuminate/Container/BoundMethod.php(36): L5Swagger/Console/GenerateDocsCommand->handle(Object(L5Swagger/GeneratorFactory))
#13 C:/Users/hp/practica1-api2/vendor/laravel/framework/src/Illuminate/Container/Util.php(43): Illuminate/Container/BoundMethod::Illuminate/Container/{closure}()
#14 C:/Users/hp/practica1-api2/vendor/laravel/framework/src/Illuminate/Container/BoundMethod.php(96): Illuminate/Container/Util::unwrapIfClosure(Object(Closure))
#15 C:/Users/hp/practica1-api2/vendor/laravel/framework/src/Illuminate/Container/BoundMethod.php(35): Illuminate/Container/BoundMethod::callBoundMethod(Object(Illuminate/Foundation/Application), Array, Object(Closure))
#16 C:/Users/hp/practica1-api2/vendor/laravel/framework/src/Illuminate/Container/Container.php(799): Illuminate/Container/BoundMethod::call(Object(Illuminate/Foundation/Application), Array, Array, NULL)
#17 C:/Users/hp/practica1-api2/vendor/laravel/framework/src/Illuminate/Console/Command.php(211): Illuminate/Container/Container->call(Array)
#18 C:/Users/hp/practica1-api2/vendor/symfony/console/Command/Command.php(341): Illuminate/Console/Command->execute(Object(Symfony/Component/Console/Input/ArgvInput), Object(Illuminate/Console/OutputStyle))
#19 C:/Users/hp/practica1-api2/vendor/laravel/framework/src/Illuminate/Console/Command.php(180): Symfony/Component/Console/Command/Command->run(Object(Symfony/Component/Console/Input/ArgvInput), Object(Illuminate/Console/OutputStyle))
#20 C:/Users/hp/practica1-api2/vendor/symfony/console/Application.php(1117): Illuminate/Console/Command->run(Object(Symfony/Component/Console/Input/ArgvInput), Object(Symfony/Component/Console/Output/ConsoleOutput))
#21 C:/Users/hp/practica1-api2/vendor/symfony/console/Application.php(356): Symfony/Component/Console/Application->doRunCommand(Object(L5Swagger/Console/GenerateDocsCommand), Object(Symfony/Component/Console/Input/ArgvInput), Object(Symfony/Component/Console/Output/ConsoleOutput))
#22 C:/Users/hp/practica1-api2/vendor/symfony/console/Application.php(195): Symfony/Component/Console/Application->doRun(Object(Symfony/Component/Console/Input/ArgvInput), Object(Symfony/Component/Console/Output/ConsoleOutput))
#23 C:/Users/hp/practica1-api2/vendor/laravel/framework/src/Illuminate/Foundation/Console/Kernel.php(198): Symfony/Component/Console/Application->run(Object(Symfony/Component/Console/Input/ArgvInput), Object(Symfony/Component/Console/Output/ConsoleOutput))
#24 C:/Users/hp/practica1-api2/vendor/laravel/framework/src/Illuminate/Foundation/Application.php(1235): Illuminate/Foundation/Console/Kernel->handle(Object(Symfony/Component/Console/Input/ArgvInput), Object(Symfony/Component/Console/Output/ConsoleOutput))
#25 C:/Users/hp/practica1-api2/artisan(16): Illuminate/Foundation/Application->handleCommand(Object(Symfony/Component/Console/Input/ArgvInput))
#26 {main}
"} 
[2026-06-14 19:56:40] local.ERROR: Required @OA\Info() not found {"exception":"[object] (ErrorException(code: 0): Required @OA\\Info() not found at C:/Users/hp/practica1-api2/vendor/zircote/swagger-php/src/Loggers/DefaultLogger.php:23)
[stacktrace]
#0 C:/Users/hp/practica1-api2/vendor/laravel/framework/src/Illuminate/Foundation/Bootstrap/HandleExceptions.php(262): Illuminate/Foundation/Bootstrap/HandleExceptions->handleError(512, 'Required @OA//In...', 'C://Users//hp//pra...', 23)
#1 [internal function]: Illuminate/Foundation/Bootstrap/HandleExceptions->Illuminate/Foundation/Bootstrap/{closure}(512, 'Required @OA//In...', 'C://Users//hp//pra...', 23)
#2 C:/Users/hp/practica1-api2/vendor/zircote/swagger-php/src/Loggers/DefaultLogger.php(23): trigger_error('Required @OA//In...', 512)
#3 C:/Users/hp/practica1-api2/vendor/psr/log/src/LoggerTrait.php(61): OpenApi/Loggers/DefaultLogger->log('warning', 'Required @OA//In...', Array)
#4 C:/Users/hp/practica1-api2/vendor/zircote/swagger-php/src/Annotations/AbstractAnnotation.php(549): Psr/Log/AbstractLogger->warning('Required @OA//In...')
#5 C:/Users/hp/practica1-api2/vendor/zircote/swagger-php/src/Annotations/OpenApi.php(162): OpenApi/Annotations/AbstractAnnotation->validate(Object(OpenApi/Analysis), '3.0.0', Object(stdClass))
#6 C:/Users/hp/practica1-api2/vendor/zircote/swagger-php/src/Analysis.php(417): OpenApi/Annotations/OpenApi->validate(Object(OpenApi/Analysis), '3.0.0', Object(stdClass))
#7 C:/Users/hp/practica1-api2/vendor/zircote/swagger-php/src/Generator.php(408): OpenApi/Analysis->validate()
#8 C:/Users/hp/practica1-api2/vendor/darkaonline/l5-swagger/src/Generator.php(177): OpenApi/Generator->generate(Object(OpenApi/SourceFinder), Object(OpenApi/Analysis))
#9 C:/Users/hp/practica1-api2/vendor/darkaonline/l5-swagger/src/Generator.php(118): L5Swagger/Generator->scanFilesForDocumentation()
#10 C:/Users/hp/practica1-api2/vendor/darkaonline/l5-swagger/src/Console/GenerateDocsCommand.php(73): L5Swagger/Generator->generateDocs()
#11 C:/Users/hp/practica1-api2/vendor/darkaonline/l5-swagger/src/Console/GenerateDocsCommand.php(56): L5Swagger/Console/GenerateDocsCommand->generateDocumentation(Object(L5Swagger/GeneratorFactory), 'default')
#12 C:/Users/hp/practica1-api2/vendor/laravel/framework/src/Illuminate/Container/BoundMethod.php(36): L5Swagger/Console/GenerateDocsCommand->handle(Object(L5Swagger/GeneratorFactory))
#13 C:/Users/hp/practica1-api2/vendor/laravel/framework/src/Illuminate/Container/Util.php(43): Illuminate/Container/BoundMethod::Illuminate/Container/{closure}()
#14 C:/Users/hp/practica1-api2/vendor/laravel/framework/src/Illuminate/Container/BoundMethod.php(96): Illuminate/Container/Util::unwrapIfClosure(Object(Closure))
#15 C:/Users/hp/practica1-api2/vendor/laravel/framework/src/Illuminate/Container/BoundMethod.php(35): Illuminate/Container/BoundMethod::callBoundMethod(Object(Illuminate/Foundation/Application), Array, Object(Closure))
#16 C:/Users/hp/practica1-api2/vendor/laravel/framework/src/Illuminate/Container/Container.php(799): Illuminate/Container/BoundMethod::call(Object(Illuminate/Foundation/Application), Array, Array, NULL)
#17 C:/Users/hp/practica1-api2/vendor/laravel/framework/src/Illuminate/Console/Command.php(211): Illuminate/Container/Container->call(Array)
#18 C:/Users/hp/practica1-api2/vendor/symfony/console/Command/Command.php(341): Illuminate/Console/Command->execute(Object(Symfony/Component/Console/Input/ArgvInput), Object(Illuminate/Console/OutputStyle))
#19 C:/Users/hp/practica1-api2/vendor/laravel/framework/src/Illuminate/Console/Command.php(180): Symfony/Component/Console/Command/Command->run(Object(Symfony/Component/Console/Input/ArgvInput), Object(Illuminate/Console/OutputStyle))
#20 C:/Users/hp/practica1-api2/vendor/symfony/console/Application.php(1117): Illuminate/Console/Command->run(Object(Symfony/Component/Console/Input/ArgvInput), Object(Symfony/Component/Console/Output/ConsoleOutput))
#21 C:/Users/hp/practica1-api2/vendor/symfony/console/Application.php(356): Symfony/Component/Console/Application->doRunCommand(Object(L5Swagger/Console/GenerateDocsCommand), Object(Symfony/Component/Console/Input/ArgvInput), Object(Symfony/Component/Console/Output/ConsoleOutput))
#22 C:/Users/hp/practica1-api2/vendor/symfony/console/Application.php(195): Symfony/Component/Console/Application->doRun(Object(Symfony/Component/Console/Input/ArgvInput), Object(Symfony/Component/Console/Output/ConsoleOutput))
#23 C:/Users/hp/practica1-api2/vendor/laravel/framework/src/Illuminate/Foundation/Console/Kernel.php(198): Symfony/Component/Console/Application->run(Object(Symfony/Component/Console/Input/ArgvInput), Object(Symfony/Component/Console/Output/ConsoleOutput))
#24 C:/Users/hp/practica1-api2/vendor/laravel/framework/src/Illuminate/Foundation/Application.php(1235): Illuminate/Foundation/Console/Kernel->handle(Object(Symfony/Component/Console/Input/ArgvInput), Object(Symfony/Component/Console/Output/ConsoleOutput))
#25 C:/Users/hp/practica1-api2/artisan(16): Illuminate/Foundation/Application->handleCommand(Object(Symfony/Component/Console/Input/ArgvInput))
#26 {main}
"} 
[2026-06-14 20:00:19] local.ERROR: Required @OA\Info() not found {"exception":"[object] (ErrorException(code: 0): Required @OA\\Info() not found at C:/Users/hp/practica1-api2/vendor/zircote/swagger-php/src/Loggers/DefaultLogger.php:23)
[stacktrace]
#0 C:/Users/hp/practica1-api2/vendor/laravel/framework/src/Illuminate/Foundation/Bootstrap/HandleExceptions.php(262): Illuminate/Foundation/Bootstrap/HandleExceptions->handleError(512, 'Required @OA//In...', 'C://Users//hp//pra...', 23)
#1 [internal function]: Illuminate/Foundation/Bootstrap/HandleExceptions->Illuminate/Foundation/Bootstrap/{closure}(512, 'Required @OA//In...', 'C://Users//hp//pra...', 23)
#2 C:/Users/hp/practica1-api2/vendor/zircote/swagger-php/src/Loggers/DefaultLogger.php(23): trigger_error('Required @OA//In...', 512)
#3 C:/Users/hp/practica1-api2/vendor/psr/log/src/LoggerTrait.php(61): OpenApi/Loggers/DefaultLogger->log('warning', 'Required @OA//In...', Array)
#4 C:/Users/hp/practica1-api2/vendor/zircote/swagger-php/src/Annotations/AbstractAnnotation.php(549): Psr/Log/AbstractLogger->warning('Required @OA//In...')
#5 C:/Users/hp/practica1-api2/vendor/zircote/swagger-php/src/Annotations/OpenApi.php(162): OpenApi/Annotations/AbstractAnnotation->validate(Object(OpenApi/Analysis), '3.0.0', Object(stdClass))
#6 C:/Users/hp/practica1-api2/vendor/zircote/swagger-php/src/Analysis.php(417): OpenApi/Annotations/OpenApi->validate(Object(OpenApi/Analysis), '3.0.0', Object(stdClass))
#7 C:/Users/hp/practica1-api2/vendor/zircote/swagger-php/src/Generator.php(408): OpenApi/Analysis->validate()
#8 C:/Users/hp/practica1-api2/vendor/darkaonline/l5-swagger/src/Generator.php(177): OpenApi/Generator->generate(Object(OpenApi/SourceFinder), Object(OpenApi/Analysis))
#9 C:/Users/hp/practica1-api2/vendor/darkaonline/l5-swagger/src/Generator.php(118): L5Swagger/Generator->scanFilesForDocumentation()
#10 C:/Users/hp/practica1-api2/vendor/darkaonline/l5-swagger/src/Console/GenerateDocsCommand.php(73): L5Swagger/Generator->generateDocs()
#11 C:/Users/hp/practica1-api2/vendor/darkaonline/l5-swagger/src/Console/GenerateDocsCommand.php(56): L5Swagger/Console/GenerateDocsCommand->generateDocumentation(Object(L5Swagger/GeneratorFactory), 'default')
#12 C:/Users/hp/practica1-api2/vendor/laravel/framework/src/Illuminate/Container/BoundMethod.php(36): L5Swagger/Console/GenerateDocsCommand->handle(Object(L5Swagger/GeneratorFactory))
#13 C:/Users/hp/practica1-api2/vendor/laravel/framework/src/Illuminate/Container/Util.php(43): Illuminate/Container/BoundMethod::Illuminate/Container/{closure}()
#14 C:/Users/hp/practica1-api2/vendor/laravel/framework/src/Illuminate/Container/BoundMethod.php(96): Illuminate/Container/Util::unwrapIfClosure(Object(Closure))
#15 C:/Users/hp/practica1-api2/vendor/laravel/framework/src/Illuminate/Container/BoundMethod.php(35): Illuminate/Container/BoundMethod::callBoundMethod(Object(Illuminate/Foundation/Application), Array, Object(Closure))
#16 C:/Users/hp/practica1-api2/vendor/laravel/framework/src/Illuminate/Container/Container.php(799): Illuminate/Container/BoundMethod::call(Object(Illuminate/Foundation/Application), Array, Array, NULL)
#17 C:/Users/hp/practica1-api2/vendor/laravel/framework/src/Illuminate/Console/Command.php(211): Illuminate/Container/Container->call(Array)
#18 C:/Users/hp/practica1-api2/vendor/symfony/console/Command/Command.php(341): Illuminate/Console/Command->execute(Object(Symfony/Component/Console/Input/ArgvInput), Object(Illuminate/Console/OutputStyle))
#19 C:/Users/hp/practica1-api2/vendor/laravel/framework/src/Illuminate/Console/Command.php(180): Symfony/Component/Console/Command/Command->run(Object(Symfony/Component/Console/Input/ArgvInput), Object(Illuminate/Console/OutputStyle))
#20 C:/Users/hp/practica1-api2/vendor/symfony/console/Application.php(1117): Illuminate/Console/Command->run(Object(Symfony/Component/Console/Input/ArgvInput), Object(Symfony/Component/Console/Output/ConsoleOutput))
#21 C:/Users/hp/practica1-api2/vendor/symfony/console/Application.php(356): Symfony/Component/Console/Application->doRunCommand(Object(L5Swagger/Console/GenerateDocsCommand), Object(Symfony/Component/Console/Input/ArgvInput), Object(Symfony/Component/Console/Output/ConsoleOutput))
#22 C:/Users/hp/practica1-api2/vendor/symfony/console/Application.php(195): Symfony/Component/Console/Application->doRun(Object(Symfony/Component/Console/Input/ArgvInput), Object(Symfony/Component/Console/Output/ConsoleOutput))
#23 C:/Users/hp/practica1-api2/vendor/laravel/framework/src/Illuminate/Foundation/Console/Kernel.php(198): Symfony/Component/Console/Application->run(Object(Symfony/Component/Console/Input/ArgvInput), Object(Symfony/Component/Console/Output/ConsoleOutput))
#24 C:/Users/hp/practica1-api2/vendor/laravel/framework/src/Illuminate/Foundation/Application.php(1235): Illuminate/Foundation/Console/Kernel->handle(Object(Symfony/Component/Console/Input/ArgvInput), Object(Symfony/Component/Console/Output/ConsoleOutput))
#25 C:/Users/hp/practica1-api2/artisan(16): Illuminate/Foundation/Application->handleCommand(Object(Symfony/Component/Console/Input/ArgvInput))
#26 {main}
"} 
[2026-06-14 22:01:13] laravel.EMERGENCY: Unable to create configured logger. Using emergency logger. {"exception":"[object] (InvalidArgumentException(code: 0): Log [] is not defined. at C:/Users/hp/practica1-api2/vendor/laravel/framework/src/Illuminate/Log/LogManager.php:222)
[stacktrace]
#0 C:/Users/hp/practica1-api2/vendor/laravel/framework/src/Illuminate/Log/LogManager.php(138): Illuminate/Log/LogManager->resolve(NULL, NULL)
#1 C:/Users/hp/practica1-api2/vendor/laravel/framework/src/Illuminate/Log/LogManager.php(125): Illuminate/Log/LogManager->get(NULL)
#2 C:/Users/hp/practica1-api2/vendor/laravel/framework/src/Illuminate/Log/LogManager.php(703): Illuminate/Log/LogManager->driver()
#3 C:/Users/hp/practica1-api2/vendor/laravel/framework/src/Illuminate/Foundation/Exceptions/Handler.php(402): Illuminate/Log/LogManager->error('Class \"L5Swagge...', Array)
#4 C:/Users/hp/practica1-api2/vendor/laravel/framework/src/Illuminate/Foundation/Exceptions/Handler.php(365): Illuminate/Foundation/Exceptions/Handler->reportThrowable(Object(Error))
#5 C:/Users/hp/practica1-api2/vendor/laravel/framework/src/Illuminate/Foundation/Console/Kernel.php(641): Illuminate/Foundation/Exceptions/Handler->report(Object(Error))
#6 C:/Users/hp/practica1-api2/vendor/laravel/framework/src/Illuminate/Foundation/Console/Kernel.php(200): Illuminate/Foundation/Console/Kernel->reportException(Object(Error))
#7 C:/Users/hp/practica1-api2/vendor/laravel/framework/src/Illuminate/Foundation/Application.php(1235): Illuminate/Foundation/Console/Kernel->handle(Object(Symfony/Component/Console/Input/ArgvInput), Object(Symfony/Component/Console/Output/ConsoleOutput))
#8 C:/Users/hp/practica1-api2/artisan(16): Illuminate/Foundation/Application->handleCommand(Object(Symfony/Component/Console/Input/ArgvInput))
#9 {main}
"} 
[2026-06-14 22:01:13] laravel.ERROR: Class "L5Swagger\Generator" not found {"exception":"[object] (Error(code: 0): Class \"L5Swagger\\Generator\" not found at C:/Users/hp/practica1-api2/config/l5-swagger.php:180)
[stacktrace]
#0 C:/Users/hp/practica1-api2/vendor/laravel/framework/src/Illuminate/Foundation/Bootstrap/LoadConfiguration.php(115): require()
#1 C:/Users/hp/practica1-api2/vendor/laravel/framework/src/Illuminate/Foundation/Bootstrap/LoadConfiguration.php(115): Illuminate/Foundation/Bootstrap/LoadConfiguration->Illuminate/Foundation/Bootstrap/{closure}()
#2 C:/Users/hp/practica1-api2/vendor/laravel/framework/src/Illuminate/Foundation/Bootstrap/LoadConfiguration.php(96): Illuminate/Foundation/Bootstrap/LoadConfiguration->loadConfigurationFile(Object(Illuminate/Config/Repository), 'l5-swagger', 'C://Users//hp//pra...', Array)
#3 C:/Users/hp/practica1-api2/vendor/laravel/framework/src/Illuminate/Foundation/Bootstrap/LoadConfiguration.php(55): Illuminate/Foundation/Bootstrap/LoadConfiguration->loadConfigurationFiles(Object(Illuminate/Foundation/Application), Object(Illuminate/Config/Repository))
#4 C:/Users/hp/practica1-api2/vendor/laravel/framework/src/Illuminate/Foundation/Application.php(342): Illuminate/Foundation/Bootstrap/LoadConfiguration->bootstrap(Object(Illuminate/Foundation/Application))
#5 C:/Users/hp/practica1-api2/vendor/laravel/framework/src/Illuminate/Foundation/Console/Kernel.php(494): Illuminate/Foundation/Application->bootstrapWith(Array)
#6 C:/Users/hp/practica1-api2/vendor/laravel/framework/src/Illuminate/Foundation/Console/Kernel.php(196): Illuminate/Foundation/Console/Kernel->bootstrap()
#7 C:/Users/hp/practica1-api2/vendor/laravel/framework/src/Illuminate/Foundation/Application.php(1235): Illuminate/Foundation/Console/Kernel->handle(Object(Symfony/Component/Console/Input/ArgvInput), Object(Symfony/Component/Console/Output/ConsoleOutput))
#8 C:/Users/hp/practica1-api2/artisan(16): Illuminate/Foundation/Application->handleCommand(Object(Symfony/Component/Console/Input/ArgvInput))
#9 {main}
"} 
[2026-06-14 20:01:50] local.ERROR: Required @OA\Info() not found {"exception":"[object] (ErrorException(code: 0): Required @OA\\Info() not found at C:/Users/hp/practica1-api2/vendor/zircote/swagger-php/src/Loggers/DefaultLogger.php:23)
[stacktrace]
#0 C:/Users/hp/practica1-api2/vendor/laravel/framework/src/Illuminate/Foundation/Bootstrap/HandleExceptions.php(262): Illuminate/Foundation/Bootstrap/HandleExceptions->handleError(512, 'Required @OA//In...', 'C://Users//hp//pra...', 23)
#1 [internal function]: Illuminate/Foundation/Bootstrap/HandleExceptions->Illuminate/Foundation/Bootstrap/{closure}(512, 'Required @OA//In...', 'C://Users//hp//pra...', 23)
#2 C:/Users/hp/practica1-api2/vendor/zircote/swagger-php/src/Loggers/DefaultLogger.php(23): trigger_error('Required @OA//In...', 512)
#3 C:/Users/hp/practica1-api2/vendor/psr/log/src/LoggerTrait.php(61): OpenApi/Loggers/DefaultLogger->log('warning', 'Required @OA//In...', Array)
#4 C:/Users/hp/practica1-api2/vendor/zircote/swagger-php/src/Annotations/AbstractAnnotation.php(549): Psr/Log/AbstractLogger->warning('Required @OA//In...')
#5 C:/Users/hp/practica1-api2/vendor/zircote/swagger-php/src/Annotations/OpenApi.php(162): OpenApi/Annotations/AbstractAnnotation->validate(Object(OpenApi/Analysis), '3.0.0', Object(stdClass))
#6 C:/Users/hp/practica1-api2/vendor/zircote/swagger-php/src/Analysis.php(417): OpenApi/Annotations/OpenApi->validate(Object(OpenApi/Analysis), '3.0.0', Object(stdClass))
#7 C:/Users/hp/practica1-api2/vendor/zircote/swagger-php/src/Generator.php(408): OpenApi/Analysis->validate()
#8 C:/Users/hp/practica1-api2/vendor/darkaonline/l5-swagger/src/Generator.php(177): OpenApi/Generator->generate(Object(OpenApi/SourceFinder), Object(OpenApi/Analysis))
#9 C:/Users/hp/practica1-api2/vendor/darkaonline/l5-swagger/src/Generator.php(118): L5Swagger/Generator->scanFilesForDocumentation()
#10 C:/Users/hp/practica1-api2/vendor/darkaonline/l5-swagger/src/Console/GenerateDocsCommand.php(73): L5Swagger/Generator->generateDocs()
#11 C:/Users/hp/practica1-api2/vendor/darkaonline/l5-swagger/src/Console/GenerateDocsCommand.php(56): L5Swagger/Console/GenerateDocsCommand->generateDocumentation(Object(L5Swagger/GeneratorFactory), 'default')
#12 C:/Users/hp/practica1-api2/vendor/laravel/framework/src/Illuminate/Container/BoundMethod.php(36): L5Swagger/Console/GenerateDocsCommand->handle(Object(L5Swagger/GeneratorFactory))
#13 C:/Users/hp/practica1-api2/vendor/laravel/framework/src/Illuminate/Container/Util.php(43): Illuminate/Container/BoundMethod::Illuminate/Container/{closure}()
#14 C:/Users/hp/practica1-api2/vendor/laravel/framework/src/Illuminate/Container/BoundMethod.php(96): Illuminate/Container/Util::unwrapIfClosure(Object(Closure))
#15 C:/Users/hp/practica1-api2/vendor/laravel/framework/src/Illuminate/Container/BoundMethod.php(35): Illuminate/Container/BoundMethod::callBoundMethod(Object(Illuminate/Foundation/Application), Array, Object(Closure))
#16 C:/Users/hp/practica1-api2/vendor/laravel/framework/src/Illuminate/Container/Container.php(799): Illuminate/Container/BoundMethod::call(Object(Illuminate/Foundation/Application), Array, Array, NULL)
#17 C:/Users/hp/practica1-api2/vendor/laravel/framework/src/Illuminate/Console/Command.php(211): Illuminate/Container/Container->call(Array)
#18 C:/Users/hp/practica1-api2/vendor/symfony/console/Command/Command.php(341): Illuminate/Console/Command->execute(Object(Symfony/Component/Console/Input/ArgvInput), Object(Illuminate/Console/OutputStyle))
#19 C:/Users/hp/practica1-api2/vendor/laravel/framework/src/Illuminate/Console/Command.php(180): Symfony/Component/Console/Command/Command->run(Object(Symfony/Component/Console/Input/ArgvInput), Object(Illuminate/Console/OutputStyle))
#20 C:/Users/hp/practica1-api2/vendor/symfony/console/Application.php(1117): Illuminate/Console/Command->run(Object(Symfony/Component/Console/Input/ArgvInput), Object(Symfony/Component/Console/Output/ConsoleOutput))
#21 C:/Users/hp/practica1-api2/vendor/symfony/console/Application.php(356): Symfony/Component/Console/Application->doRunCommand(Object(L5Swagger/Console/GenerateDocsCommand), Object(Symfony/Component/Console/Input/ArgvInput), Object(Symfony/Component/Console/Output/ConsoleOutput))
#22 C:/Users/hp/practica1-api2/vendor/symfony/console/Application.php(195): Symfony/Component/Console/Application->doRun(Object(Symfony/Component/Console/Input/ArgvInput), Object(Symfony/Component/Console/Output/ConsoleOutput))
#23 C:/Users/hp/practica1-api2/vendor/laravel/framework/src/Illuminate/Foundation/Console/Kernel.php(198): Symfony/Component/Console/Application->run(Object(Symfony/Component/Console/Input/ArgvInput), Object(Symfony/Component/Console/Output/ConsoleOutput))
#24 C:/Users/hp/practica1-api2/vendor/laravel/framework/src/Illuminate/Foundation/Application.php(1235): Illuminate/Foundation/Console/Kernel->handle(Object(Symfony/Component/Console/Input/ArgvInput), Object(Symfony/Component/Console/Output/ConsoleOutput))
#25 C:/Users/hp/practica1-api2/artisan(16): Illuminate/Foundation/Application->handleCommand(Object(Symfony/Component/Console/Input/ArgvInput))
#26 {main}
"} 
[2026-06-14 20:04:44] local.ERROR: array_merge(): Argument #2 must be of type array, int given {"exception":"[object] (TypeError(code: 0): array_merge(): Argument #2 must be of type array, int given at C:/Users/hp/practica1-api2/vendor/laravel/framework/src/Illuminate/Support/ServiceProvider.php:168)
[stacktrace]
#0 C:/Users/hp/practica1-api2/vendor/laravel/framework/src/Illuminate/Support/ServiceProvider.php(168): array_merge(Array, 1)
#1 C:/Users/hp/practica1-api2/vendor/darkaonline/l5-swagger/src/L5SwaggerServiceProvider.php(46): Illuminate/Support/ServiceProvider->mergeConfigFrom('C://Users//hp//pra...', 'l5-swagger')
#2 C:/Users/hp/practica1-api2/vendor/laravel/framework/src/Illuminate/Foundation/Application.php(896): L5Swagger/L5SwaggerServiceProvider->register()
#3 C:/Users/hp/practica1-api2/vendor/laravel/framework/src/Illuminate/Foundation/ProviderRepository.php(74): Illuminate/Foundation/Application->register(Object(L5Swagger/L5SwaggerServiceProvider))
#4 C:/Users/hp/practica1-api2/vendor/laravel/framework/src/Illuminate/Foundation/Application.php(871): Illuminate/Foundation/ProviderRepository->load(Array)
#5 C:/Users/hp/practica1-api2/vendor/laravel/framework/src/Illuminate/Foundation/Bootstrap/RegisterProviders.php(37): Illuminate/Foundation/Application->registerConfiguredProviders()
#6 C:/Users/hp/practica1-api2/vendor/laravel/framework/src/Illuminate/Foundation/Application.php(342): Illuminate/Foundation/Bootstrap/RegisterProviders->bootstrap(Object(Illuminate/Foundation/Application))
#7 C:/Users/hp/practica1-api2/vendor/laravel/framework/src/Illuminate/Foundation/Console/Kernel.php(494): Illuminate/Foundation/Application->bootstrapWith(Array)
#8 C:/Users/hp/practica1-api2/vendor/laravel/framework/src/Illuminate/Foundation/Console/Kernel.php(196): Illuminate/Foundation/Console/Kernel->bootstrap()
#9 C:/Users/hp/practica1-api2/vendor/laravel/framework/src/Illuminate/Foundation/Application.php(1235): Illuminate/Foundation/Console/Kernel->handle(Object(Symfony/Component/Console/Input/ArgvInput), Object(Symfony/Component/Console/Output/ConsoleOutput))
#10 C:/Users/hp/practica1-api2/artisan(16): Illuminate/Foundation/Application->handleCommand(Object(Symfony/Component/Console/Input/ArgvInput))
#11 {main}
"} 
[2026-06-14 20:04:44] local.ERROR: array_merge(): Argument #2 must be of type array, int given {"exception":"[object] (TypeError(code: 0): array_merge(): Argument #2 must be of type array, int given at C:/Users/hp/practica1-api2/vendor/laravel/framework/src/Illuminate/Support/ServiceProvider.php:168)
[stacktrace]
#0 C:/Users/hp/practica1-api2/vendor/laravel/framework/src/Illuminate/Support/ServiceProvider.php(168): array_merge(Array, 1)
#1 C:/Users/hp/practica1-api2/vendor/darkaonline/l5-swagger/src/L5SwaggerServiceProvider.php(46): Illuminate/Support/ServiceProvider->mergeConfigFrom('C://Users//hp//pra...', 'l5-swagger')
#2 C:/Users/hp/practica1-api2/vendor/laravel/framework/src/Illuminate/Foundation/Application.php(896): L5Swagger/L5SwaggerServiceProvider->register()
#3 C:/Users/hp/practica1-api2/vendor/laravel/framework/src/Illuminate/Foundation/ProviderRepository.php(74): Illuminate/Foundation/Application->register(Object(L5Swagger/L5SwaggerServiceProvider))
#4 C:/Users/hp/practica1-api2/vendor/laravel/framework/src/Illuminate/Foundation/Application.php(871): Illuminate/Foundation/ProviderRepository->load(Array)
#5 C:/Users/hp/practica1-api2/vendor/laravel/framework/src/Illuminate/Foundation/Bootstrap/RegisterProviders.php(37): Illuminate/Foundation/Application->registerConfiguredProviders()
#6 C:/Users/hp/practica1-api2/vendor/laravel/framework/src/Illuminate/Foundation/Application.php(342): Illuminate/Foundation/Bootstrap/RegisterProviders->bootstrap(Object(Illuminate/Foundation/Application))
#7 C:/Users/hp/practica1-api2/vendor/laravel/framework/src/Illuminate/Foundation/Console/Kernel.php(494): Illuminate/Foundation/Application->bootstrapWith(Array)
#8 C:/Users/hp/practica1-api2/vendor/laravel/framework/src/Illuminate/Foundation/Console/Kernel.php(196): Illuminate/Foundation/Console/Kernel->bootstrap()
#9 C:/Users/hp/practica1-api2/vendor/laravel/framework/src/Illuminate/Foundation/Application.php(1235): Illuminate/Foundation/Console/Kernel->handle(Object(Symfony/Component/Console/Input/ArgvInput), Object(Symfony/Component/Console/Output/ConsoleOutput))
#10 C:/Users/hp/practica1-api2/artisan(16): Illuminate/Foundation/Application->handleCommand(Object(Symfony/Component/Console/Input/ArgvInput))
#11 {main}
"} 
[2026-06-14 20:04:47] local.ERROR: array_merge(): Argument #2 must be of type array, int given {"exception":"[object] (TypeError(code: 0): array_merge(): Argument #2 must be of type array, int given at C:/Users/hp/practica1-api2/vendor/laravel/framework/src/Illuminate/Support/ServiceProvider.php:168)
[stacktrace]
#0 C:/Users/hp/practica1-api2/vendor/laravel/framework/src/Illuminate/Support/ServiceProvider.php(168): array_merge(Array, 1)
#1 C:/Users/hp/practica1-api2/vendor/darkaonline/l5-swagger/src/L5SwaggerServiceProvider.php(46): Illuminate/Support/ServiceProvider->mergeConfigFrom('C://Users//hp//pra...', 'l5-swagger')
#2 C:/Users/hp/practica1-api2/vendor/laravel/framework/src/Illuminate/Foundation/Application.php(896): L5Swagger/L5SwaggerServiceProvider->register()
#3 C:/Users/hp/practica1-api2/vendor/laravel/framework/src/Illuminate/Foundation/ProviderRepository.php(74): Illuminate/Foundation/Application->register(Object(L5Swagger/L5SwaggerServiceProvider))
#4 C:/Users/hp/practica1-api2/vendor/laravel/framework/src/Illuminate/Foundation/Application.php(871): Illuminate/Foundation/ProviderRepository->load(Array)
#5 C:/Users/hp/practica1-api2/vendor/laravel/framework/src/Illuminate/Foundation/Bootstrap/RegisterProviders.php(37): Illuminate/Foundation/Application->registerConfiguredProviders()
#6 C:/Users/hp/practica1-api2/vendor/laravel/framework/src/Illuminate/Foundation/Application.php(342): Illuminate/Foundation/Bootstrap/RegisterProviders->bootstrap(Object(Illuminate/Foundation/Application))
#7 C:/Users/hp/practica1-api2/vendor/laravel/framework/src/Illuminate/Foundation/Console/Kernel.php(494): Illuminate/Foundation/Application->bootstrapWith(Array)
#8 C:/Users/hp/practica1-api2/vendor/laravel/framework/src/Illuminate/Foundation/Console/Kernel.php(196): Illuminate/Foundation/Console/Kernel->bootstrap()
#9 C:/Users/hp/practica1-api2/vendor/laravel/framework/src/Illuminate/Foundation/Application.php(1235): Illuminate/Foundation/Console/Kernel->handle(Object(Symfony/Component/Console/Input/ArgvInput), Object(Symfony/Component/Console/Output/ConsoleOutput))
#10 C:/Users/hp/practica1-api2/artisan(16): Illuminate/Foundation/Application->handleCommand(Object(Symfony/Component/Console/Input/ArgvInput))
#11 {main}
"} 
[2026-06-14 20:13:13] local.ERROR: Class "App\Providers\AuthServiceProvider" not found {"exception":"[object] (Error(code: 0): Class \"App\\Providers\\AuthServiceProvider\" not found at C:/Users/hp/practica1-api2/vendor/laravel/framework/src/Illuminate/Foundation/ProviderRepository.php:205)
[stacktrace]
#0 C:/Users/hp/practica1-api2/vendor/laravel/framework/src/Illuminate/Foundation/ProviderRepository.php(141): Illuminate/Foundation/ProviderRepository->createProvider('App//Providers//A...')
#1 C:/Users/hp/practica1-api2/vendor/laravel/framework/src/Illuminate/Foundation/ProviderRepository.php(60): Illuminate/Foundation/ProviderRepository->compileManifest(Array)
#2 C:/Users/hp/practica1-api2/vendor/laravel/framework/src/Illuminate/Foundation/Application.php(871): Illuminate/Foundation/ProviderRepository->load(Array)
#3 C:/Users/hp/practica1-api2/vendor/laravel/framework/src/Illuminate/Foundation/Bootstrap/RegisterProviders.php(37): Illuminate/Foundation/Application->registerConfiguredProviders()
#4 C:/Users/hp/practica1-api2/vendor/laravel/framework/src/Illuminate/Foundation/Application.php(342): Illuminate/Foundation/Bootstrap/RegisterProviders->bootstrap(Object(Illuminate/Foundation/Application))
#5 C:/Users/hp/practica1-api2/vendor/laravel/framework/src/Illuminate/Foundation/Console/Kernel.php(494): Illuminate/Foundation/Application->bootstrapWith(Array)
#6 C:/Users/hp/practica1-api2/vendor/laravel/framework/src/Illuminate/Foundation/Console/Kernel.php(196): Illuminate/Foundation/Console/Kernel->bootstrap()
#7 C:/Users/hp/practica1-api2/vendor/laravel/framework/src/Illuminate/Foundation/Application.php(1235): Illuminate/Foundation/Console/Kernel->handle(Object(Symfony/Component/Console/Input/ArgvInput), Object(Symfony/Component/Console/Output/ConsoleOutput))
#8 C:/Users/hp/practica1-api2/artisan(16): Illuminate/Foundation/Application->handleCommand(Object(Symfony/Component/Console/Input/ArgvInput))
#9 {main}
"} 
[2026-06-14 20:13:16] local.ERROR: Class "App\Providers\AuthServiceProvider" not found {"exception":"[object] (Error(code: 0): Class \"App\\Providers\\AuthServiceProvider\" not found at C:/Users/hp/practica1-api2/vendor/laravel/framework/src/Illuminate/Foundation/ProviderRepository.php:205)
[stacktrace]
#0 C:/Users/hp/practica1-api2/vendor/laravel/framework/src/Illuminate/Foundation/ProviderRepository.php(141): Illuminate/Foundation/ProviderRepository->createProvider('App//Providers//A...')
#1 C:/Users/hp/practica1-api2/vendor/laravel/framework/src/Illuminate/Foundation/ProviderRepository.php(60): Illuminate/Foundation/ProviderRepository->compileManifest(Array)
#2 C:/Users/hp/practica1-api2/vendor/laravel/framework/src/Illuminate/Foundation/Application.php(871): Illuminate/Foundation/ProviderRepository->load(Array)
#3 C:/Users/hp/practica1-api2/vendor/laravel/framework/src/Illuminate/Foundation/Bootstrap/RegisterProviders.php(37): Illuminate/Foundation/Application->registerConfiguredProviders()
#4 C:/Users/hp/practica1-api2/vendor/laravel/framework/src/Illuminate/Foundation/Application.php(342): Illuminate/Foundation/Bootstrap/RegisterProviders->bootstrap(Object(Illuminate/Foundation/Application))
#5 C:/Users/hp/practica1-api2/vendor/laravel/framework/src/Illuminate/Foundation/Console/Kernel.php(494): Illuminate/Foundation/Application->bootstrapWith(Array)
#6 C:/Users/hp/practica1-api2/vendor/laravel/framework/src/Illuminate/Foundation/Console/Kernel.php(196): Illuminate/Foundation/Console/Kernel->bootstrap()
#7 C:/Users/hp/practica1-api2/vendor/laravel/framework/src/Illuminate/Foundation/Application.php(1235): Illuminate/Foundation/Console/Kernel->handle(Object(Symfony/Component/Console/Input/ArgvInput), Object(Symfony/Component/Console/Output/ConsoleOutput))
#8 C:/Users/hp/practica1-api2/artisan(16): Illuminate/Foundation/Application->handleCommand(Object(Symfony/Component/Console/Input/ArgvInput))
#9 {main}
"} 
[2026-06-14 20:26:59] local.ERROR: Class "App\Providers\RouteServiceProvider" not found {"exception":"[object] (Error(code: 0): Class \"App\\Providers\\RouteServiceProvider\" not found at C:/Users/hp/practica1-api2/vendor/laravel/framework/src/Illuminate/Foundation/ProviderRepository.php:205)
[stacktrace]
#0 C:/Users/hp/practica1-api2/vendor/laravel/framework/src/Illuminate/Foundation/ProviderRepository.php(141): Illuminate/Foundation/ProviderRepository->createProvider('App//Providers//R...')
#1 C:/Users/hp/practica1-api2/vendor/laravel/framework/src/Illuminate/Foundation/ProviderRepository.php(60): Illuminate/Foundation/ProviderRepository->compileManifest(Array)
#2 C:/Users/hp/practica1-api2/vendor/laravel/framework/src/Illuminate/Foundation/Application.php(871): Illuminate/Foundation/ProviderRepository->load(Array)
#3 C:/Users/hp/practica1-api2/vendor/laravel/framework/src/Illuminate/Foundation/Bootstrap/RegisterProviders.php(37): Illuminate/Foundation/Application->registerConfiguredProviders()
#4 C:/Users/hp/practica1-api2/vendor/laravel/framework/src/Illuminate/Foundation/Application.php(342): Illuminate/Foundation/Bootstrap/RegisterProviders->bootstrap(Object(Illuminate/Foundation/Application))
#5 C:/Users/hp/practica1-api2/vendor/laravel/framework/src/Illuminate/Foundation/Console/Kernel.php(494): Illuminate/Foundation/Application->bootstrapWith(Array)
#6 C:/Users/hp/practica1-api2/vendor/laravel/framework/src/Illuminate/Foundation/Console/Kernel.php(196): Illuminate/Foundation/Console/Kernel->bootstrap()
#7 C:/Users/hp/practica1-api2/vendor/laravel/framework/src/Illuminate/Foundation/Application.php(1235): Illuminate/Foundation/Console/Kernel->handle(Object(Symfony/Component/Console/Input/ArgvInput), Object(Symfony/Component/Console/Output/ConsoleOutput))
#8 C:/Users/hp/practica1-api2/artisan(16): Illuminate/Foundation/Application->handleCommand(Object(Symfony/Component/Console/Input/ArgvInput))
#9 {main}
"} 
[2026-06-14 20:27:16] local.ERROR: array_merge(): Argument #2 must be of type array, int given {"exception":"[object] (TypeError(code: 0): array_merge(): Argument #2 must be of type array, int given at C:/Users/hp/practica1-api2/vendor/laravel/framework/src/Illuminate/Support/ServiceProvider.php:168)
[stacktrace]
#0 C:/Users/hp/practica1-api2/vendor/laravel/framework/src/Illuminate/Support/ServiceProvider.php(168): array_merge(Array, 1)
#1 C:/Users/hp/practica1-api2/vendor/darkaonline/l5-swagger/src/L5SwaggerServiceProvider.php(46): Illuminate/Support/ServiceProvider->mergeConfigFrom('C://Users//hp//pra...', 'l5-swagger')
#2 C:/Users/hp/practica1-api2/vendor/laravel/framework/src/Illuminate/Foundation/Application.php(896): L5Swagger/L5SwaggerServiceProvider->register()
#3 C:/Users/hp/practica1-api2/vendor/laravel/framework/src/Illuminate/Foundation/ProviderRepository.php(74): Illuminate/Foundation/Application->register(Object(L5Swagger/L5SwaggerServiceProvider))
#4 C:/Users/hp/practica1-api2/vendor/laravel/framework/src/Illuminate/Foundation/Application.php(871): Illuminate/Foundation/ProviderRepository->load(Array)
#5 C:/Users/hp/practica1-api2/vendor/laravel/framework/src/Illuminate/Foundation/Bootstrap/RegisterProviders.php(37): Illuminate/Foundation/Application->registerConfiguredProviders()
#6 C:/Users/hp/practica1-api2/vendor/laravel/framework/src/Illuminate/Foundation/Application.php(342): Illuminate/Foundation/Bootstrap/RegisterProviders->bootstrap(Object(Illuminate/Foundation/Application))
#7 C:/Users/hp/practica1-api2/vendor/laravel/framework/src/Illuminate/Foundation/Console/Kernel.php(494): Illuminate/Foundation/Application->bootstrapWith(Array)
#8 C:/Users/hp/practica1-api2/vendor/laravel/framework/src/Illuminate/Foundation/Console/Kernel.php(196): Illuminate/Foundation/Console/Kernel->bootstrap()
#9 C:/Users/hp/practica1-api2/vendor/laravel/framework/src/Illuminate/Foundation/Application.php(1235): Illuminate/Foundation/Console/Kernel->handle(Object(Symfony/Component/Console/Input/ArgvInput), Object(Symfony/Component/Console/Output/ConsoleOutput))
#10 C:/Users/hp/practica1-api2/artisan(16): Illuminate/Foundation/Application->handleCommand(Object(Symfony/Component/Console/Input/ArgvInput))
#11 {main}
"} 
[2026-06-14 20:42:35] local.ERROR: Required @OA\Info() not found {"exception":"[object] (ErrorException(code: 0): Required @OA\\Info() not found at C:/Users/hp/practica1-api2/vendor/zircote/swagger-php/src/Loggers/DefaultLogger.php:23)
[stacktrace]
#0 C:/Users/hp/practica1-api2/vendor/laravel/framework/src/Illuminate/Foundation/Bootstrap/HandleExceptions.php(262): Illuminate/Foundation/Bootstrap/HandleExceptions->handleError(512, 'Required @OA//In...', 'C://Users//hp//pra...', 23)
#1 [internal function]: Illuminate/Foundation/Bootstrap/HandleExceptions->Illuminate/Foundation/Bootstrap/{closure}(512, 'Required @OA//In...', 'C://Users//hp//pra...', 23)
#2 C:/Users/hp/practica1-api2/vendor/zircote/swagger-php/src/Loggers/DefaultLogger.php(23): trigger_error('Required @OA//In...', 512)
#3 C:/Users/hp/practica1-api2/vendor/psr/log/src/LoggerTrait.php(61): OpenApi/Loggers/DefaultLogger->log('warning', 'Required @OA//In...', Array)
#4 C:/Users/hp/practica1-api2/vendor/zircote/swagger-php/src/Annotations/AbstractAnnotation.php(549): Psr/Log/AbstractLogger->warning('Required @OA//In...')
#5 C:/Users/hp/practica1-api2/vendor/zircote/swagger-php/src/Annotations/OpenApi.php(162): OpenApi/Annotations/AbstractAnnotation->validate(Object(OpenApi/Analysis), '3.0.0', Object(stdClass))
#6 C:/Users/hp/practica1-api2/vendor/zircote/swagger-php/src/Analysis.php(417): OpenApi/Annotations/OpenApi->validate(Object(OpenApi/Analysis), '3.0.0', Object(stdClass))
#7 C:/Users/hp/practica1-api2/vendor/zircote/swagger-php/src/Generator.php(408): OpenApi/Analysis->validate()
#8 C:/Users/hp/practica1-api2/vendor/darkaonline/l5-swagger/src/Generator.php(177): OpenApi/Generator->generate(Object(OpenApi/SourceFinder), Object(OpenApi/Analysis))
#9 C:/Users/hp/practica1-api2/vendor/darkaonline/l5-swagger/src/Generator.php(118): L5Swagger/Generator->scanFilesForDocumentation()
#10 C:/Users/hp/practica1-api2/vendor/darkaonline/l5-swagger/src/Console/GenerateDocsCommand.php(73): L5Swagger/Generator->generateDocs()
#11 C:/Users/hp/practica1-api2/vendor/darkaonline/l5-swagger/src/Console/GenerateDocsCommand.php(56): L5Swagger/Console/GenerateDocsCommand->generateDocumentation(Object(L5Swagger/GeneratorFactory), 'default')
#12 C:/Users/hp/practica1-api2/vendor/laravel/framework/src/Illuminate/Container/BoundMethod.php(36): L5Swagger/Console/GenerateDocsCommand->handle(Object(L5Swagger/GeneratorFactory))
#13 C:/Users/hp/practica1-api2/vendor/laravel/framework/src/Illuminate/Container/Util.php(43): Illuminate/Container/BoundMethod::Illuminate/Container/{closure}()
#14 C:/Users/hp/practica1-api2/vendor/laravel/framework/src/Illuminate/Container/BoundMethod.php(96): Illuminate/Container/Util::unwrapIfClosure(Object(Closure))
#15 C:/Users/hp/practica1-api2/vendor/laravel/framework/src/Illuminate/Container/BoundMethod.php(35): Illuminate/Container/BoundMethod::callBoundMethod(Object(Illuminate/Foundation/Application), Array, Object(Closure))
#16 C:/Users/hp/practica1-api2/vendor/laravel/framework/src/Illuminate/Container/Container.php(799): Illuminate/Container/BoundMethod::call(Object(Illuminate/Foundation/Application), Array, Array, NULL)
#17 C:/Users/hp/practica1-api2/vendor/laravel/framework/src/Illuminate/Console/Command.php(211): Illuminate/Container/Container->call(Array)
#18 C:/Users/hp/practica1-api2/vendor/symfony/console/Command/Command.php(341): Illuminate/Console/Command->execute(Object(Symfony/Component/Console/Input/ArgvInput), Object(Illuminate/Console/OutputStyle))
#19 C:/Users/hp/practica1-api2/vendor/laravel/framework/src/Illuminate/Console/Command.php(180): Symfony/Component/Console/Command/Command->run(Object(Symfony/Component/Console/Input/ArgvInput), Object(Illuminate/Console/OutputStyle))
#20 C:/Users/hp/practica1-api2/vendor/symfony/console/Application.php(1117): Illuminate/Console/Command->run(Object(Symfony/Component/Console/Input/ArgvInput), Object(Symfony/Component/Console/Output/ConsoleOutput))
#21 C:/Users/hp/practica1-api2/vendor/symfony/console/Application.php(356): Symfony/Component/Console/Application->doRunCommand(Object(L5Swagger/Console/GenerateDocsCommand), Object(Symfony/Component/Console/Input/ArgvInput), Object(Symfony/Component/Console/Output/ConsoleOutput))
#22 C:/Users/hp/practica1-api2/vendor/symfony/console/Application.php(195): Symfony/Component/Console/Application->doRun(Object(Symfony/Component/Console/Input/ArgvInput), Object(Symfony/Component/Console/Output/ConsoleOutput))
#23 C:/Users/hp/practica1-api2/vendor/laravel/framework/src/Illuminate/Foundation/Console/Kernel.php(198): Symfony/Component/Console/Application->run(Object(Symfony/Component/Console/Input/ArgvInput), Object(Symfony/Component/Console/Output/ConsoleOutput))
#24 C:/Users/hp/practica1-api2/vendor/laravel/framework/src/Illuminate/Foundation/Application.php(1235): Illuminate/Foundation/Console/Kernel->handle(Object(Symfony/Component/Console/Input/ArgvInput), Object(Symfony/Component/Console/Output/ConsoleOutput))
#25 C:/Users/hp/practica1-api2/artisan(16): Illuminate/Foundation/Application->handleCommand(Object(Symfony/Component/Console/Input/ArgvInput))
#26 {main}
"} 
[2026-06-14 20:45:58] local.ERROR: Required @OA\Info() not found {"exception":"[object] (ErrorException(code: 0): Required @OA\\Info() not found at C:/Users/hp/practica1-api2/vendor/zircote/swagger-php/src/Loggers/DefaultLogger.php:23)
[stacktrace]
#0 C:/Users/hp/practica1-api2/vendor/laravel/framework/src/Illuminate/Foundation/Bootstrap/HandleExceptions.php(262): Illuminate/Foundation/Bootstrap/HandleExceptions->handleError(512, 'Required @OA//In...', 'C://Users//hp//pra...', 23)
#1 [internal function]: Illuminate/Foundation/Bootstrap/HandleExceptions->Illuminate/Foundation/Bootstrap/{closure}(512, 'Required @OA//In...', 'C://Users//hp//pra...', 23)
#2 C:/Users/hp/practica1-api2/vendor/zircote/swagger-php/src/Loggers/DefaultLogger.php(23): trigger_error('Required @OA//In...', 512)
#3 C:/Users/hp/practica1-api2/vendor/psr/log/src/LoggerTrait.php(61): OpenApi/Loggers/DefaultLogger->log('warning', 'Required @OA//In...', Array)
#4 C:/Users/hp/practica1-api2/vendor/zircote/swagger-php/src/Annotations/AbstractAnnotation.php(549): Psr/Log/AbstractLogger->warning('Required @OA//In...')
#5 C:/Users/hp/practica1-api2/vendor/zircote/swagger-php/src/Annotations/OpenApi.php(162): OpenApi/Annotations/AbstractAnnotation->validate(Object(OpenApi/Analysis), '3.0.0', Object(stdClass))
#6 C:/Users/hp/practica1-api2/vendor/zircote/swagger-php/src/Analysis.php(417): OpenApi/Annotations/OpenApi->validate(Object(OpenApi/Analysis), '3.0.0', Object(stdClass))
#7 C:/Users/hp/practica1-api2/vendor/zircote/swagger-php/src/Generator.php(408): OpenApi/Analysis->validate()
#8 C:/Users/hp/practica1-api2/vendor/darkaonline/l5-swagger/src/Generator.php(177): OpenApi/Generator->generate(Object(OpenApi/SourceFinder), Object(OpenApi/Analysis))
#9 C:/Users/hp/practica1-api2/vendor/darkaonline/l5-swagger/src/Generator.php(118): L5Swagger/Generator->scanFilesForDocumentation()
#10 C:/Users/hp/practica1-api2/vendor/darkaonline/l5-swagger/src/Console/GenerateDocsCommand.php(73): L5Swagger/Generator->generateDocs()
#11 C:/Users/hp/practica1-api2/vendor/darkaonline/l5-swagger/src/Console/GenerateDocsCommand.php(56): L5Swagger/Console/GenerateDocsCommand->generateDocumentation(Object(L5Swagger/GeneratorFactory), 'default')
#12 C:/Users/hp/practica1-api2/vendor/laravel/framework/src/Illuminate/Container/BoundMethod.php(36): L5Swagger/Console/GenerateDocsCommand->handle(Object(L5Swagger/GeneratorFactory))
#13 C:/Users/hp/practica1-api2/vendor/laravel/framework/src/Illuminate/Container/Util.php(43): Illuminate/Container/BoundMethod::Illuminate/Container/{closure}()
#14 C:/Users/hp/practica1-api2/vendor/laravel/framework/src/Illuminate/Container/BoundMethod.php(96): Illuminate/Container/Util::unwrapIfClosure(Object(Closure))
#15 C:/Users/hp/practica1-api2/vendor/laravel/framework/src/Illuminate/Container/BoundMethod.php(35): Illuminate/Container/BoundMethod::callBoundMethod(Object(Illuminate/Foundation/Application), Array, Object(Closure))
#16 C:/Users/hp/practica1-api2/vendor/laravel/framework/src/Illuminate/Container/Container.php(799): Illuminate/Container/BoundMethod::call(Object(Illuminate/Foundation/Application), Array, Array, NULL)
#17 C:/Users/hp/practica1-api2/vendor/laravel/framework/src/Illuminate/Console/Command.php(211): Illuminate/Container/Container->call(Array)
#18 C:/Users/hp/practica1-api2/vendor/symfony/console/Command/Command.php(341): Illuminate/Console/Command->execute(Object(Symfony/Component/Console/Input/ArgvInput), Object(Illuminate/Console/OutputStyle))
#19 C:/Users/hp/practica1-api2/vendor/laravel/framework/src/Illuminate/Console/Command.php(180): Symfony/Component/Console/Command/Command->run(Object(Symfony/Component/Console/Input/ArgvInput), Object(Illuminate/Console/OutputStyle))
#20 C:/Users/hp/practica1-api2/vendor/symfony/console/Application.php(1117): Illuminate/Console/Command->run(Object(Symfony/Component/Console/Input/ArgvInput), Object(Symfony/Component/Console/Output/ConsoleOutput))
#21 C:/Users/hp/practica1-api2/vendor/symfony/console/Application.php(356): Symfony/Component/Console/Application->doRunCommand(Object(L5Swagger/Console/GenerateDocsCommand), Object(Symfony/Component/Console/Input/ArgvInput), Object(Symfony/Component/Console/Output/ConsoleOutput))
#22 C:/Users/hp/practica1-api2/vendor/symfony/console/Application.php(195): Symfony/Component/Console/Application->doRun(Object(Symfony/Component/Console/Input/ArgvInput), Object(Symfony/Component/Console/Output/ConsoleOutput))
#23 C:/Users/hp/practica1-api2/vendor/laravel/framework/src/Illuminate/Foundation/Console/Kernel.php(198): Symfony/Component/Console/Application->run(Object(Symfony/Component/Console/Input/ArgvInput), Object(Symfony/Component/Console/Output/ConsoleOutput))
#24 C:/Users/hp/practica1-api2/vendor/laravel/framework/src/Illuminate/Foundation/Application.php(1235): Illuminate/Foundation/Console/Kernel->handle(Object(Symfony/Component/Console/Input/ArgvInput), Object(Symfony/Component/Console/Output/ConsoleOutput))
#25 C:/Users/hp/practica1-api2/artisan(16): Illuminate/Foundation/Application->handleCommand(Object(Symfony/Component/Console/Input/ArgvInput))
#26 {main}
"} 
[2026-06-14 20:49:30] local.ERROR: Required @OA\Info() not found {"exception":"[object] (ErrorException(code: 0): Required @OA\\Info() not found at C:/Users/hp/practica1-api2/vendor/zircote/swagger-php/src/Loggers/DefaultLogger.php:23)
[stacktrace]
#0 C:/Users/hp/practica1-api2/vendor/laravel/framework/src/Illuminate/Foundation/Bootstrap/HandleExceptions.php(262): Illuminate/Foundation/Bootstrap/HandleExceptions->handleError(512, 'Required @OA//In...', 'C://Users//hp//pra...', 23)
#1 [internal function]: Illuminate/Foundation/Bootstrap/HandleExceptions->Illuminate/Foundation/Bootstrap/{closure}(512, 'Required @OA//In...', 'C://Users//hp//pra...', 23)
#2 C:/Users/hp/practica1-api2/vendor/zircote/swagger-php/src/Loggers/DefaultLogger.php(23): trigger_error('Required @OA//In...', 512)
#3 C:/Users/hp/practica1-api2/vendor/psr/log/src/LoggerTrait.php(61): OpenApi/Loggers/DefaultLogger->log('warning', 'Required @OA//In...', Array)
#4 C:/Users/hp/practica1-api2/vendor/zircote/swagger-php/src/Annotations/AbstractAnnotation.php(549): Psr/Log/AbstractLogger->warning('Required @OA//In...')
#5 C:/Users/hp/practica1-api2/vendor/zircote/swagger-php/src/Annotations/OpenApi.php(162): OpenApi/Annotations/AbstractAnnotation->validate(Object(OpenApi/Analysis), '3.0.0', Object(stdClass))
#6 C:/Users/hp/practica1-api2/vendor/zircote/swagger-php/src/Analysis.php(417): OpenApi/Annotations/OpenApi->validate(Object(OpenApi/Analysis), '3.0.0', Object(stdClass))
#7 C:/Users/hp/practica1-api2/vendor/zircote/swagger-php/src/Generator.php(408): OpenApi/Analysis->validate()
#8 C:/Users/hp/practica1-api2/vendor/darkaonline/l5-swagger/src/Generator.php(177): OpenApi/Generator->generate(Object(OpenApi/SourceFinder), Object(OpenApi/Analysis))
#9 C:/Users/hp/practica1-api2/vendor/darkaonline/l5-swagger/src/Generator.php(118): L5Swagger/Generator->scanFilesForDocumentation()
#10 C:/Users/hp/practica1-api2/vendor/darkaonline/l5-swagger/src/Console/GenerateDocsCommand.php(73): L5Swagger/Generator->generateDocs()
#11 C:/Users/hp/practica1-api2/vendor/darkaonline/l5-swagger/src/Console/GenerateDocsCommand.php(56): L5Swagger/Console/GenerateDocsCommand->generateDocumentation(Object(L5Swagger/GeneratorFactory), 'default')
#12 C:/Users/hp/practica1-api2/vendor/laravel/framework/src/Illuminate/Container/BoundMethod.php(36): L5Swagger/Console/GenerateDocsCommand->handle(Object(L5Swagger/GeneratorFactory))
#13 C:/Users/hp/practica1-api2/vendor/laravel/framework/src/Illuminate/Container/Util.php(43): Illuminate/Container/BoundMethod::Illuminate/Container/{closure}()
#14 C:/Users/hp/practica1-api2/vendor/laravel/framework/src/Illuminate/Container/BoundMethod.php(96): Illuminate/Container/Util::unwrapIfClosure(Object(Closure))
#15 C:/Users/hp/practica1-api2/vendor/laravel/framework/src/Illuminate/Container/BoundMethod.php(35): Illuminate/Container/BoundMethod::callBoundMethod(Object(Illuminate/Foundation/Application), Array, Object(Closure))
#16 C:/Users/hp/practica1-api2/vendor/laravel/framework/src/Illuminate/Container/Container.php(799): Illuminate/Container/BoundMethod::call(Object(Illuminate/Foundation/Application), Array, Array, NULL)
#17 C:/Users/hp/practica1-api2/vendor/laravel/framework/src/Illuminate/Console/Command.php(211): Illuminate/Container/Container->call(Array)
#18 C:/Users/hp/practica1-api2/vendor/symfony/console/Command/Command.php(341): Illuminate/Console/Command->execute(Object(Symfony/Component/Console/Input/ArgvInput), Object(Illuminate/Console/OutputStyle))
#19 C:/Users/hp/practica1-api2/vendor/laravel/framework/src/Illuminate/Console/Command.php(180): Symfony/Component/Console/Command/Command->run(Object(Symfony/Component/Console/Input/ArgvInput), Object(Illuminate/Console/OutputStyle))
#20 C:/Users/hp/practica1-api2/vendor/symfony/console/Application.php(1117): Illuminate/Console/Command->run(Object(Symfony/Component/Console/Input/ArgvInput), Object(Symfony/Component/Console/Output/ConsoleOutput))
#21 C:/Users/hp/practica1-api2/vendor/symfony/console/Application.php(356): Symfony/Component/Console/Application->doRunCommand(Object(L5Swagger/Console/GenerateDocsCommand), Object(Symfony/Component/Console/Input/ArgvInput), Object(Symfony/Component/Console/Output/ConsoleOutput))
#22 C:/Users/hp/practica1-api2/vendor/symfony/console/Application.php(195): Symfony/Component/Console/Application->doRun(Object(Symfony/Component/Console/Input/ArgvInput), Object(Symfony/Component/Console/Output/ConsoleOutput))
#23 C:/Users/hp/practica1-api2/vendor/laravel/framework/src/Illuminate/Foundation/Console/Kernel.php(198): Symfony/Component/Console/Application->run(Object(Symfony/Component/Console/Input/ArgvInput), Object(Symfony/Component/Console/Output/ConsoleOutput))
#24 C:/Users/hp/practica1-api2/vendor/laravel/framework/src/Illuminate/Foundation/Application.php(1235): Illuminate/Foundation/Console/Kernel->handle(Object(Symfony/Component/Console/Input/ArgvInput), Object(Symfony/Component/Console/Output/ConsoleOutput))
#25 C:/Users/hp/practica1-api2/artisan(16): Illuminate/Foundation/Application->handleCommand(Object(Symfony/Component/Console/Input/ArgvInput))
#26 {main}
"} 
[2026-06-14 20:52:44] local.ERROR: Required @OA\PathItem() not found {"exception":"[object] (ErrorException(code: 0): Required @OA\\PathItem() not found at C:/Users/hp/practica1-api2/vendor/zircote/swagger-php/src/Loggers/DefaultLogger.php:23)
[stacktrace]
#0 C:/Users/hp/practica1-api2/vendor/laravel/framework/src/Illuminate/Foundation/Bootstrap/HandleExceptions.php(262): Illuminate/Foundation/Bootstrap/HandleExceptions->handleError(512, 'Required @OA//Pa...', 'C://Users//hp//pra...', 23)
#1 [internal function]: Illuminate/Foundation/Bootstrap/HandleExceptions->Illuminate/Foundation/Bootstrap/{closure}(512, 'Required @OA//Pa...', 'C://Users//hp//pra...', 23)
#2 C:/Users/hp/practica1-api2/vendor/zircote/swagger-php/src/Loggers/DefaultLogger.php(23): trigger_error('Required @OA//Pa...', 512)
#3 C:/Users/hp/practica1-api2/vendor/psr/log/src/LoggerTrait.php(61): OpenApi/Loggers/DefaultLogger->log('warning', 'Required @OA//Pa...', Array)
#4 C:/Users/hp/practica1-api2/vendor/zircote/swagger-php/src/Annotations/OpenApi.php(171): Psr/Log/AbstractLogger->warning('Required @OA//Pa...')
#5 C:/Users/hp/practica1-api2/vendor/zircote/swagger-php/src/Analysis.php(417): OpenApi/Annotations/OpenApi->validate(Object(OpenApi/Analysis), '3.0.0', Object(stdClass))
#6 C:/Users/hp/practica1-api2/vendor/zircote/swagger-php/src/Generator.php(408): OpenApi/Analysis->validate()
#7 C:/Users/hp/practica1-api2/vendor/darkaonline/l5-swagger/src/Generator.php(177): OpenApi/Generator->generate(Object(OpenApi/SourceFinder), Object(OpenApi/Analysis))
#8 C:/Users/hp/practica1-api2/vendor/darkaonline/l5-swagger/src/Generator.php(118): L5Swagger/Generator->scanFilesForDocumentation()
#9 C:/Users/hp/practica1-api2/vendor/darkaonline/l5-swagger/src/Console/GenerateDocsCommand.php(73): L5Swagger/Generator->generateDocs()
#10 C:/Users/hp/practica1-api2/vendor/darkaonline/l5-swagger/src/Console/GenerateDocsCommand.php(56): L5Swagger/Console/GenerateDocsCommand->generateDocumentation(Object(L5Swagger/GeneratorFactory), 'default')
#11 C:/Users/hp/practica1-api2/vendor/laravel/framework/src/Illuminate/Container/BoundMethod.php(36): L5Swagger/Console/GenerateDocsCommand->handle(Object(L5Swagger/GeneratorFactory))
#12 C:/Users/hp/practica1-api2/vendor/laravel/framework/src/Illuminate/Container/Util.php(43): Illuminate/Container/BoundMethod::Illuminate/Container/{closure}()
#13 C:/Users/hp/practica1-api2/vendor/laravel/framework/src/Illuminate/Container/BoundMethod.php(96): Illuminate/Container/Util::unwrapIfClosure(Object(Closure))
#14 C:/Users/hp/practica1-api2/vendor/laravel/framework/src/Illuminate/Container/BoundMethod.php(35): Illuminate/Container/BoundMethod::callBoundMethod(Object(Illuminate/Foundation/Application), Array, Object(Closure))
#15 C:/Users/hp/practica1-api2/vendor/laravel/framework/src/Illuminate/Container/Container.php(799): Illuminate/Container/BoundMethod::call(Object(Illuminate/Foundation/Application), Array, Array, NULL)
#16 C:/Users/hp/practica1-api2/vendor/laravel/framework/src/Illuminate/Console/Command.php(211): Illuminate/Container/Container->call(Array)
#17 C:/Users/hp/practica1-api2/vendor/symfony/console/Command/Command.php(341): Illuminate/Console/Command->execute(Object(Symfony/Component/Console/Input/ArgvInput), Object(Illuminate/Console/OutputStyle))
#18 C:/Users/hp/practica1-api2/vendor/laravel/framework/src/Illuminate/Console/Command.php(180): Symfony/Component/Console/Command/Command->run(Object(Symfony/Component/Console/Input/ArgvInput), Object(Illuminate/Console/OutputStyle))
#19 C:/Users/hp/practica1-api2/vendor/symfony/console/Application.php(1117): Illuminate/Console/Command->run(Object(Symfony/Component/Console/Input/ArgvInput), Object(Symfony/Component/Console/Output/ConsoleOutput))
#20 C:/Users/hp/practica1-api2/vendor/symfony/console/Application.php(356): Symfony/Component/Console/Application->doRunCommand(Object(L5Swagger/Console/GenerateDocsCommand), Object(Symfony/Component/Console/Input/ArgvInput), Object(Symfony/Component/Console/Output/ConsoleOutput))
#21 C:/Users/hp/practica1-api2/vendor/symfony/console/Application.php(195): Symfony/Component/Console/Application->doRun(Object(Symfony/Component/Console/Input/ArgvInput), Object(Symfony/Component/Console/Output/ConsoleOutput))
#22 C:/Users/hp/practica1-api2/vendor/laravel/framework/src/Illuminate/Foundation/Console/Kernel.php(198): Symfony/Component/Console/Application->run(Object(Symfony/Component/Console/Input/ArgvInput), Object(Symfony/Component/Console/Output/ConsoleOutput))
#23 C:/Users/hp/practica1-api2/vendor/laravel/framework/src/Illuminate/Foundation/Application.php(1235): Illuminate/Foundation/Console/Kernel->handle(Object(Symfony/Component/Console/Input/ArgvInput), Object(Symfony/Component/Console/Output/ConsoleOutput))
#24 C:/Users/hp/practica1-api2/artisan(16): Illuminate/Foundation/Application->handleCommand(Object(Symfony/Component/Console/Input/ArgvInput))
#25 {main}
"} 
[2026-06-14 20:52:49] local.ERROR: Required @OA\PathItem() not found {"exception":"[object] (ErrorException(code: 0): Required @OA\\PathItem() not found at C:/Users/hp/practica1-api2/vendor/zircote/swagger-php/src/Loggers/DefaultLogger.php:23)
[stacktrace]
#0 C:/Users/hp/practica1-api2/vendor/laravel/framework/src/Illuminate/Foundation/Bootstrap/HandleExceptions.php(262): Illuminate/Foundation/Bootstrap/HandleExceptions->handleError(512, 'Required @OA//Pa...', 'C://Users//hp//pra...', 23)
#1 [internal function]: Illuminate/Foundation/Bootstrap/HandleExceptions->Illuminate/Foundation/Bootstrap/{closure}(512, 'Required @OA//Pa...', 'C://Users//hp//pra...', 23)
#2 C:/Users/hp/practica1-api2/vendor/zircote/swagger-php/src/Loggers/DefaultLogger.php(23): trigger_error('Required @OA//Pa...', 512)
#3 C:/Users/hp/practica1-api2/vendor/psr/log/src/LoggerTrait.php(61): OpenApi/Loggers/DefaultLogger->log('warning', 'Required @OA//Pa...', Array)
#4 C:/Users/hp/practica1-api2/vendor/zircote/swagger-php/src/Annotations/OpenApi.php(171): Psr/Log/AbstractLogger->warning('Required @OA//Pa...')
#5 C:/Users/hp/practica1-api2/vendor/zircote/swagger-php/src/Analysis.php(417): OpenApi/Annotations/OpenApi->validate(Object(OpenApi/Analysis), '3.0.0', Object(stdClass))
#6 C:/Users/hp/practica1-api2/vendor/zircote/swagger-php/src/Generator.php(408): OpenApi/Analysis->validate()
#7 C:/Users/hp/practica1-api2/vendor/darkaonline/l5-swagger/src/Generator.php(177): OpenApi/Generator->generate(Object(OpenApi/SourceFinder), Object(OpenApi/Analysis))
#8 C:/Users/hp/practica1-api2/vendor/darkaonline/l5-swagger/src/Generator.php(118): L5Swagger/Generator->scanFilesForDocumentation()
#9 C:/Users/hp/practica1-api2/vendor/darkaonline/l5-swagger/src/Console/GenerateDocsCommand.php(73): L5Swagger/Generator->generateDocs()
#10 C:/Users/hp/practica1-api2/vendor/darkaonline/l5-swagger/src/Console/GenerateDocsCommand.php(56): L5Swagger/Console/GenerateDocsCommand->generateDocumentation(Object(L5Swagger/GeneratorFactory), 'default')
#11 C:/Users/hp/practica1-api2/vendor/laravel/framework/src/Illuminate/Container/BoundMethod.php(36): L5Swagger/Console/GenerateDocsCommand->handle(Object(L5Swagger/GeneratorFactory))
#12 C:/Users/hp/practica1-api2/vendor/laravel/framework/src/Illuminate/Container/Util.php(43): Illuminate/Container/BoundMethod::Illuminate/Container/{closure}()
#13 C:/Users/hp/practica1-api2/vendor/laravel/framework/src/Illuminate/Container/BoundMethod.php(96): Illuminate/Container/Util::unwrapIfClosure(Object(Closure))
#14 C:/Users/hp/practica1-api2/vendor/laravel/framework/src/Illuminate/Container/BoundMethod.php(35): Illuminate/Container/BoundMethod::callBoundMethod(Object(Illuminate/Foundation/Application), Array, Object(Closure))
#15 C:/Users/hp/practica1-api2/vendor/laravel/framework/src/Illuminate/Container/Container.php(799): Illuminate/Container/BoundMethod::call(Object(Illuminate/Foundation/Application), Array, Array, NULL)
#16 C:/Users/hp/practica1-api2/vendor/laravel/framework/src/Illuminate/Console/Command.php(211): Illuminate/Container/Container->call(Array)
#17 C:/Users/hp/practica1-api2/vendor/symfony/console/Command/Command.php(341): Illuminate/Console/Command->execute(Object(Symfony/Component/Console/Input/ArgvInput), Object(Illuminate/Console/OutputStyle))
#18 C:/Users/hp/practica1-api2/vendor/laravel/framework/src/Illuminate/Console/Command.php(180): Symfony/Component/Console/Command/Command->run(Object(Symfony/Component/Console/Input/ArgvInput), Object(Illuminate/Console/OutputStyle))
#19 C:/Users/hp/practica1-api2/vendor/symfony/console/Application.php(1117): Illuminate/Console/Command->run(Object(Symfony/Component/Console/Input/ArgvInput), Object(Symfony/Component/Console/Output/ConsoleOutput))
#20 C:/Users/hp/practica1-api2/vendor/symfony/console/Application.php(356): Symfony/Component/Console/Application->doRunCommand(Object(L5Swagger/Console/GenerateDocsCommand), Object(Symfony/Component/Console/Input/ArgvInput), Object(Symfony/Component/Console/Output/ConsoleOutput))
#21 C:/Users/hp/practica1-api2/vendor/symfony/console/Application.php(195): Symfony/Component/Console/Application->doRun(Object(Symfony/Component/Console/Input/ArgvInput), Object(Symfony/Component/Console/Output/ConsoleOutput))
#22 C:/Users/hp/practica1-api2/vendor/laravel/framework/src/Illuminate/Foundation/Console/Kernel.php(198): Symfony/Component/Console/Application->run(Object(Symfony/Component/Console/Input/ArgvInput), Object(Symfony/Component/Console/Output/ConsoleOutput))
#23 C:/Users/hp/practica1-api2/vendor/laravel/framework/src/Illuminate/Foundation/Application.php(1235): Illuminate/Foundation/Console/Kernel->handle(Object(Symfony/Component/Console/Input/ArgvInput), Object(Symfony/Component/Console/Output/ConsoleOutput))
#24 C:/Users/hp/practica1-api2/artisan(16): Illuminate/Foundation/Application->handleCommand(Object(Symfony/Component/Console/Input/ArgvInput))
#25 {main}
"} 
[2026-06-14 20:54:12] local.ERROR: Skipping unknown \TestSwagger {"exception":"[object] (ErrorException(code: 0): Skipping unknown \\TestSwagger at C:/Users/hp/practica1-api2/vendor/zircote/swagger-php/src/Loggers/DefaultLogger.php:23)
[stacktrace]
#0 C:/Users/hp/practica1-api2/vendor/laravel/framework/src/Illuminate/Foundation/Bootstrap/HandleExceptions.php(262): Illuminate/Foundation/Bootstrap/HandleExceptions->handleError(512, 'Skipping unknow...', 'C://Users//hp//pra...', 23)
#1 [internal function]: Illuminate/Foundation/Bootstrap/HandleExceptions->Illuminate/Foundation/Bootstrap/{closure}(512, 'Skipping unknow...', 'C://Users//hp//pra...', 23)
#2 C:/Users/hp/practica1-api2/vendor/zircote/swagger-php/src/Loggers/DefaultLogger.php(23): trigger_error('Skipping unknow...', 512)
#3 C:/Users/hp/practica1-api2/vendor/psr/log/src/LoggerTrait.php(61): OpenApi/Loggers/DefaultLogger->log('warning', 'Skipping unknow...', Array)
#4 C:/Users/hp/practica1-api2/vendor/zircote/swagger-php/src/Analysers/ReflectionAnalyser.php(90): Psr/Log/AbstractLogger->warning('Skipping unknow...')
#5 C:/Users/hp/practica1-api2/vendor/zircote/swagger-php/src/Analysers/ReflectionAnalyser.php(64): OpenApi/Analysers/ReflectionAnalyser->analyzeFqdn('//TestSwagger', Object(OpenApi/Analysis), Array)
#6 C:/Users/hp/practica1-api2/vendor/zircote/swagger-php/src/Generator.php(431): OpenApi/Analysers/ReflectionAnalyser->fromFile('C://Users//hp//pra...', Object(OpenApi/Context))
#7 C:/Users/hp/practica1-api2/vendor/zircote/swagger-php/src/Generator.php(394): OpenApi/Generator->scanSources(Object(OpenApi/SourceFinder), Object(OpenApi/Analysis), Object(OpenApi/Context))
#8 C:/Users/hp/practica1-api2/vendor/darkaonline/l5-swagger/src/Generator.php(177): OpenApi/Generator->generate(Object(OpenApi/SourceFinder), Object(OpenApi/Analysis))
#9 C:/Users/hp/practica1-api2/vendor/darkaonline/l5-swagger/src/Generator.php(118): L5Swagger/Generator->scanFilesForDocumentation()
#10 C:/Users/hp/practica1-api2/vendor/darkaonline/l5-swagger/src/Console/GenerateDocsCommand.php(73): L5Swagger/Generator->generateDocs()
#11 C:/Users/hp/practica1-api2/vendor/darkaonline/l5-swagger/src/Console/GenerateDocsCommand.php(56): L5Swagger/Console/GenerateDocsCommand->generateDocumentation(Object(L5Swagger/GeneratorFactory), 'default')
#12 C:/Users/hp/practica1-api2/vendor/laravel/framework/src/Illuminate/Container/BoundMethod.php(36): L5Swagger/Console/GenerateDocsCommand->handle(Object(L5Swagger/GeneratorFactory))
#13 C:/Users/hp/practica1-api2/vendor/laravel/framework/src/Illuminate/Container/Util.php(43): Illuminate/Container/BoundMethod::Illuminate/Container/{closure}()
#14 C:/Users/hp/practica1-api2/vendor/laravel/framework/src/Illuminate/Container/BoundMethod.php(96): Illuminate/Container/Util::unwrapIfClosure(Object(Closure))
#15 C:/Users/hp/practica1-api2/vendor/laravel/framework/src/Illuminate/Container/BoundMethod.php(35): Illuminate/Container/BoundMethod::callBoundMethod(Object(Illuminate/Foundation/Application), Array, Object(Closure))
#16 C:/Users/hp/practica1-api2/vendor/laravel/framework/src/Illuminate/Container/Container.php(799): Illuminate/Container/BoundMethod::call(Object(Illuminate/Foundation/Application), Array, Array, NULL)
#17 C:/Users/hp/practica1-api2/vendor/laravel/framework/src/Illuminate/Console/Command.php(211): Illuminate/Container/Container->call(Array)
#18 C:/Users/hp/practica1-api2/vendor/symfony/console/Command/Command.php(341): Illuminate/Console/Command->execute(Object(Symfony/Component/Console/Input/ArgvInput), Object(Illuminate/Console/OutputStyle))
#19 C:/Users/hp/practica1-api2/vendor/laravel/framework/src/Illuminate/Console/Command.php(180): Symfony/Component/Console/Command/Command->run(Object(Symfony/Component/Console/Input/ArgvInput), Object(Illuminate/Console/OutputStyle))
#20 C:/Users/hp/practica1-api2/vendor/symfony/console/Application.php(1117): Illuminate/Console/Command->run(Object(Symfony/Component/Console/Input/ArgvInput), Object(Symfony/Component/Console/Output/ConsoleOutput))
#21 C:/Users/hp/practica1-api2/vendor/symfony/console/Application.php(356): Symfony/Component/Console/Application->doRunCommand(Object(L5Swagger/Console/GenerateDocsCommand), Object(Symfony/Component/Console/Input/ArgvInput), Object(Symfony/Component/Console/Output/ConsoleOutput))
#22 C:/Users/hp/practica1-api2/vendor/symfony/console/Application.php(195): Symfony/Component/Console/Application->doRun(Object(Symfony/Component/Console/Input/ArgvInput), Object(Symfony/Component/Console/Output/ConsoleOutput))
#23 C:/Users/hp/practica1-api2/vendor/laravel/framework/src/Illuminate/Foundation/Console/Kernel.php(198): Symfony/Component/Console/Application->run(Object(Symfony/Component/Console/Input/ArgvInput), Object(Symfony/Component/Console/Output/ConsoleOutput))
#24 C:/Users/hp/practica1-api2/vendor/laravel/framework/src/Illuminate/Foundation/Application.php(1235): Illuminate/Foundation/Console/Kernel->handle(Object(Symfony/Component/Console/Input/ArgvInput), Object(Symfony/Component/Console/Output/ConsoleOutput))
#25 C:/Users/hp/practica1-api2/artisan(16): Illuminate/Foundation/Application->handleCommand(Object(Symfony/Component/Console/Input/ArgvInput))
#26 {main}
"} 
[2026-06-14 20:54:15] local.ERROR: Skipping unknown \TestSwagger {"exception":"[object] (ErrorException(code: 0): Skipping unknown \\TestSwagger at C:/Users/hp/practica1-api2/vendor/zircote/swagger-php/src/Loggers/DefaultLogger.php:23)
[stacktrace]
#0 C:/Users/hp/practica1-api2/vendor/laravel/framework/src/Illuminate/Foundation/Bootstrap/HandleExceptions.php(262): Illuminate/Foundation/Bootstrap/HandleExceptions->handleError(512, 'Skipping unknow...', 'C://Users//hp//pra...', 23)
#1 [internal function]: Illuminate/Foundation/Bootstrap/HandleExceptions->Illuminate/Foundation/Bootstrap/{closure}(512, 'Skipping unknow...', 'C://Users//hp//pra...', 23)
#2 C:/Users/hp/practica1-api2/vendor/zircote/swagger-php/src/Loggers/DefaultLogger.php(23): trigger_error('Skipping unknow...', 512)
#3 C:/Users/hp/practica1-api2/vendor/psr/log/src/LoggerTrait.php(61): OpenApi/Loggers/DefaultLogger->log('warning', 'Skipping unknow...', Array)
#4 C:/Users/hp/practica1-api2/vendor/zircote/swagger-php/src/Analysers/ReflectionAnalyser.php(90): Psr/Log/AbstractLogger->warning('Skipping unknow...')
#5 C:/Users/hp/practica1-api2/vendor/zircote/swagger-php/src/Analysers/ReflectionAnalyser.php(64): OpenApi/Analysers/ReflectionAnalyser->analyzeFqdn('//TestSwagger', Object(OpenApi/Analysis), Array)
#6 C:/Users/hp/practica1-api2/vendor/zircote/swagger-php/src/Generator.php(431): OpenApi/Analysers/ReflectionAnalyser->fromFile('C://Users//hp//pra...', Object(OpenApi/Context))
#7 C:/Users/hp/practica1-api2/vendor/zircote/swagger-php/src/Generator.php(394): OpenApi/Generator->scanSources(Object(OpenApi/SourceFinder), Object(OpenApi/Analysis), Object(OpenApi/Context))
#8 C:/Users/hp/practica1-api2/vendor/darkaonline/l5-swagger/src/Generator.php(177): OpenApi/Generator->generate(Object(OpenApi/SourceFinder), Object(OpenApi/Analysis))
#9 C:/Users/hp/practica1-api2/vendor/darkaonline/l5-swagger/src/Generator.php(118): L5Swagger/Generator->scanFilesForDocumentation()
#10 C:/Users/hp/practica1-api2/vendor/darkaonline/l5-swagger/src/Console/GenerateDocsCommand.php(73): L5Swagger/Generator->generateDocs()
#11 C:/Users/hp/practica1-api2/vendor/darkaonline/l5-swagger/src/Console/GenerateDocsCommand.php(56): L5Swagger/Console/GenerateDocsCommand->generateDocumentation(Object(L5Swagger/GeneratorFactory), 'default')
#12 C:/Users/hp/practica1-api2/vendor/laravel/framework/src/Illuminate/Container/BoundMethod.php(36): L5Swagger/Console/GenerateDocsCommand->handle(Object(L5Swagger/GeneratorFactory))
#13 C:/Users/hp/practica1-api2/vendor/laravel/framework/src/Illuminate/Container/Util.php(43): Illuminate/Container/BoundMethod::Illuminate/Container/{closure}()
#14 C:/Users/hp/practica1-api2/vendor/laravel/framework/src/Illuminate/Container/BoundMethod.php(96): Illuminate/Container/Util::unwrapIfClosure(Object(Closure))
#15 C:/Users/hp/practica1-api2/vendor/laravel/framework/src/Illuminate/Container/BoundMethod.php(35): Illuminate/Container/BoundMethod::callBoundMethod(Object(Illuminate/Foundation/Application), Array, Object(Closure))
#16 C:/Users/hp/practica1-api2/vendor/laravel/framework/src/Illuminate/Container/Container.php(799): Illuminate/Container/BoundMethod::call(Object(Illuminate/Foundation/Application), Array, Array, NULL)
#17 C:/Users/hp/practica1-api2/vendor/laravel/framework/src/Illuminate/Console/Command.php(211): Illuminate/Container/Container->call(Array)
#18 C:/Users/hp/practica1-api2/vendor/symfony/console/Command/Command.php(341): Illuminate/Console/Command->execute(Object(Symfony/Component/Console/Input/ArgvInput), Object(Illuminate/Console/OutputStyle))
#19 C:/Users/hp/practica1-api2/vendor/laravel/framework/src/Illuminate/Console/Command.php(180): Symfony/Component/Console/Command/Command->run(Object(Symfony/Component/Console/Input/ArgvInput), Object(Illuminate/Console/OutputStyle))
#20 C:/Users/hp/practica1-api2/vendor/symfony/console/Application.php(1117): Illuminate/Console/Command->run(Object(Symfony/Component/Console/Input/ArgvInput), Object(Symfony/Component/Console/Output/ConsoleOutput))
#21 C:/Users/hp/practica1-api2/vendor/symfony/console/Application.php(356): Symfony/Component/Console/Application->doRunCommand(Object(L5Swagger/Console/GenerateDocsCommand), Object(Symfony/Component/Console/Input/ArgvInput), Object(Symfony/Component/Console/Output/ConsoleOutput))
#22 C:/Users/hp/practica1-api2/vendor/symfony/console/Application.php(195): Symfony/Component/Console/Application->doRun(Object(Symfony/Component/Console/Input/ArgvInput), Object(Symfony/Component/Console/Output/ConsoleOutput))
#23 C:/Users/hp/practica1-api2/vendor/laravel/framework/src/Illuminate/Foundation/Console/Kernel.php(198): Symfony/Component/Console/Application->run(Object(Symfony/Component/Console/Input/ArgvInput), Object(Symfony/Component/Console/Output/ConsoleOutput))
#24 C:/Users/hp/practica1-api2/vendor/laravel/framework/src/Illuminate/Foundation/Application.php(1235): Illuminate/Foundation/Console/Kernel->handle(Object(Symfony/Component/Console/Input/ArgvInput), Object(Symfony/Component/Console/Output/ConsoleOutput))
#25 C:/Users/hp/practica1-api2/artisan(16): Illuminate/Foundation/Application->handleCommand(Object(Symfony/Component/Console/Input/ArgvInput))
#26 {main}
"} 
[2026-06-14 20:56:31] local.ERROR: Required @OA\PathItem() not found {"exception":"[object] (ErrorException(code: 0): Required @OA\\PathItem() not found at C:/Users/hp/practica1-api2/vendor/zircote/swagger-php/src/Loggers/DefaultLogger.php:23)
[stacktrace]
#0 C:/Users/hp/practica1-api2/vendor/laravel/framework/src/Illuminate/Foundation/Bootstrap/HandleExceptions.php(262): Illuminate/Foundation/Bootstrap/HandleExceptions->handleError(512, 'Required @OA//Pa...', 'C://Users//hp//pra...', 23)
#1 [internal function]: Illuminate/Foundation/Bootstrap/HandleExceptions->Illuminate/Foundation/Bootstrap/{closure}(512, 'Required @OA//Pa...', 'C://Users//hp//pra...', 23)
#2 C:/Users/hp/practica1-api2/vendor/zircote/swagger-php/src/Loggers/DefaultLogger.php(23): trigger_error('Required @OA//Pa...', 512)
#3 C:/Users/hp/practica1-api2/vendor/psr/log/src/LoggerTrait.php(61): OpenApi/Loggers/DefaultLogger->log('warning', 'Required @OA//Pa...', Array)
#4 C:/Users/hp/practica1-api2/vendor/zircote/swagger-php/src/Annotations/OpenApi.php(171): Psr/Log/AbstractLogger->warning('Required @OA//Pa...')
#5 C:/Users/hp/practica1-api2/vendor/zircote/swagger-php/src/Analysis.php(417): OpenApi/Annotations/OpenApi->validate(Object(OpenApi/Analysis), '3.0.0', Object(stdClass))
#6 C:/Users/hp/practica1-api2/vendor/zircote/swagger-php/src/Generator.php(408): OpenApi/Analysis->validate()
#7 C:/Users/hp/practica1-api2/vendor/darkaonline/l5-swagger/src/Generator.php(177): OpenApi/Generator->generate(Object(OpenApi/SourceFinder), Object(OpenApi/Analysis))
#8 C:/Users/hp/practica1-api2/vendor/darkaonline/l5-swagger/src/Generator.php(118): L5Swagger/Generator->scanFilesForDocumentation()
#9 C:/Users/hp/practica1-api2/vendor/darkaonline/l5-swagger/src/Console/GenerateDocsCommand.php(73): L5Swagger/Generator->generateDocs()
#10 C:/Users/hp/practica1-api2/vendor/darkaonline/l5-swagger/src/Console/GenerateDocsCommand.php(56): L5Swagger/Console/GenerateDocsCommand->generateDocumentation(Object(L5Swagger/GeneratorFactory), 'default')
#11 C:/Users/hp/practica1-api2/vendor/laravel/framework/src/Illuminate/Container/BoundMethod.php(36): L5Swagger/Console/GenerateDocsCommand->handle(Object(L5Swagger/GeneratorFactory))
#12 C:/Users/hp/practica1-api2/vendor/laravel/framework/src/Illuminate/Container/Util.php(43): Illuminate/Container/BoundMethod::Illuminate/Container/{closure}()
#13 C:/Users/hp/practica1-api2/vendor/laravel/framework/src/Illuminate/Container/BoundMethod.php(96): Illuminate/Container/Util::unwrapIfClosure(Object(Closure))
#14 C:/Users/hp/practica1-api2/vendor/laravel/framework/src/Illuminate/Container/BoundMethod.php(35): Illuminate/Container/BoundMethod::callBoundMethod(Object(Illuminate/Foundation/Application), Array, Object(Closure))
#15 C:/Users/hp/practica1-api2/vendor/laravel/framework/src/Illuminate/Container/Container.php(799): Illuminate/Container/BoundMethod::call(Object(Illuminate/Foundation/Application), Array, Array, NULL)
#16 C:/Users/hp/practica1-api2/vendor/laravel/framework/src/Illuminate/Console/Command.php(211): Illuminate/Container/Container->call(Array)
#17 C:/Users/hp/practica1-api2/vendor/symfony/console/Command/Command.php(341): Illuminate/Console/Command->execute(Object(Symfony/Component/Console/Input/ArgvInput), Object(Illuminate/Console/OutputStyle))
#18 C:/Users/hp/practica1-api2/vendor/laravel/framework/src/Illuminate/Console/Command.php(180): Symfony/Component/Console/Command/Command->run(Object(Symfony/Component/Console/Input/ArgvInput), Object(Illuminate/Console/OutputStyle))
#19 C:/Users/hp/practica1-api2/vendor/symfony/console/Application.php(1117): Illuminate/Console/Command->run(Object(Symfony/Component/Console/Input/ArgvInput), Object(Symfony/Component/Console/Output/ConsoleOutput))
#20 C:/Users/hp/practica1-api2/vendor/symfony/console/Application.php(356): Symfony/Component/Console/Application->doRunCommand(Object(L5Swagger/Console/GenerateDocsCommand), Object(Symfony/Component/Console/Input/ArgvInput), Object(Symfony/Component/Console/Output/ConsoleOutput))
#21 C:/Users/hp/practica1-api2/vendor/symfony/console/Application.php(195): Symfony/Component/Console/Application->doRun(Object(Symfony/Component/Console/Input/ArgvInput), Object(Symfony/Component/Console/Output/ConsoleOutput))
#22 C:/Users/hp/practica1-api2/vendor/laravel/framework/src/Illuminate/Foundation/Console/Kernel.php(198): Symfony/Component/Console/Application->run(Object(Symfony/Component/Console/Input/ArgvInput), Object(Symfony/Component/Console/Output/ConsoleOutput))
#23 C:/Users/hp/practica1-api2/vendor/laravel/framework/src/Illuminate/Foundation/Application.php(1235): Illuminate/Foundation/Console/Kernel->handle(Object(Symfony/Component/Console/Input/ArgvInput), Object(Symfony/Component/Console/Output/ConsoleOutput))
#24 C:/Users/hp/practica1-api2/artisan(16): Illuminate/Foundation/Application->handleCommand(Object(Symfony/Component/Console/Input/ArgvInput))
#25 {main}
"} 
[2026-06-14 20:57:46] local.ERROR: Required @OA\PathItem() not found {"exception":"[object] (ErrorException(code: 0): Required @OA\\PathItem() not found at C:/Users/hp/practica1-api2/vendor/zircote/swagger-php/src/Loggers/DefaultLogger.php:23)
[stacktrace]
#0 C:/Users/hp/practica1-api2/vendor/laravel/framework/src/Illuminate/Foundation/Bootstrap/HandleExceptions.php(262): Illuminate/Foundation/Bootstrap/HandleExceptions->handleError(512, 'Required @OA//Pa...', 'C://Users//hp//pra...', 23)
#1 [internal function]: Illuminate/Foundation/Bootstrap/HandleExceptions->Illuminate/Foundation/Bootstrap/{closure}(512, 'Required @OA//Pa...', 'C://Users//hp//pra...', 23)
#2 C:/Users/hp/practica1-api2/vendor/zircote/swagger-php/src/Loggers/DefaultLogger.php(23): trigger_error('Required @OA//Pa...', 512)
#3 C:/Users/hp/practica1-api2/vendor/psr/log/src/LoggerTrait.php(61): OpenApi/Loggers/DefaultLogger->log('warning', 'Required @OA//Pa...', Array)
#4 C:/Users/hp/practica1-api2/vendor/zircote/swagger-php/src/Annotations/OpenApi.php(171): Psr/Log/AbstractLogger->warning('Required @OA//Pa...')
#5 C:/Users/hp/practica1-api2/vendor/zircote/swagger-php/src/Analysis.php(417): OpenApi/Annotations/OpenApi->validate(Object(OpenApi/Analysis), '3.0.0', Object(stdClass))
#6 C:/Users/hp/practica1-api2/vendor/zircote/swagger-php/src/Generator.php(408): OpenApi/Analysis->validate()
#7 C:/Users/hp/practica1-api2/vendor/darkaonline/l5-swagger/src/Generator.php(177): OpenApi/Generator->generate(Object(OpenApi/SourceFinder), Object(OpenApi/Analysis))
#8 C:/Users/hp/practica1-api2/vendor/darkaonline/l5-swagger/src/Generator.php(118): L5Swagger/Generator->scanFilesForDocumentation()
#9 C:/Users/hp/practica1-api2/vendor/darkaonline/l5-swagger/src/Console/GenerateDocsCommand.php(73): L5Swagger/Generator->generateDocs()
#10 C:/Users/hp/practica1-api2/vendor/darkaonline/l5-swagger/src/Console/GenerateDocsCommand.php(56): L5Swagger/Console/GenerateDocsCommand->generateDocumentation(Object(L5Swagger/GeneratorFactory), 'default')
#11 C:/Users/hp/practica1-api2/vendor/laravel/framework/src/Illuminate/Container/BoundMethod.php(36): L5Swagger/Console/GenerateDocsCommand->handle(Object(L5Swagger/GeneratorFactory))
#12 C:/Users/hp/practica1-api2/vendor/laravel/framework/src/Illuminate/Container/Util.php(43): Illuminate/Container/BoundMethod::Illuminate/Container/{closure}()
#13 C:/Users/hp/practica1-api2/vendor/laravel/framework/src/Illuminate/Container/BoundMethod.php(96): Illuminate/Container/Util::unwrapIfClosure(Object(Closure))
#14 C:/Users/hp/practica1-api2/vendor/laravel/framework/src/Illuminate/Container/BoundMethod.php(35): Illuminate/Container/BoundMethod::callBoundMethod(Object(Illuminate/Foundation/Application), Array, Object(Closure))
#15 C:/Users/hp/practica1-api2/vendor/laravel/framework/src/Illuminate/Container/Container.php(799): Illuminate/Container/BoundMethod::call(Object(Illuminate/Foundation/Application), Array, Array, NULL)
#16 C:/Users/hp/practica1-api2/vendor/laravel/framework/src/Illuminate/Console/Command.php(211): Illuminate/Container/Container->call(Array)
#17 C:/Users/hp/practica1-api2/vendor/symfony/console/Command/Command.php(341): Illuminate/Console/Command->execute(Object(Symfony/Component/Console/Input/ArgvInput), Object(Illuminate/Console/OutputStyle))
#18 C:/Users/hp/practica1-api2/vendor/laravel/framework/src/Illuminate/Console/Command.php(180): Symfony/Component/Console/Command/Command->run(Object(Symfony/Component/Console/Input/ArgvInput), Object(Illuminate/Console/OutputStyle))
#19 C:/Users/hp/practica1-api2/vendor/symfony/console/Application.php(1117): Illuminate/Console/Command->run(Object(Symfony/Component/Console/Input/ArgvInput), Object(Symfony/Component/Console/Output/ConsoleOutput))
#20 C:/Users/hp/practica1-api2/vendor/symfony/console/Application.php(356): Symfony/Component/Console/Application->doRunCommand(Object(L5Swagger/Console/GenerateDocsCommand), Object(Symfony/Component/Console/Input/ArgvInput), Object(Symfony/Component/Console/Output/ConsoleOutput))
#21 C:/Users/hp/practica1-api2/vendor/symfony/console/Application.php(195): Symfony/Component/Console/Application->doRun(Object(Symfony/Component/Console/Input/ArgvInput), Object(Symfony/Component/Console/Output/ConsoleOutput))
#22 C:/Users/hp/practica1-api2/vendor/laravel/framework/src/Illuminate/Foundation/Console/Kernel.php(198): Symfony/Component/Console/Application->run(Object(Symfony/Component/Console/Input/ArgvInput), Object(Symfony/Component/Console/Output/ConsoleOutput))
#23 C:/Users/hp/practica1-api2/vendor/laravel/framework/src/Illuminate/Foundation/Application.php(1235): Illuminate/Foundation/Console/Kernel->handle(Object(Symfony/Component/Console/Input/ArgvInput), Object(Symfony/Component/Console/Output/ConsoleOutput))
#24 C:/Users/hp/practica1-api2/artisan(16): Illuminate/Foundation/Application->handleCommand(Object(Symfony/Component/Console/Input/ArgvInput))
#25 {main}
"} 
[2026-06-14 21:25:45] local.ERROR: include(C:\Users\hp\practica1-api2\vendor\composer/../../app/Http/Controllers/Controller.php): Failed to open stream: No such file or directory {"exception":"[object] (ErrorException(code: 0): include(C:\\Users\\hp\\practica1-api2\\vendor\\composer/../../app/Http/Controllers/Controller.php): Failed to open stream: No such file or directory at C:/Users/hp/practica1-api2/vendor/composer/ClassLoader.php:576)
[stacktrace]
#0 C:/Users/hp/practica1-api2/vendor/laravel/framework/src/Illuminate/Foundation/Bootstrap/HandleExceptions.php(262): Illuminate/Foundation/Bootstrap/HandleExceptions->handleError(2, 'include(C://User...', 'C://Users//hp//pra...', 576)
#1 C:/Users/hp/practica1-api2/vendor/composer/ClassLoader.php(576): Illuminate/Foundation/Bootstrap/HandleExceptions->Illuminate/Foundation/Bootstrap/{closure}(2, 'include(C://User...', 'C://Users//hp//pra...', 576)
#2 C:/Users/hp/practica1-api2/vendor/composer/ClassLoader.php(576): include('C://Users//hp//pra...')
#3 C:/Users/hp/practica1-api2/vendor/composer/ClassLoader.php(427): Composer/Autoload/{closure}('C://Users//hp//pra...')
#4 C:/Users/hp/practica1-api2/app/Http/Controllers/Api/V1/AuthController.php(13): Composer/Autoload/ClassLoader->loadClass('App//Http//Contro...')
#5 C:/Users/hp/practica1-api2/vendor/composer/ClassLoader.php(576): include('C://Users//hp//pra...')
#6 C:/Users/hp/practica1-api2/vendor/composer/ClassLoader.php(427): Composer/Autoload/{closure}('C://Users//hp//pra...')
#7 [internal function]: Composer/Autoload/ClassLoader->loadClass('App//Http//Contro...')
#8 C:/Users/hp/practica1-api2/vendor/laravel/framework/src/Illuminate/Reflection/Reflector.php(41): class_exists('App//Http//Contro...')
#9 C:/Users/hp/practica1-api2/vendor/laravel/framework/src/Illuminate/Routing/RouteRegistrar.php(265): Illuminate/Support/Reflector::isCallable(Array)
#10 C:/Users/hp/practica1-api2/vendor/laravel/framework/src/Illuminate/Routing/RouteRegistrar.php(244): Illuminate/Routing/RouteRegistrar->compileAction(Array)
#11 C:/Users/hp/practica1-api2/vendor/laravel/framework/src/Illuminate/Routing/RouteRegistrar.php(294): Illuminate/Routing/RouteRegistrar->registerRoute('get', '/me', Array)
#12 C:/Users/hp/practica1-api2/routes/api.php(18): Illuminate/Routing/RouteRegistrar->__call('get', Array)
#13 C:/Users/hp/practica1-api2/vendor/laravel/framework/src/Illuminate/Routing/Router.php(524): Illuminate/Routing/RouteFileRegistrar->{closure}(Object(Illuminate/Routing/Router))
#14 C:/Users/hp/practica1-api2/vendor/laravel/framework/src/Illuminate/Routing/Router.php(480): Illuminate/Routing/Router->loadRoutes(Object(Closure))
#15 C:/Users/hp/practica1-api2/vendor/laravel/framework/src/Illuminate/Routing/RouteRegistrar.php(212): Illuminate/Routing/Router->group(Array, Object(Closure))
#16 C:/Users/hp/practica1-api2/routes/api.php(12): Illuminate/Routing/RouteRegistrar->group(Object(Closure))
#17 C:/Users/hp/practica1-api2/vendor/laravel/framework/src/Illuminate/Routing/RouteFileRegistrar.php(34): require('C://Users//hp//pra...')
#18 C:/Users/hp/practica1-api2/vendor/laravel/framework/src/Illuminate/Routing/Router.php(526): Illuminate/Routing/RouteFileRegistrar->register('C://Users//hp//pra...')
#19 C:/Users/hp/practica1-api2/vendor/laravel/framework/src/Illuminate/Routing/Router.php(480): Illuminate/Routing/Router->loadRoutes('C://Users//hp//pra...')
#20 C:/Users/hp/practica1-api2/vendor/laravel/framework/src/Illuminate/Routing/RouteRegistrar.php(212): Illuminate/Routing/Router->group(Array, 'C://Users//hp//pra...')
#21 C:/Users/hp/practica1-api2/vendor/laravel/framework/src/Illuminate/Foundation/Configuration/ApplicationBuilder.php(214): Illuminate/Routing/RouteRegistrar->group('C://Users//hp//pra...')
#22 C:/Users/hp/practica1-api2/vendor/laravel/framework/src/Illuminate/Container/BoundMethod.php(36): Illuminate/Foundation/Configuration/ApplicationBuilder->Illuminate/Foundation/Configuration/{closure}()
#23 C:/Users/hp/practica1-api2/vendor/laravel/framework/src/Illuminate/Container/Util.php(43): Illuminate/Container/BoundMethod::Illuminate/Container/{closure}()
#24 C:/Users/hp/practica1-api2/vendor/laravel/framework/src/Illuminate/Container/BoundMethod.php(84): Illuminate/Container/Util::unwrapIfClosure(Object(Closure))
#25 C:/Users/hp/practica1-api2/vendor/laravel/framework/src/Illuminate/Container/BoundMethod.php(35): Illuminate/Container/BoundMethod::callBoundMethod(Object(Illuminate/Foundation/Application), Object(Closure), Object(Closure))
#26 C:/Users/hp/practica1-api2/vendor/laravel/framework/src/Illuminate/Container/Container.php(799): Illuminate/Container/BoundMethod::call(Object(Illuminate/Foundation/Application), Object(Closure), Array, NULL)
#27 C:/Users/hp/practica1-api2/vendor/laravel/framework/src/Illuminate/Foundation/Support/Providers/RouteServiceProvider.php(162): Illuminate/Container/Container->call(Object(Closure))
#28 C:/Users/hp/practica1-api2/vendor/laravel/framework/src/Illuminate/Foundation/Support/Providers/RouteServiceProvider.php(59): Illuminate/Foundation/Support/Providers/RouteServiceProvider->loadRoutes()
#29 C:/Users/hp/practica1-api2/vendor/laravel/framework/src/Illuminate/Container/BoundMethod.php(36): Illuminate/Foundation/Support/Providers/RouteServiceProvider->Illuminate/Foundation/Support/Providers/{closure}()
#30 C:/Users/hp/practica1-api2/vendor/laravel/framework/src/Illuminate/Container/Util.php(43): Illuminate/Container/BoundMethod::Illuminate/Container/{closure}()
#31 C:/Users/hp/practica1-api2/vendor/laravel/framework/src/Illuminate/Container/BoundMethod.php(84): Illuminate/Container/Util::unwrapIfClosure(Object(Closure))
#32 C:/Users/hp/practica1-api2/vendor/laravel/framework/src/Illuminate/Container/BoundMethod.php(35): Illuminate/Container/BoundMethod::callBoundMethod(Object(Illuminate/Foundation/Application), Object(Closure), Object(Closure))
#33 C:/Users/hp/practica1-api2/vendor/laravel/framework/src/Illuminate/Container/Container.php(799): Illuminate/Container/BoundMethod::call(Object(Illuminate/Foundation/Application), Object(Closure), Array, NULL)
#34 C:/Users/hp/practica1-api2/vendor/laravel/framework/src/Illuminate/Support/ServiceProvider.php(150): Illuminate/Container/Container->call(Object(Closure))
#35 C:/Users/hp/practica1-api2/vendor/laravel/framework/src/Illuminate/Foundation/Application.php(1154): Illuminate/Support/ServiceProvider->callBootedCallbacks()
#36 C:/Users/hp/practica1-api2/vendor/laravel/framework/src/Illuminate/Foundation/Application.php(1132): Illuminate/Foundation/Application->bootProvider(Object(Illuminate/Foundation/Support/Providers/RouteServiceProvider))
#37 [internal function]: Illuminate/Foundation/Application->Illuminate/Foundation/{closure}(Object(Illuminate/Foundation/Support/Providers/RouteServiceProvider), 'Illuminate//Foun...')
#38 C:/Users/hp/practica1-api2/vendor/laravel/framework/src/Illuminate/Foundation/Application.php(1131): array_walk(Array, Object(Closure))
#39 C:/Users/hp/practica1-api2/vendor/laravel/framework/src/Illuminate/Foundation/Bootstrap/BootProviders.php(17): Illuminate/Foundation/Application->boot()
#40 C:/Users/hp/practica1-api2/vendor/laravel/framework/src/Illuminate/Foundation/Application.php(342): Illuminate/Foundation/Bootstrap/BootProviders->bootstrap(Object(Illuminate/Foundation/Application))
#41 C:/Users/hp/practica1-api2/vendor/laravel/framework/src/Illuminate/Foundation/Console/Kernel.php(494): Illuminate/Foundation/Application->bootstrapWith(Array)
#42 C:/Users/hp/practica1-api2/vendor/laravel/framework/src/Illuminate/Foundation/Console/Kernel.php(196): Illuminate/Foundation/Console/Kernel->bootstrap()
#43 C:/Users/hp/practica1-api2/vendor/laravel/framework/src/Illuminate/Foundation/Application.php(1235): Illuminate/Foundation/Console/Kernel->handle(Object(Symfony/Component/Console/Input/ArgvInput), Object(Symfony/Component/Console/Output/ConsoleOutput))
#44 C:/Users/hp/practica1-api2/artisan(16): Illuminate/Foundation/Application->handleCommand(Object(Symfony/Component/Console/Input/ArgvInput))
#45 {main}
"} 
[2026-06-14 21:25:47] local.ERROR: include(C:\Users\hp\practica1-api2\vendor\composer/../../app/Http/Controllers/Controller.php): Failed to open stream: No such file or directory {"exception":"[object] (ErrorException(code: 0): include(C:\\Users\\hp\\practica1-api2\\vendor\\composer/../../app/Http/Controllers/Controller.php): Failed to open stream: No such file or directory at C:/Users/hp/practica1-api2/vendor/composer/ClassLoader.php:576)
[stacktrace]
#0 C:/Users/hp/practica1-api2/vendor/laravel/framework/src/Illuminate/Foundation/Bootstrap/HandleExceptions.php(262): Illuminate/Foundation/Bootstrap/HandleExceptions->handleError(2, 'include(C://User...', 'C://Users//hp//pra...', 576)
#1 C:/Users/hp/practica1-api2/vendor/composer/ClassLoader.php(576): Illuminate/Foundation/Bootstrap/HandleExceptions->Illuminate/Foundation/Bootstrap/{closure}(2, 'include(C://User...', 'C://Users//hp//pra...', 576)
#2 C:/Users/hp/practica1-api2/vendor/composer/ClassLoader.php(576): include('C://Users//hp//pra...')
#3 C:/Users/hp/practica1-api2/vendor/composer/ClassLoader.php(427): Composer/Autoload/{closure}('C://Users//hp//pra...')
#4 C:/Users/hp/practica1-api2/app/Http/Controllers/Api/V1/AuthController.php(13): Composer/Autoload/ClassLoader->loadClass('App//Http//Contro...')
#5 C:/Users/hp/practica1-api2/vendor/composer/ClassLoader.php(576): include('C://Users//hp//pra...')
#6 C:/Users/hp/practica1-api2/vendor/composer/ClassLoader.php(427): Composer/Autoload/{closure}('C://Users//hp//pra...')
#7 [internal function]: Composer/Autoload/ClassLoader->loadClass('App//Http//Contro...')
#8 C:/Users/hp/practica1-api2/vendor/laravel/framework/src/Illuminate/Reflection/Reflector.php(41): class_exists('App//Http//Contro...')
#9 C:/Users/hp/practica1-api2/vendor/laravel/framework/src/Illuminate/Routing/RouteRegistrar.php(265): Illuminate/Support/Reflector::isCallable(Array)
#10 C:/Users/hp/practica1-api2/vendor/laravel/framework/src/Illuminate/Routing/RouteRegistrar.php(244): Illuminate/Routing/RouteRegistrar->compileAction(Array)
#11 C:/Users/hp/practica1-api2/vendor/laravel/framework/src/Illuminate/Routing/RouteRegistrar.php(294): Illuminate/Routing/RouteRegistrar->registerRoute('get', '/me', Array)
#12 C:/Users/hp/practica1-api2/routes/api.php(18): Illuminate/Routing/RouteRegistrar->__call('get', Array)
#13 C:/Users/hp/practica1-api2/vendor/laravel/framework/src/Illuminate/Routing/Router.php(524): Illuminate/Routing/RouteFileRegistrar->{closure}(Object(Illuminate/Routing/Router))
#14 C:/Users/hp/practica1-api2/vendor/laravel/framework/src/Illuminate/Routing/Router.php(480): Illuminate/Routing/Router->loadRoutes(Object(Closure))
#15 C:/Users/hp/practica1-api2/vendor/laravel/framework/src/Illuminate/Routing/RouteRegistrar.php(212): Illuminate/Routing/Router->group(Array, Object(Closure))
#16 C:/Users/hp/practica1-api2/routes/api.php(12): Illuminate/Routing/RouteRegistrar->group(Object(Closure))
#17 C:/Users/hp/practica1-api2/vendor/laravel/framework/src/Illuminate/Routing/RouteFileRegistrar.php(34): require('C://Users//hp//pra...')
#18 C:/Users/hp/practica1-api2/vendor/laravel/framework/src/Illuminate/Routing/Router.php(526): Illuminate/Routing/RouteFileRegistrar->register('C://Users//hp//pra...')
#19 C:/Users/hp/practica1-api2/vendor/laravel/framework/src/Illuminate/Routing/Router.php(480): Illuminate/Routing/Router->loadRoutes('C://Users//hp//pra...')
#20 C:/Users/hp/practica1-api2/vendor/laravel/framework/src/Illuminate/Routing/RouteRegistrar.php(212): Illuminate/Routing/Router->group(Array, 'C://Users//hp//pra...')
#21 C:/Users/hp/practica1-api2/vendor/laravel/framework/src/Illuminate/Foundation/Configuration/ApplicationBuilder.php(214): Illuminate/Routing/RouteRegistrar->group('C://Users//hp//pra...')
#22 C:/Users/hp/practica1-api2/vendor/laravel/framework/src/Illuminate/Container/BoundMethod.php(36): Illuminate/Foundation/Configuration/ApplicationBuilder->Illuminate/Foundation/Configuration/{closure}()
#23 C:/Users/hp/practica1-api2/vendor/laravel/framework/src/Illuminate/Container/Util.php(43): Illuminate/Container/BoundMethod::Illuminate/Container/{closure}()
#24 C:/Users/hp/practica1-api2/vendor/laravel/framework/src/Illuminate/Container/BoundMethod.php(84): Illuminate/Container/Util::unwrapIfClosure(Object(Closure))
#25 C:/Users/hp/practica1-api2/vendor/laravel/framework/src/Illuminate/Container/BoundMethod.php(35): Illuminate/Container/BoundMethod::callBoundMethod(Object(Illuminate/Foundation/Application), Object(Closure), Object(Closure))
#26 C:/Users/hp/practica1-api2/vendor/laravel/framework/src/Illuminate/Container/Container.php(799): Illuminate/Container/BoundMethod::call(Object(Illuminate/Foundation/Application), Object(Closure), Array, NULL)
#27 C:/Users/hp/practica1-api2/vendor/laravel/framework/src/Illuminate/Foundation/Support/Providers/RouteServiceProvider.php(162): Illuminate/Container/Container->call(Object(Closure))
#28 C:/Users/hp/practica1-api2/vendor/laravel/framework/src/Illuminate/Foundation/Support/Providers/RouteServiceProvider.php(59): Illuminate/Foundation/Support/Providers/RouteServiceProvider->loadRoutes()
#29 C:/Users/hp/practica1-api2/vendor/laravel/framework/src/Illuminate/Container/BoundMethod.php(36): Illuminate/Foundation/Support/Providers/RouteServiceProvider->Illuminate/Foundation/Support/Providers/{closure}()
#30 C:/Users/hp/practica1-api2/vendor/laravel/framework/src/Illuminate/Container/Util.php(43): Illuminate/Container/BoundMethod::Illuminate/Container/{closure}()
#31 C:/Users/hp/practica1-api2/vendor/laravel/framework/src/Illuminate/Container/BoundMethod.php(84): Illuminate/Container/Util::unwrapIfClosure(Object(Closure))
#32 C:/Users/hp/practica1-api2/vendor/laravel/framework/src/Illuminate/Container/BoundMethod.php(35): Illuminate/Container/BoundMethod::callBoundMethod(Object(Illuminate/Foundation/Application), Object(Closure), Object(Closure))
#33 C:/Users/hp/practica1-api2/vendor/laravel/framework/src/Illuminate/Container/Container.php(799): Illuminate/Container/BoundMethod::call(Object(Illuminate/Foundation/Application), Object(Closure), Array, NULL)
#34 C:/Users/hp/practica1-api2/vendor/laravel/framework/src/Illuminate/Support/ServiceProvider.php(150): Illuminate/Container/Container->call(Object(Closure))
#35 C:/Users/hp/practica1-api2/vendor/laravel/framework/src/Illuminate/Foundation/Application.php(1154): Illuminate/Support/ServiceProvider->callBootedCallbacks()
#36 C:/Users/hp/practica1-api2/vendor/laravel/framework/src/Illuminate/Foundation/Application.php(1132): Illuminate/Foundation/Application->bootProvider(Object(Illuminate/Foundation/Support/Providers/RouteServiceProvider))
#37 [internal function]: Illuminate/Foundation/Application->Illuminate/Foundation/{closure}(Object(Illuminate/Foundation/Support/Providers/RouteServiceProvider), 'Illuminate//Foun...')
#38 C:/Users/hp/practica1-api2/vendor/laravel/framework/src/Illuminate/Foundation/Application.php(1131): array_walk(Array, Object(Closure))
#39 C:/Users/hp/practica1-api2/vendor/laravel/framework/src/Illuminate/Foundation/Bootstrap/BootProviders.php(17): Illuminate/Foundation/Application->boot()
#40 C:/Users/hp/practica1-api2/vendor/laravel/framework/src/Illuminate/Foundation/Application.php(342): Illuminate/Foundation/Bootstrap/BootProviders->bootstrap(Object(Illuminate/Foundation/Application))
#41 C:/Users/hp/practica1-api2/vendor/laravel/framework/src/Illuminate/Foundation/Console/Kernel.php(494): Illuminate/Foundation/Application->bootstrapWith(Array)
#42 C:/Users/hp/practica1-api2/vendor/laravel/framework/src/Illuminate/Foundation/Console/Kernel.php(196): Illuminate/Foundation/Console/Kernel->bootstrap()
#43 C:/Users/hp/practica1-api2/vendor/laravel/framework/src/Illuminate/Foundation/Application.php(1235): Illuminate/Foundation/Console/Kernel->handle(Object(Symfony/Component/Console/Input/ArgvInput), Object(Symfony/Component/Console/Output/ConsoleOutput))
#44 C:/Users/hp/practica1-api2/artisan(16): Illuminate/Foundation/Application->handleCommand(Object(Symfony/Component/Console/Input/ArgvInput))
#45 {main}
"} 
[2026-06-14 21:28:21] local.ERROR: Command "optimize:clearphp" is not defined.

Did you mean one of these?
    optimize
    optimize:clear {"exception":"[object] (Symfony\\Component\\Console\\Exception\\CommandNotFoundException(code: 0): Command \"optimize:clearphp\" is not defined.

Did you mean one of these?
    optimize
    optimize:clear at C:/Users/hp/practica1-api2/vendor/symfony/console/Application.php:759)
[stacktrace]
#0 C:/Users/hp/practica1-api2/vendor/symfony/console/Application.php(298): Symfony/Component/Console/Application->find('optimize:clearp...')
#1 C:/Users/hp/practica1-api2/vendor/symfony/console/Application.php(195): Symfony/Component/Console/Application->doRun(Object(Symfony/Component/Console/Input/ArgvInput), Object(Symfony/Component/Console/Output/ConsoleOutput))
#2 C:/Users/hp/practica1-api2/vendor/laravel/framework/src/Illuminate/Foundation/Console/Kernel.php(198): Symfony/Component/Console/Application->run(Object(Symfony/Component/Console/Input/ArgvInput), Object(Symfony/Component/Console/Output/ConsoleOutput))
#3 C:/Users/hp/practica1-api2/vendor/laravel/framework/src/Illuminate/Foundation/Application.php(1235): Illuminate/Foundation/Console/Kernel->handle(Object(Symfony/Component/Console/Input/ArgvInput), Object(Symfony/Component/Console/Output/ConsoleOutput))
#4 C:/Users/hp/practica1-api2/artisan(16): Illuminate/Foundation/Application->handleCommand(Object(Symfony/Component/Console/Input/ArgvInput))
#5 {main}
"} 
[2026-06-14 21:28:34] local.ERROR: @OA\Delete() requires at least one @OA\Response() in \App\Http\Controllers\Api\V1\ProductoController->destroy() in C:\Users\hp\practica1-api2\app\Http\Controllers\Api\V1\ProductoController.php on line 116 {"exception":"[object] (ErrorException(code: 0): @OA\\Delete() requires at least one @OA\\Response() in \\App\\Http\\Controllers\\Api\\V1\\ProductoController->destroy() in C:\\Users\\hp\\practica1-api2\\app\\Http\\Controllers\\Api\\V1\\ProductoController.php on line 116 at C:/Users/hp/practica1-api2/vendor/zircote/swagger-php/src/Loggers/DefaultLogger.php:23)
[stacktrace]
#0 C:/Users/hp/practica1-api2/vendor/laravel/framework/src/Illuminate/Foundation/Bootstrap/HandleExceptions.php(262): Illuminate/Foundation/Bootstrap/HandleExceptions->handleError(512, '@OA//Delete() re...', 'C://Users//hp//pra...', 23)
#1 [internal function]: Illuminate/Foundation/Bootstrap/HandleExceptions->Illuminate/Foundation/Bootstrap/{closure}(512, '@OA//Delete() re...', 'C://Users//hp//pra...', 23)
#2 C:/Users/hp/practica1-api2/vendor/zircote/swagger-php/src/Loggers/DefaultLogger.php(23): trigger_error('@OA//Delete() re...', 512)
#3 C:/Users/hp/practica1-api2/vendor/psr/log/src/LoggerTrait.php(61): OpenApi/Loggers/DefaultLogger->log('warning', '@OA//Delete() re...', Array)
#4 C:/Users/hp/practica1-api2/vendor/zircote/swagger-php/src/Annotations/AbstractAnnotation.php(549): Psr/Log/AbstractLogger->warning('@OA//Delete() re...')
#5 C:/Users/hp/practica1-api2/vendor/zircote/swagger-php/src/Annotations/Operation.php(214): OpenApi/Annotations/AbstractAnnotation->validate(Object(OpenApi/Analysis), '3.0.0', Object(stdClass))
#6 C:/Users/hp/practica1-api2/vendor/zircote/swagger-php/src/Analysis.php(417): OpenApi/Annotations/Operation->validate(Object(OpenApi/Analysis), '3.0.0', Object(stdClass))
#7 C:/Users/hp/practica1-api2/vendor/zircote/swagger-php/src/Generator.php(408): OpenApi/Analysis->validate()
#8 C:/Users/hp/practica1-api2/vendor/darkaonline/l5-swagger/src/Generator.php(177): OpenApi/Generator->generate(Object(OpenApi/SourceFinder), Object(OpenApi/Analysis))
#9 C:/Users/hp/practica1-api2/vendor/darkaonline/l5-swagger/src/Generator.php(118): L5Swagger/Generator->scanFilesForDocumentation()
#10 C:/Users/hp/practica1-api2/vendor/darkaonline/l5-swagger/src/Console/GenerateDocsCommand.php(73): L5Swagger/Generator->generateDocs()
#11 C:/Users/hp/practica1-api2/vendor/darkaonline/l5-swagger/src/Console/GenerateDocsCommand.php(56): L5Swagger/Console/GenerateDocsCommand->generateDocumentation(Object(L5Swagger/GeneratorFactory), 'default')
#12 C:/Users/hp/practica1-api2/vendor/laravel/framework/src/Illuminate/Container/BoundMethod.php(36): L5Swagger/Console/GenerateDocsCommand->handle(Object(L5Swagger/GeneratorFactory))
#13 C:/Users/hp/practica1-api2/vendor/laravel/framework/src/Illuminate/Container/Util.php(43): Illuminate/Container/BoundMethod::Illuminate/Container/{closure}()
#14 C:/Users/hp/practica1-api2/vendor/laravel/framework/src/Illuminate/Container/BoundMethod.php(96): Illuminate/Container/Util::unwrapIfClosure(Object(Closure))
#15 C:/Users/hp/practica1-api2/vendor/laravel/framework/src/Illuminate/Container/BoundMethod.php(35): Illuminate/Container/BoundMethod::callBoundMethod(Object(Illuminate/Foundation/Application), Array, Object(Closure))
#16 C:/Users/hp/practica1-api2/vendor/laravel/framework/src/Illuminate/Container/Container.php(799): Illuminate/Container/BoundMethod::call(Object(Illuminate/Foundation/Application), Array, Array, NULL)
#17 C:/Users/hp/practica1-api2/vendor/laravel/framework/src/Illuminate/Console/Command.php(211): Illuminate/Container/Container->call(Array)
#18 C:/Users/hp/practica1-api2/vendor/symfony/console/Command/Command.php(341): Illuminate/Console/Command->execute(Object(Symfony/Component/Console/Input/ArgvInput), Object(Illuminate/Console/OutputStyle))
#19 C:/Users/hp/practica1-api2/vendor/laravel/framework/src/Illuminate/Console/Command.php(180): Symfony/Component/Console/Command/Command->run(Object(Symfony/Component/Console/Input/ArgvInput), Object(Illuminate/Console/OutputStyle))
#20 C:/Users/hp/practica1-api2/vendor/symfony/console/Application.php(1117): Illuminate/Console/Command->run(Object(Symfony/Component/Console/Input/ArgvInput), Object(Symfony/Component/Console/Output/ConsoleOutput))
#21 C:/Users/hp/practica1-api2/vendor/symfony/console/Application.php(356): Symfony/Component/Console/Application->doRunCommand(Object(L5Swagger/Console/GenerateDocsCommand), Object(Symfony/Component/Console/Input/ArgvInput), Object(Symfony/Component/Console/Output/ConsoleOutput))
#22 C:/Users/hp/practica1-api2/vendor/symfony/console/Application.php(195): Symfony/Component/Console/Application->doRun(Object(Symfony/Component/Console/Input/ArgvInput), Object(Symfony/Component/Console/Output/ConsoleOutput))
#23 C:/Users/hp/practica1-api2/vendor/laravel/framework/src/Illuminate/Foundation/Console/Kernel.php(198): Symfony/Component/Console/Application->run(Object(Symfony/Component/Console/Input/ArgvInput), Object(Symfony/Component/Console/Output/ConsoleOutput))
#24 C:/Users/hp/practica1-api2/vendor/laravel/framework/src/Illuminate/Foundation/Application.php(1235): Illuminate/Foundation/Console/Kernel->handle(Object(Symfony/Component/Console/Input/ArgvInput), Object(Symfony/Component/Console/Output/ConsoleOutput))
#25 C:/Users/hp/practica1-api2/artisan(16): Illuminate/Foundation/Application->handleCommand(Object(Symfony/Component/Console/Input/ArgvInput))
#26 {main}
"} 
[2026-06-14 21:50:41] local.ERROR: SQLSTATE[23000]: Integrity constraint violation: 1451 Cannot delete or update a parent row: a foreign key constraint fails (`practica`.`pedido_items`, CONSTRAINT `pedido_items_producto_id_foreign` FOREIGN KEY (`producto_id`) REFERENCES `productos` (`id`)) (Connection: mysql, Host: 127.0.0.1, Port: 3306, Database: practica, SQL: delete from `productos` where `id` = 22) {"userId":7,"exception":"[object] (Illuminate\\Database\\QueryException(code: 23000): SQLSTATE[23000]: Integrity constraint violation: 1451 Cannot delete or update a parent row: a foreign key constraint fails (`practica`.`pedido_items`, CONSTRAINT `pedido_items_producto_id_foreign` FOREIGN KEY (`producto_id`) REFERENCES `productos` (`id`)) (Connection: mysql, Host: 127.0.0.1, Port: 3306, Database: practica, SQL: delete from `productos` where `id` = 22) at C:/Users/hp/practica1-api2/vendor/laravel/framework/src/Illuminate/Database/Connection.php:838)
[stacktrace]
#0 C:/Users/hp/practica1-api2/vendor/laravel/framework/src/Illuminate/Database/Connection.php(794): Illuminate/Database/Connection->runQueryCallback('delete from `pr...', Array, Object(Closure))
#1 C:/Users/hp/practica1-api2/vendor/laravel/framework/src/Illuminate/Database/Connection.php(597): Illuminate/Database/Connection->run('delete from `pr...', Array, Object(Closure))
#2 C:/Users/hp/practica1-api2/vendor/laravel/framework/src/Illuminate/Database/Connection.php(561): Illuminate/Database/Connection->affectingStatement('delete from `pr...', Array)
#3 C:/Users/hp/practica1-api2/vendor/laravel/framework/src/Illuminate/Database/Query/Builder.php(4426): Illuminate/Database/Connection->delete('delete from `pr...', Array)
#4 C:/Users/hp/practica1-api2/vendor/laravel/framework/src/Illuminate/Database/Eloquent/Builder.php(1480): Illuminate/Database/Query/Builder->delete()
#5 C:/Users/hp/practica1-api2/vendor/laravel/framework/src/Illuminate/Database/Eloquent/Model.php(1578): Illuminate/Database/Eloquent/Builder->delete()
#6 C:/Users/hp/practica1-api2/vendor/laravel/framework/src/Illuminate/Database/Eloquent/Model.php(1510): Illuminate/Database/Eloquent/Model->performDeleteOnModel()
#7 C:/Users/hp/practica1-api2/app/Http/Controllers/Api/V1/ProductoController.php(140): Illuminate/Database/Eloquent/Model->delete()
#8 C:/Users/hp/practica1-api2/vendor/laravel/framework/src/Illuminate/Routing/ControllerDispatcher.php(46): App/Http/Controllers/Api/V1/ProductoController->destroy('22')
#9 C:/Users/hp/practica1-api2/vendor/laravel/framework/src/Illuminate/Routing/Route.php(265): Illuminate/Routing/ControllerDispatcher->dispatch(Object(Illuminate/Routing/Route), Object(App/Http/Controllers/Api/V1/ProductoController), 'destroy')
#10 C:/Users/hp/practica1-api2/vendor/laravel/framework/src/Illuminate/Routing/Route.php(211): Illuminate/Routing/Route->runController()
#11 C:/Users/hp/practica1-api2/vendor/laravel/framework/src/Illuminate/Routing/Router.php(822): Illuminate/Routing/Route->run()
#12 C:/Users/hp/practica1-api2/vendor/laravel/framework/src/Illuminate/Pipeline/Pipeline.php(180): Illuminate/Routing/Router->Illuminate/Routing/{closure}(Object(Illuminate/Http/Request))
#13 C:/Users/hp/practica1-api2/vendor/laravel/framework/src/Illuminate/Routing/Middleware/SubstituteBindings.php(50): Illuminate/Pipeline/Pipeline->Illuminate/Pipeline/{closure}(Object(Illuminate/Http/Request))
#14 C:/Users/hp/practica1-api2/vendor/laravel/framework/src/Illuminate/Pipeline/Pipeline.php(219): Illuminate/Routing/Middleware/SubstituteBindings->handle(Object(Illuminate/Http/Request), Object(Closure))
#15 C:/Users/hp/practica1-api2/vendor/laravel/framework/src/Illuminate/Auth/Middleware/Authenticate.php(63): Illuminate/Pipeline/Pipeline->Illuminate/Pipeline/{closure}(Object(Illuminate/Http/Request))
#16 C:/Users/hp/practica1-api2/vendor/laravel/framework/src/Illuminate/Pipeline/Pipeline.php(219): Illuminate/Auth/Middleware/Authenticate->handle(Object(Illuminate/Http/Request), Object(Closure), 'sanctum')
#17 C:/Users/hp/practica1-api2/vendor/laravel/framework/src/Illuminate/Pipeline/Pipeline.php(137): Illuminate/Pipeline/Pipeline->Illuminate/Pipeline/{closure}(Object(Illuminate/Http/Request))
#18 C:/Users/hp/practica1-api2/vendor/laravel/framework/src/Illuminate/Routing/Router.php(821): Illuminate/Pipeline/Pipeline->then(Object(Closure))
#19 C:/Users/hp/practica1-api2/vendor/laravel/framework/src/Illuminate/Routing/Router.php(800): Illuminate/Routing/Router->runRouteWithinStack(Object(Illuminate/Routing/Route), Object(Illuminate/Http/Request))
#20 C:/Users/hp/practica1-api2/vendor/laravel/framework/src/Illuminate/Routing/Router.php(764): Illuminate/Routing/Router->runRoute(Object(Illuminate/Http/Request), Object(Illuminate/Routing/Route))
#21 C:/Users/hp/practica1-api2/vendor/laravel/framework/src/Illuminate/Routing/Router.php(753): Illuminate/Routing/Router->dispatchToRoute(Object(Illuminate/Http/Request))
#22 C:/Users/hp/practica1-api2/vendor/laravel/framework/src/Illuminate/Foundation/Http/Kernel.php(200): Illuminate/Routing/Router->dispatch(Object(Illuminate/Http/Request))
#23 C:/Users/hp/practica1-api2/vendor/laravel/framework/src/Illuminate/Pipeline/Pipeline.php(180): Illuminate/Foundation/Http/Kernel->Illuminate/Foundation/Http/{closure}(Object(Illuminate/Http/Request))
#24 C:/Users/hp/practica1-api2/vendor/laravel/framework/src/Illuminate/Foundation/Http/Middleware/TransformsRequest.php(21): Illuminate/Pipeline/Pipeline->Illuminate/Pipeline/{closure}(Object(Illuminate/Http/Request))
#25 C:/Users/hp/practica1-api2/vendor/laravel/framework/src/Illuminate/Foundation/Http/Middleware/ConvertEmptyStringsToNull.php(31): Illuminate/Foundation/Http/Middleware/TransformsRequest->handle(Object(Illuminate/Http/Request), Object(Closure))
#26 C:/Users/hp/practica1-api2/vendor/laravel/framework/src/Illuminate/Pipeline/Pipeline.php(219): Illuminate/Foundation/Http/Middleware/ConvertEmptyStringsToNull->handle(Object(Illuminate/Http/Request), Object(Closure))
#27 C:/Users/hp/practica1-api2/vendor/laravel/framework/src/Illuminate/Foundation/Http/Middleware/TransformsRequest.php(21): Illuminate/Pipeline/Pipeline->Illuminate/Pipeline/{closure}(Object(Illuminate/Http/Request))
#28 C:/Users/hp/practica1-api2/vendor/laravel/framework/src/Illuminate/Foundation/Http/Middleware/TrimStrings.php(51): Illuminate/Foundation/Http/Middleware/TransformsRequest->handle(Object(Illuminate/Http/Request), Object(Closure))
#29 C:/Users/hp/practica1-api2/vendor/laravel/framework/src/Illuminate/Pipeline/Pipeline.php(219): Illuminate/Foundation/Http/Middleware/TrimStrings->handle(Object(Illuminate/Http/Request), Object(Closure))
#30 C:/Users/hp/practica1-api2/vendor/laravel/framework/src/Illuminate/Http/Middleware/ValidatePostSize.php(27): Illuminate/Pipeline/Pipeline->Illuminate/Pipeline/{closure}(Object(Illuminate/Http/Request))
#31 C:/Users/hp/practica1-api2/vendor/laravel/framework/src/Illuminate/Pipeline/Pipeline.php(219): Illuminate/Http/Middleware/ValidatePostSize->handle(Object(Illuminate/Http/Request), Object(Closure))
#32 C:/Users/hp/practica1-api2/vendor/laravel/framework/src/Illuminate/Foundation/Http/Middleware/PreventRequestsDuringMaintenance.php(109): Illuminate/Pipeline/Pipeline->Illuminate/Pipeline/{closure}(Object(Illuminate/Http/Request))
#33 C:/Users/hp/practica1-api2/vendor/laravel/framework/src/Illuminate/Pipeline/Pipeline.php(219): Illuminate/Foundation/Http/Middleware/PreventRequestsDuringMaintenance->handle(Object(Illuminate/Http/Request), Object(Closure))
#34 C:/Users/hp/practica1-api2/vendor/laravel/framework/src/Illuminate/Http/Middleware/HandleCors.php(74): Illuminate/Pipeline/Pipeline->Illuminate/Pipeline/{closure}(Object(Illuminate/Http/Request))
#35 C:/Users/hp/practica1-api2/vendor/laravel/framework/src/Illuminate/Pipeline/Pipeline.php(219): Illuminate/Http/Middleware/HandleCors->handle(Object(Illuminate/Http/Request), Object(Closure))
#36 C:/Users/hp/practica1-api2/vendor/laravel/framework/src/Illuminate/Http/Middleware/TrustProxies.php(58): Illuminate/Pipeline/Pipeline->Illuminate/Pipeline/{closure}(Object(Illuminate/Http/Request))
#37 C:/Users/hp/practica1-api2/vendor/laravel/framework/src/Illuminate/Pipeline/Pipeline.php(219): Illuminate/Http/Middleware/TrustProxies->handle(Object(Illuminate/Http/Request), Object(Closure))
#38 C:/Users/hp/practica1-api2/vendor/laravel/framework/src/Illuminate/Foundation/Http/Middleware/InvokeDeferredCallbacks.php(22): Illuminate/Pipeline/Pipeline->Illuminate/Pipeline/{closure}(Object(Illuminate/Http/Request))
#39 C:/Users/hp/practica1-api2/vendor/laravel/framework/src/Illuminate/Pipeline/Pipeline.php(219): Illuminate/Foundation/Http/Middleware/InvokeDeferredCallbacks->handle(Object(Illuminate/Http/Request), Object(Closure))
#40 C:/Users/hp/practica1-api2/vendor/laravel/framework/src/Illuminate/Http/Middleware/ValidatePathEncoding.php(26): Illuminate/Pipeline/Pipeline->Illuminate/Pipeline/{closure}(Object(Illuminate/Http/Request))
#41 C:/Users/hp/practica1-api2/vendor/laravel/framework/src/Illuminate/Pipeline/Pipeline.php(219): Illuminate/Http/Middleware/ValidatePathEncoding->handle(Object(Illuminate/Http/Request), Object(Closure))
#42 C:/Users/hp/practica1-api2/vendor/laravel/framework/src/Illuminate/Pipeline/Pipeline.php(137): Illuminate/Pipeline/Pipeline->Illuminate/Pipeline/{closure}(Object(Illuminate/Http/Request))
#43 C:/Users/hp/practica1-api2/vendor/laravel/framework/src/Illuminate/Foundation/Http/Kernel.php(175): Illuminate/Pipeline/Pipeline->then(Object(Closure))
#44 C:/Users/hp/practica1-api2/vendor/laravel/framework/src/Illuminate/Foundation/Http/Kernel.php(144): Illuminate/Foundation/Http/Kernel->sendRequestThroughRouter(Object(Illuminate/Http/Request))
#45 C:/Users/hp/practica1-api2/vendor/laravel/framework/src/Illuminate/Foundation/Application.php(1220): Illuminate/Foundation/Http/Kernel->handle(Object(Illuminate/Http/Request))
#46 C:/Users/hp/practica1-api2/public/index.php(20): Illuminate/Foundation/Application->handleRequest(Object(Illuminate/Http/Request))
#47 C:/Users/hp/practica1-api2/vendor/laravel/framework/src/Illuminate/Foundation/resources/server.php(23): require_once('C://Users//hp//pra...')
#48 {main}

[previous exception] [object] (PDOException(code: 23000): SQLSTATE[23000]: Integrity constraint violation: 1451 Cannot delete or update a parent row: a foreign key constraint fails (`practica`.`pedido_items`, CONSTRAINT `pedido_items_producto_id_foreign` FOREIGN KEY (`producto_id`) REFERENCES `productos` (`id`)) at C:/Users/hp/practica1-api2/vendor/laravel/framework/src/Illuminate/Database/Connection.php:609)
[stacktrace]
#0 C:/Users/hp/practica1-api2/vendor/laravel/framework/src/Illuminate/Database/Connection.php(609): PDOStatement->execute()
#1 C:/Users/hp/practica1-api2/vendor/laravel/framework/src/Illuminate/Database/Connection.php(827): Illuminate/Database/Connection->Illuminate/Database/{closure}('delete from `pr...', Array)
#2 C:/Users/hp/practica1-api2/vendor/laravel/framework/src/Illuminate/Database/Connection.php(794): Illuminate/Database/Connection->runQueryCallback('delete from `pr...', Array, Object(Closure))
#3 C:/Users/hp/practica1-api2/vendor/laravel/framework/src/Illuminate/Database/Connection.php(597): Illuminate/Database/Connection->run('delete from `pr...', Array, Object(Closure))
#4 C:/Users/hp/practica1-api2/vendor/laravel/framework/src/Illuminate/Database/Connection.php(561): Illuminate/Database/Connection->affectingStatement('delete from `pr...', Array)
#5 C:/Users/hp/practica1-api2/vendor/laravel/framework/src/Illuminate/Database/Query/Builder.php(4426): Illuminate/Database/Connection->delete('delete from `pr...', Array)
#6 C:/Users/hp/practica1-api2/vendor/laravel/framework/src/Illuminate/Database/Eloquent/Builder.php(1480): Illuminate/Database/Query/Builder->delete()
#7 C:/Users/hp/practica1-api2/vendor/laravel/framework/src/Illuminate/Database/Eloquent/Model.php(1578): Illuminate/Database/Eloquent/Builder->delete()
#8 C:/Users/hp/practica1-api2/vendor/laravel/framework/src/Illuminate/Database/Eloquent/Model.php(1510): Illuminate/Database/Eloquent/Model->performDeleteOnModel()
#9 C:/Users/hp/practica1-api2/app/Http/Controllers/Api/V1/ProductoController.php(140): Illuminate/Database/Eloquent/Model->delete()
#10 C:/Users/hp/practica1-api2/vendor/laravel/framework/src/Illuminate/Routing/ControllerDispatcher.php(46): App/Http/Controllers/Api/V1/ProductoController->destroy('22')
#11 C:/Users/hp/practica1-api2/vendor/laravel/framework/src/Illuminate/Routing/Route.php(265): Illuminate/Routing/ControllerDispatcher->dispatch(Object(Illuminate/Routing/Route), Object(App/Http/Controllers/Api/V1/ProductoController), 'destroy')
#12 C:/Users/hp/practica1-api2/vendor/laravel/framework/src/Illuminate/Routing/Route.php(211): Illuminate/Routing/Route->runController()
#13 C:/Users/hp/practica1-api2/vendor/laravel/framework/src/Illuminate/Routing/Router.php(822): Illuminate/Routing/Route->run()
#14 C:/Users/hp/practica1-api2/vendor/laravel/framework/src/Illuminate/Pipeline/Pipeline.php(180): Illuminate/Routing/Router->Illuminate/Routing/{closure}(Object(Illuminate/Http/Request))
#15 C:/Users/hp/practica1-api2/vendor/laravel/framework/src/Illuminate/Routing/Middleware/SubstituteBindings.php(50): Illuminate/Pipeline/Pipeline->Illuminate/Pipeline/{closure}(Object(Illuminate/Http/Request))
#16 C:/Users/hp/practica1-api2/vendor/laravel/framework/src/Illuminate/Pipeline/Pipeline.php(219): Illuminate/Routing/Middleware/SubstituteBindings->handle(Object(Illuminate/Http/Request), Object(Closure))
#17 C:/Users/hp/practica1-api2/vendor/laravel/framework/src/Illuminate/Auth/Middleware/Authenticate.php(63): Illuminate/Pipeline/Pipeline->Illuminate/Pipeline/{closure}(Object(Illuminate/Http/Request))
#18 C:/Users/hp/practica1-api2/vendor/laravel/framework/src/Illuminate/Pipeline/Pipeline.php(219): Illuminate/Auth/Middleware/Authenticate->handle(Object(Illuminate/Http/Request), Object(Closure), 'sanctum')
#19 C:/Users/hp/practica1-api2/vendor/laravel/framework/src/Illuminate/Pipeline/Pipeline.php(137): Illuminate/Pipeline/Pipeline->Illuminate/Pipeline/{closure}(Object(Illuminate/Http/Request))
#20 C:/Users/hp/practica1-api2/vendor/laravel/framework/src/Illuminate/Routing/Router.php(821): Illuminate/Pipeline/Pipeline->then(Object(Closure))
#21 C:/Users/hp/practica1-api2/vendor/laravel/framework/src/Illuminate/Routing/Router.php(800): Illuminate/Routing/Router->runRouteWithinStack(Object(Illuminate/Routing/Route), Object(Illuminate/Http/Request))
#22 C:/Users/hp/practica1-api2/vendor/laravel/framework/src/Illuminate/Routing/Router.php(764): Illuminate/Routing/Router->runRoute(Object(Illuminate/Http/Request), Object(Illuminate/Routing/Route))
#23 C:/Users/hp/practica1-api2/vendor/laravel/framework/src/Illuminate/Routing/Router.php(753): Illuminate/Routing/Router->dispatchToRoute(Object(Illuminate/Http/Request))
#24 C:/Users/hp/practica1-api2/vendor/laravel/framework/src/Illuminate/Foundation/Http/Kernel.php(200): Illuminate/Routing/Router->dispatch(Object(Illuminate/Http/Request))
#25 C:/Users/hp/practica1-api2/vendor/laravel/framework/src/Illuminate/Pipeline/Pipeline.php(180): Illuminate/Foundation/Http/Kernel->Illuminate/Foundation/Http/{closure}(Object(Illuminate/Http/Request))
#26 C:/Users/hp/practica1-api2/vendor/laravel/framework/src/Illuminate/Foundation/Http/Middleware/TransformsRequest.php(21): Illuminate/Pipeline/Pipeline->Illuminate/Pipeline/{closure}(Object(Illuminate/Http/Request))
#27 C:/Users/hp/practica1-api2/vendor/laravel/framework/src/Illuminate/Foundation/Http/Middleware/ConvertEmptyStringsToNull.php(31): Illuminate/Foundation/Http/Middleware/TransformsRequest->handle(Object(Illuminate/Http/Request), Object(Closure))
#28 C:/Users/hp/practica1-api2/vendor/laravel/framework/src/Illuminate/Pipeline/Pipeline.php(219): Illuminate/Foundation/Http/Middleware/ConvertEmptyStringsToNull->handle(Object(Illuminate/Http/Request), Object(Closure))
#29 C:/Users/hp/practica1-api2/vendor/laravel/framework/src/Illuminate/Foundation/Http/Middleware/TransformsRequest.php(21): Illuminate/Pipeline/Pipeline->Illuminate/Pipeline/{closure}(Object(Illuminate/Http/Request))
#30 C:/Users/hp/practica1-api2/vendor/laravel/framework/src/Illuminate/Foundation/Http/Middleware/TrimStrings.php(51): Illuminate/Foundation/Http/Middleware/TransformsRequest->handle(Object(Illuminate/Http/Request), Object(Closure))
#31 C:/Users/hp/practica1-api2/vendor/laravel/framework/src/Illuminate/Pipeline/Pipeline.php(219): Illuminate/Foundation/Http/Middleware/TrimStrings->handle(Object(Illuminate/Http/Request), Object(Closure))
#32 C:/Users/hp/practica1-api2/vendor/laravel/framework/src/Illuminate/Http/Middleware/ValidatePostSize.php(27): Illuminate/Pipeline/Pipeline->Illuminate/Pipeline/{closure}(Object(Illuminate/Http/Request))
#33 C:/Users/hp/practica1-api2/vendor/laravel/framework/src/Illuminate/Pipeline/Pipeline.php(219): Illuminate/Http/Middleware/ValidatePostSize->handle(Object(Illuminate/Http/Request), Object(Closure))
#34 C:/Users/hp/practica1-api2/vendor/laravel/framework/src/Illuminate/Foundation/Http/Middleware/PreventRequestsDuringMaintenance.php(109): Illuminate/Pipeline/Pipeline->Illuminate/Pipeline/{closure}(Object(Illuminate/Http/Request))
#35 C:/Users/hp/practica1-api2/vendor/laravel/framework/src/Illuminate/Pipeline/Pipeline.php(219): Illuminate/Foundation/Http/Middleware/PreventRequestsDuringMaintenance->handle(Object(Illuminate/Http/Request), Object(Closure))
#36 C:/Users/hp/practica1-api2/vendor/laravel/framework/src/Illuminate/Http/Middleware/HandleCors.php(74): Illuminate/Pipeline/Pipeline->Illuminate/Pipeline/{closure}(Object(Illuminate/Http/Request))
#37 C:/Users/hp/practica1-api2/vendor/laravel/framework/src/Illuminate/Pipeline/Pipeline.php(219): Illuminate/Http/Middleware/HandleCors->handle(Object(Illuminate/Http/Request), Object(Closure))
#38 C:/Users/hp/practica1-api2/vendor/laravel/framework/src/Illuminate/Http/Middleware/TrustProxies.php(58): Illuminate/Pipeline/Pipeline->Illuminate/Pipeline/{closure}(Object(Illuminate/Http/Request))
#39 C:/Users/hp/practica1-api2/vendor/laravel/framework/src/Illuminate/Pipeline/Pipeline.php(219): Illuminate/Http/Middleware/TrustProxies->handle(Object(Illuminate/Http/Request), Object(Closure))
#40 C:/Users/hp/practica1-api2/vendor/laravel/framework/src/Illuminate/Foundation/Http/Middleware/InvokeDeferredCallbacks.php(22): Illuminate/Pipeline/Pipeline->Illuminate/Pipeline/{closure}(Object(Illuminate/Http/Request))
#41 C:/Users/hp/practica1-api2/vendor/laravel/framework/src/Illuminate/Pipeline/Pipeline.php(219): Illuminate/Foundation/Http/Middleware/InvokeDeferredCallbacks->handle(Object(Illuminate/Http/Request), Object(Closure))
#42 C:/Users/hp/practica1-api2/vendor/laravel/framework/src/Illuminate/Http/Middleware/ValidatePathEncoding.php(26): Illuminate/Pipeline/Pipeline->Illuminate/Pipeline/{closure}(Object(Illuminate/Http/Request))
#43 C:/Users/hp/practica1-api2/vendor/laravel/framework/src/Illuminate/Pipeline/Pipeline.php(219): Illuminate/Http/Middleware/ValidatePathEncoding->handle(Object(Illuminate/Http/Request), Object(Closure))
#44 C:/Users/hp/practica1-api2/vendor/laravel/framework/src/Illuminate/Pipeline/Pipeline.php(137): Illuminate/Pipeline/Pipeline->Illuminate/Pipeline/{closure}(Object(Illuminate/Http/Request))
#45 C:/Users/hp/practica1-api2/vendor/laravel/framework/src/Illuminate/Foundation/Http/Kernel.php(175): Illuminate/Pipeline/Pipeline->then(Object(Closure))
#46 C:/Users/hp/practica1-api2/vendor/laravel/framework/src/Illuminate/Foundation/Http/Kernel.php(144): Illuminate/Foundation/Http/Kernel->sendRequestThroughRouter(Object(Illuminate/Http/Request))
#47 C:/Users/hp/practica1-api2/vendor/laravel/framework/src/Illuminate/Foundation/Application.php(1220): Illuminate/Foundation/Http/Kernel->handle(Object(Illuminate/Http/Request))
#48 C:/Users/hp/practica1-api2/public/index.php(20): Illuminate/Foundation/Application->handleRequest(Object(Illuminate/Http/Request))
#49 C:/Users/hp/practica1-api2/vendor/laravel/framework/src/Illuminate/Foundation/resources/server.php(23): require_once('C://Users//hp//pra...')
#50 {main}
"} 
[2026-06-14 21:50:47] local.ERROR: SQLSTATE[23000]: Integrity constraint violation: 1451 Cannot delete or update a parent row: a foreign key constraint fails (`practica`.`pedido_items`, CONSTRAINT `pedido_items_producto_id_foreign` FOREIGN KEY (`producto_id`) REFERENCES `productos` (`id`)) (Connection: mysql, Host: 127.0.0.1, Port: 3306, Database: practica, SQL: delete from `productos` where `id` = 21) {"userId":7,"exception":"[object] (Illuminate\\Database\\QueryException(code: 23000): SQLSTATE[23000]: Integrity constraint violation: 1451 Cannot delete or update a parent row: a foreign key constraint fails (`practica`.`pedido_items`, CONSTRAINT `pedido_items_producto_id_foreign` FOREIGN KEY (`producto_id`) REFERENCES `productos` (`id`)) (Connection: mysql, Host: 127.0.0.1, Port: 3306, Database: practica, SQL: delete from `productos` where `id` = 21) at C:/Users/hp/practica1-api2/vendor/laravel/framework/src/Illuminate/Database/Connection.php:838)
[stacktrace]
#0 C:/Users/hp/practica1-api2/vendor/laravel/framework/src/Illuminate/Database/Connection.php(794): Illuminate/Database/Connection->runQueryCallback('delete from `pr...', Array, Object(Closure))
#1 C:/Users/hp/practica1-api2/vendor/laravel/framework/src/Illuminate/Database/Connection.php(597): Illuminate/Database/Connection->run('delete from `pr...', Array, Object(Closure))
#2 C:/Users/hp/practica1-api2/vendor/laravel/framework/src/Illuminate/Database/Connection.php(561): Illuminate/Database/Connection->affectingStatement('delete from `pr...', Array)
#3 C:/Users/hp/practica1-api2/vendor/laravel/framework/src/Illuminate/Database/Query/Builder.php(4426): Illuminate/Database/Connection->delete('delete from `pr...', Array)
#4 C:/Users/hp/practica1-api2/vendor/laravel/framework/src/Illuminate/Database/Eloquent/Builder.php(1480): Illuminate/Database/Query/Builder->delete()
#5 C:/Users/hp/practica1-api2/vendor/laravel/framework/src/Illuminate/Database/Eloquent/Model.php(1578): Illuminate/Database/Eloquent/Builder->delete()
#6 C:/Users/hp/practica1-api2/vendor/laravel/framework/src/Illuminate/Database/Eloquent/Model.php(1510): Illuminate/Database/Eloquent/Model->performDeleteOnModel()
#7 C:/Users/hp/practica1-api2/app/Http/Controllers/Api/V1/ProductoController.php(140): Illuminate/Database/Eloquent/Model->delete()
#8 C:/Users/hp/practica1-api2/vendor/laravel/framework/src/Illuminate/Routing/ControllerDispatcher.php(46): App/Http/Controllers/Api/V1/ProductoController->destroy('21')
#9 C:/Users/hp/practica1-api2/vendor/laravel/framework/src/Illuminate/Routing/Route.php(265): Illuminate/Routing/ControllerDispatcher->dispatch(Object(Illuminate/Routing/Route), Object(App/Http/Controllers/Api/V1/ProductoController), 'destroy')
#10 C:/Users/hp/practica1-api2/vendor/laravel/framework/src/Illuminate/Routing/Route.php(211): Illuminate/Routing/Route->runController()
#11 C:/Users/hp/practica1-api2/vendor/laravel/framework/src/Illuminate/Routing/Router.php(822): Illuminate/Routing/Route->run()
#12 C:/Users/hp/practica1-api2/vendor/laravel/framework/src/Illuminate/Pipeline/Pipeline.php(180): Illuminate/Routing/Router->Illuminate/Routing/{closure}(Object(Illuminate/Http/Request))
#13 C:/Users/hp/practica1-api2/vendor/laravel/framework/src/Illuminate/Routing/Middleware/SubstituteBindings.php(50): Illuminate/Pipeline/Pipeline->Illuminate/Pipeline/{closure}(Object(Illuminate/Http/Request))
#14 C:/Users/hp/practica1-api2/vendor/laravel/framework/src/Illuminate/Pipeline/Pipeline.php(219): Illuminate/Routing/Middleware/SubstituteBindings->handle(Object(Illuminate/Http/Request), Object(Closure))
#15 C:/Users/hp/practica1-api2/vendor/laravel/framework/src/Illuminate/Auth/Middleware/Authenticate.php(63): Illuminate/Pipeline/Pipeline->Illuminate/Pipeline/{closure}(Object(Illuminate/Http/Request))
#16 C:/Users/hp/practica1-api2/vendor/laravel/framework/src/Illuminate/Pipeline/Pipeline.php(219): Illuminate/Auth/Middleware/Authenticate->handle(Object(Illuminate/Http/Request), Object(Closure), 'sanctum')
#17 C:/Users/hp/practica1-api2/vendor/laravel/framework/src/Illuminate/Pipeline/Pipeline.php(137): Illuminate/Pipeline/Pipeline->Illuminate/Pipeline/{closure}(Object(Illuminate/Http/Request))
#18 C:/Users/hp/practica1-api2/vendor/laravel/framework/src/Illuminate/Routing/Router.php(821): Illuminate/Pipeline/Pipeline->then(Object(Closure))
#19 C:/Users/hp/practica1-api2/vendor/laravel/framework/src/Illuminate/Routing/Router.php(800): Illuminate/Routing/Router->runRouteWithinStack(Object(Illuminate/Routing/Route), Object(Illuminate/Http/Request))
#20 C:/Users/hp/practica1-api2/vendor/laravel/framework/src/Illuminate/Routing/Router.php(764): Illuminate/Routing/Router->runRoute(Object(Illuminate/Http/Request), Object(Illuminate/Routing/Route))
#21 C:/Users/hp/practica1-api2/vendor/laravel/framework/src/Illuminate/Routing/Router.php(753): Illuminate/Routing/Router->dispatchToRoute(Object(Illuminate/Http/Request))
#22 C:/Users/hp/practica1-api2/vendor/laravel/framework/src/Illuminate/Foundation/Http/Kernel.php(200): Illuminate/Routing/Router->dispatch(Object(Illuminate/Http/Request))
#23 C:/Users/hp/practica1-api2/vendor/laravel/framework/src/Illuminate/Pipeline/Pipeline.php(180): Illuminate/Foundation/Http/Kernel->Illuminate/Foundation/Http/{closure}(Object(Illuminate/Http/Request))
#24 C:/Users/hp/practica1-api2/vendor/laravel/framework/src/Illuminate/Foundation/Http/Middleware/TransformsRequest.php(21): Illuminate/Pipeline/Pipeline->Illuminate/Pipeline/{closure}(Object(Illuminate/Http/Request))
#25 C:/Users/hp/practica1-api2/vendor/laravel/framework/src/Illuminate/Foundation/Http/Middleware/ConvertEmptyStringsToNull.php(31): Illuminate/Foundation/Http/Middleware/TransformsRequest->handle(Object(Illuminate/Http/Request), Object(Closure))
#26 C:/Users/hp/practica1-api2/vendor/laravel/framework/src/Illuminate/Pipeline/Pipeline.php(219): Illuminate/Foundation/Http/Middleware/ConvertEmptyStringsToNull->handle(Object(Illuminate/Http/Request), Object(Closure))
#27 C:/Users/hp/practica1-api2/vendor/laravel/framework/src/Illuminate/Foundation/Http/Middleware/TransformsRequest.php(21): Illuminate/Pipeline/Pipeline->Illuminate/Pipeline/{closure}(Object(Illuminate/Http/Request))
#28 C:/Users/hp/practica1-api2/vendor/laravel/framework/src/Illuminate/Foundation/Http/Middleware/TrimStrings.php(51): Illuminate/Foundation/Http/Middleware/TransformsRequest->handle(Object(Illuminate/Http/Request), Object(Closure))
#29 C:/Users/hp/practica1-api2/vendor/laravel/framework/src/Illuminate/Pipeline/Pipeline.php(219): Illuminate/Foundation/Http/Middleware/TrimStrings->handle(Object(Illuminate/Http/Request), Object(Closure))
#30 C:/Users/hp/practica1-api2/vendor/laravel/framework/src/Illuminate/Http/Middleware/ValidatePostSize.php(27): Illuminate/Pipeline/Pipeline->Illuminate/Pipeline/{closure}(Object(Illuminate/Http/Request))
#31 C:/Users/hp/practica1-api2/vendor/laravel/framework/src/Illuminate/Pipeline/Pipeline.php(219): Illuminate/Http/Middleware/ValidatePostSize->handle(Object(Illuminate/Http/Request), Object(Closure))
#32 C:/Users/hp/practica1-api2/vendor/laravel/framework/src/Illuminate/Foundation/Http/Middleware/PreventRequestsDuringMaintenance.php(109): Illuminate/Pipeline/Pipeline->Illuminate/Pipeline/{closure}(Object(Illuminate/Http/Request))
#33 C:/Users/hp/practica1-api2/vendor/laravel/framework/src/Illuminate/Pipeline/Pipeline.php(219): Illuminate/Foundation/Http/Middleware/PreventRequestsDuringMaintenance->handle(Object(Illuminate/Http/Request), Object(Closure))
#34 C:/Users/hp/practica1-api2/vendor/laravel/framework/src/Illuminate/Http/Middleware/HandleCors.php(74): Illuminate/Pipeline/Pipeline->Illuminate/Pipeline/{closure}(Object(Illuminate/Http/Request))
#35 C:/Users/hp/practica1-api2/vendor/laravel/framework/src/Illuminate/Pipeline/Pipeline.php(219): Illuminate/Http/Middleware/HandleCors->handle(Object(Illuminate/Http/Request), Object(Closure))
#36 C:/Users/hp/practica1-api2/vendor/laravel/framework/src/Illuminate/Http/Middleware/TrustProxies.php(58): Illuminate/Pipeline/Pipeline->Illuminate/Pipeline/{closure}(Object(Illuminate/Http/Request))
#37 C:/Users/hp/practica1-api2/vendor/laravel/framework/src/Illuminate/Pipeline/Pipeline.php(219): Illuminate/Http/Middleware/TrustProxies->handle(Object(Illuminate/Http/Request), Object(Closure))
#38 C:/Users/hp/practica1-api2/vendor/laravel/framework/src/Illuminate/Foundation/Http/Middleware/InvokeDeferredCallbacks.php(22): Illuminate/Pipeline/Pipeline->Illuminate/Pipeline/{closure}(Object(Illuminate/Http/Request))
#39 C:/Users/hp/practica1-api2/vendor/laravel/framework/src/Illuminate/Pipeline/Pipeline.php(219): Illuminate/Foundation/Http/Middleware/InvokeDeferredCallbacks->handle(Object(Illuminate/Http/Request), Object(Closure))
#40 C:/Users/hp/practica1-api2/vendor/laravel/framework/src/Illuminate/Http/Middleware/ValidatePathEncoding.php(26): Illuminate/Pipeline/Pipeline->Illuminate/Pipeline/{closure}(Object(Illuminate/Http/Request))
#41 C:/Users/hp/practica1-api2/vendor/laravel/framework/src/Illuminate/Pipeline/Pipeline.php(219): Illuminate/Http/Middleware/ValidatePathEncoding->handle(Object(Illuminate/Http/Request), Object(Closure))
#42 C:/Users/hp/practica1-api2/vendor/laravel/framework/src/Illuminate/Pipeline/Pipeline.php(137): Illuminate/Pipeline/Pipeline->Illuminate/Pipeline/{closure}(Object(Illuminate/Http/Request))
#43 C:/Users/hp/practica1-api2/vendor/laravel/framework/src/Illuminate/Foundation/Http/Kernel.php(175): Illuminate/Pipeline/Pipeline->then(Object(Closure))
#44 C:/Users/hp/practica1-api2/vendor/laravel/framework/src/Illuminate/Foundation/Http/Kernel.php(144): Illuminate/Foundation/Http/Kernel->sendRequestThroughRouter(Object(Illuminate/Http/Request))
#45 C:/Users/hp/practica1-api2/vendor/laravel/framework/src/Illuminate/Foundation/Application.php(1220): Illuminate/Foundation/Http/Kernel->handle(Object(Illuminate/Http/Request))
#46 C:/Users/hp/practica1-api2/public/index.php(20): Illuminate/Foundation/Application->handleRequest(Object(Illuminate/Http/Request))
#47 C:/Users/hp/practica1-api2/vendor/laravel/framework/src/Illuminate/Foundation/resources/server.php(23): require_once('C://Users//hp//pra...')
#48 {main}

[previous exception] [object] (PDOException(code: 23000): SQLSTATE[23000]: Integrity constraint violation: 1451 Cannot delete or update a parent row: a foreign key constraint fails (`practica`.`pedido_items`, CONSTRAINT `pedido_items_producto_id_foreign` FOREIGN KEY (`producto_id`) REFERENCES `productos` (`id`)) at C:/Users/hp/practica1-api2/vendor/laravel/framework/src/Illuminate/Database/Connection.php:609)
[stacktrace]
#0 C:/Users/hp/practica1-api2/vendor/laravel/framework/src/Illuminate/Database/Connection.php(609): PDOStatement->execute()
#1 C:/Users/hp/practica1-api2/vendor/laravel/framework/src/Illuminate/Database/Connection.php(827): Illuminate/Database/Connection->Illuminate/Database/{closure}('delete from `pr...', Array)
#2 C:/Users/hp/practica1-api2/vendor/laravel/framework/src/Illuminate/Database/Connection.php(794): Illuminate/Database/Connection->runQueryCallback('delete from `pr...', Array, Object(Closure))
#3 C:/Users/hp/practica1-api2/vendor/laravel/framework/src/Illuminate/Database/Connection.php(597): Illuminate/Database/Connection->run('delete from `pr...', Array, Object(Closure))
#4 C:/Users/hp/practica1-api2/vendor/laravel/framework/src/Illuminate/Database/Connection.php(561): Illuminate/Database/Connection->affectingStatement('delete from `pr...', Array)
#5 C:/Users/hp/practica1-api2/vendor/laravel/framework/src/Illuminate/Database/Query/Builder.php(4426): Illuminate/Database/Connection->delete('delete from `pr...', Array)
#6 C:/Users/hp/practica1-api2/vendor/laravel/framework/src/Illuminate/Database/Eloquent/Builder.php(1480): Illuminate/Database/Query/Builder->delete()
#7 C:/Users/hp/practica1-api2/vendor/laravel/framework/src/Illuminate/Database/Eloquent/Model.php(1578): Illuminate/Database/Eloquent/Builder->delete()
#8 C:/Users/hp/practica1-api2/vendor/laravel/framework/src/Illuminate/Database/Eloquent/Model.php(1510): Illuminate/Database/Eloquent/Model->performDeleteOnModel()
#9 C:/Users/hp/practica1-api2/app/Http/Controllers/Api/V1/ProductoController.php(140): Illuminate/Database/Eloquent/Model->delete()
#10 C:/Users/hp/practica1-api2/vendor/laravel/framework/src/Illuminate/Routing/ControllerDispatcher.php(46): App/Http/Controllers/Api/V1/ProductoController->destroy('21')
#11 C:/Users/hp/practica1-api2/vendor/laravel/framework/src/Illuminate/Routing/Route.php(265): Illuminate/Routing/ControllerDispatcher->dispatch(Object(Illuminate/Routing/Route), Object(App/Http/Controllers/Api/V1/ProductoController), 'destroy')
#12 C:/Users/hp/practica1-api2/vendor/laravel/framework/src/Illuminate/Routing/Route.php(211): Illuminate/Routing/Route->runController()
#13 C:/Users/hp/practica1-api2/vendor/laravel/framework/src/Illuminate/Routing/Router.php(822): Illuminate/Routing/Route->run()
#14 C:/Users/hp/practica1-api2/vendor/laravel/framework/src/Illuminate/Pipeline/Pipeline.php(180): Illuminate/Routing/Router->Illuminate/Routing/{closure}(Object(Illuminate/Http/Request))
#15 C:/Users/hp/practica1-api2/vendor/laravel/framework/src/Illuminate/Routing/Middleware/SubstituteBindings.php(50): Illuminate/Pipeline/Pipeline->Illuminate/Pipeline/{closure}(Object(Illuminate/Http/Request))
#16 C:/Users/hp/practica1-api2/vendor/laravel/framework/src/Illuminate/Pipeline/Pipeline.php(219): Illuminate/Routing/Middleware/SubstituteBindings->handle(Object(Illuminate/Http/Request), Object(Closure))
#17 C:/Users/hp/practica1-api2/vendor/laravel/framework/src/Illuminate/Auth/Middleware/Authenticate.php(63): Illuminate/Pipeline/Pipeline->Illuminate/Pipeline/{closure}(Object(Illuminate/Http/Request))
#18 C:/Users/hp/practica1-api2/vendor/laravel/framework/src/Illuminate/Pipeline/Pipeline.php(219): Illuminate/Auth/Middleware/Authenticate->handle(Object(Illuminate/Http/Request), Object(Closure), 'sanctum')
#19 C:/Users/hp/practica1-api2/vendor/laravel/framework/src/Illuminate/Pipeline/Pipeline.php(137): Illuminate/Pipeline/Pipeline->Illuminate/Pipeline/{closure}(Object(Illuminate/Http/Request))
#20 C:/Users/hp/practica1-api2/vendor/laravel/framework/src/Illuminate/Routing/Router.php(821): Illuminate/Pipeline/Pipeline->then(Object(Closure))
#21 C:/Users/hp/practica1-api2/vendor/laravel/framework/src/Illuminate/Routing/Router.php(800): Illuminate/Routing/Router->runRouteWithinStack(Object(Illuminate/Routing/Route), Object(Illuminate/Http/Request))
#22 C:/Users/hp/practica1-api2/vendor/laravel/framework/src/Illuminate/Routing/Router.php(764): Illuminate/Routing/Router->runRoute(Object(Illuminate/Http/Request), Object(Illuminate/Routing/Route))
#23 C:/Users/hp/practica1-api2/vendor/laravel/framework/src/Illuminate/Routing/Router.php(753): Illuminate/Routing/Router->dispatchToRoute(Object(Illuminate/Http/Request))
#24 C:/Users/hp/practica1-api2/vendor/laravel/framework/src/Illuminate/Foundation/Http/Kernel.php(200): Illuminate/Routing/Router->dispatch(Object(Illuminate/Http/Request))
#25 C:/Users/hp/practica1-api2/vendor/laravel/framework/src/Illuminate/Pipeline/Pipeline.php(180): Illuminate/Foundation/Http/Kernel->Illuminate/Foundation/Http/{closure}(Object(Illuminate/Http/Request))
#26 C:/Users/hp/practica1-api2/vendor/laravel/framework/src/Illuminate/Foundation/Http/Middleware/TransformsRequest.php(21): Illuminate/Pipeline/Pipeline->Illuminate/Pipeline/{closure}(Object(Illuminate/Http/Request))
#27 C:/Users/hp/practica1-api2/vendor/laravel/framework/src/Illuminate/Foundation/Http/Middleware/ConvertEmptyStringsToNull.php(31): Illuminate/Foundation/Http/Middleware/TransformsRequest->handle(Object(Illuminate/Http/Request), Object(Closure))
#28 C:/Users/hp/practica1-api2/vendor/laravel/framework/src/Illuminate/Pipeline/Pipeline.php(219): Illuminate/Foundation/Http/Middleware/ConvertEmptyStringsToNull->handle(Object(Illuminate/Http/Request), Object(Closure))
#29 C:/Users/hp/practica1-api2/vendor/laravel/framework/src/Illuminate/Foundation/Http/Middleware/TransformsRequest.php(21): Illuminate/Pipeline/Pipeline->Illuminate/Pipeline/{closure}(Object(Illuminate/Http/Request))
#30 C:/Users/hp/practica1-api2/vendor/laravel/framework/src/Illuminate/Foundation/Http/Middleware/TrimStrings.php(51): Illuminate/Foundation/Http/Middleware/TransformsRequest->handle(Object(Illuminate/Http/Request), Object(Closure))
#31 C:/Users/hp/practica1-api2/vendor/laravel/framework/src/Illuminate/Pipeline/Pipeline.php(219): Illuminate/Foundation/Http/Middleware/TrimStrings->handle(Object(Illuminate/Http/Request), Object(Closure))
#32 C:/Users/hp/practica1-api2/vendor/laravel/framework/src/Illuminate/Http/Middleware/ValidatePostSize.php(27): Illuminate/Pipeline/Pipeline->Illuminate/Pipeline/{closure}(Object(Illuminate/Http/Request))
#33 C:/Users/hp/practica1-api2/vendor/laravel/framework/src/Illuminate/Pipeline/Pipeline.php(219): Illuminate/Http/Middleware/ValidatePostSize->handle(Object(Illuminate/Http/Request), Object(Closure))
#34 C:/Users/hp/practica1-api2/vendor/laravel/framework/src/Illuminate/Foundation/Http/Middleware/PreventRequestsDuringMaintenance.php(109): Illuminate/Pipeline/Pipeline->Illuminate/Pipeline/{closure}(Object(Illuminate/Http/Request))
#35 C:/Users/hp/practica1-api2/vendor/laravel/framework/src/Illuminate/Pipeline/Pipeline.php(219): Illuminate/Foundation/Http/Middleware/PreventRequestsDuringMaintenance->handle(Object(Illuminate/Http/Request), Object(Closure))
#36 C:/Users/hp/practica1-api2/vendor/laravel/framework/src/Illuminate/Http/Middleware/HandleCors.php(74): Illuminate/Pipeline/Pipeline->Illuminate/Pipeline/{closure}(Object(Illuminate/Http/Request))
#37 C:/Users/hp/practica1-api2/vendor/laravel/framework/src/Illuminate/Pipeline/Pipeline.php(219): Illuminate/Http/Middleware/HandleCors->handle(Object(Illuminate/Http/Request), Object(Closure))
#38 C:/Users/hp/practica1-api2/vendor/laravel/framework/src/Illuminate/Http/Middleware/TrustProxies.php(58): Illuminate/Pipeline/Pipeline->Illuminate/Pipeline/{closure}(Object(Illuminate/Http/Request))
#39 C:/Users/hp/practica1-api2/vendor/laravel/framework/src/Illuminate/Pipeline/Pipeline.php(219): Illuminate/Http/Middleware/TrustProxies->handle(Object(Illuminate/Http/Request), Object(Closure))
#40 C:/Users/hp/practica1-api2/vendor/laravel/framework/src/Illuminate/Foundation/Http/Middleware/InvokeDeferredCallbacks.php(22): Illuminate/Pipeline/Pipeline->Illuminate/Pipeline/{closure}(Object(Illuminate/Http/Request))
#41 C:/Users/hp/practica1-api2/vendor/laravel/framework/src/Illuminate/Pipeline/Pipeline.php(219): Illuminate/Foundation/Http/Middleware/InvokeDeferredCallbacks->handle(Object(Illuminate/Http/Request), Object(Closure))
#42 C:/Users/hp/practica1-api2/vendor/laravel/framework/src/Illuminate/Http/Middleware/ValidatePathEncoding.php(26): Illuminate/Pipeline/Pipeline->Illuminate/Pipeline/{closure}(Object(Illuminate/Http/Request))
#43 C:/Users/hp/practica1-api2/vendor/laravel/framework/src/Illuminate/Pipeline/Pipeline.php(219): Illuminate/Http/Middleware/ValidatePathEncoding->handle(Object(Illuminate/Http/Request), Object(Closure))
#44 C:/Users/hp/practica1-api2/vendor/laravel/framework/src/Illuminate/Pipeline/Pipeline.php(137): Illuminate/Pipeline/Pipeline->Illuminate/Pipeline/{closure}(Object(Illuminate/Http/Request))
#45 C:/Users/hp/practica1-api2/vendor/laravel/framework/src/Illuminate/Foundation/Http/Kernel.php(175): Illuminate/Pipeline/Pipeline->then(Object(Closure))
#46 C:/Users/hp/practica1-api2/vendor/laravel/framework/src/Illuminate/Foundation/Http/Kernel.php(144): Illuminate/Foundation/Http/Kernel->sendRequestThroughRouter(Object(Illuminate/Http/Request))
#47 C:/Users/hp/practica1-api2/vendor/laravel/framework/src/Illuminate/Foundation/Application.php(1220): Illuminate/Foundation/Http/Kernel->handle(Object(Illuminate/Http/Request))
#48 C:/Users/hp/practica1-api2/public/index.php(20): Illuminate/Foundation/Application->handleRequest(Object(Illuminate/Http/Request))
#49 C:/Users/hp/practica1-api2/vendor/laravel/framework/src/Illuminate/Foundation/resources/server.php(23): require_once('C://Users//hp//pra...')
#50 {main}
"} 
[2026-06-14 21:52:36] local.ERROR: SQLSTATE[23000]: Integrity constraint violation: 1451 Cannot delete or update a parent row: a foreign key constraint fails (`practica`.`pedido_items`, CONSTRAINT `pedido_items_producto_id_foreign` FOREIGN KEY (`producto_id`) REFERENCES `productos` (`id`)) (Connection: mysql, Host: 127.0.0.1, Port: 3306, Database: practica, SQL: delete from `productos` where `id` = 1) {"userId":7,"exception":"[object] (Illuminate\\Database\\QueryException(code: 23000): SQLSTATE[23000]: Integrity constraint violation: 1451 Cannot delete or update a parent row: a foreign key constraint fails (`practica`.`pedido_items`, CONSTRAINT `pedido_items_producto_id_foreign` FOREIGN KEY (`producto_id`) REFERENCES `productos` (`id`)) (Connection: mysql, Host: 127.0.0.1, Port: 3306, Database: practica, SQL: delete from `productos` where `id` = 1) at C:/Users/hp/practica1-api2/vendor/laravel/framework/src/Illuminate/Database/Connection.php:838)
[stacktrace]
#0 C:/Users/hp/practica1-api2/vendor/laravel/framework/src/Illuminate/Database/Connection.php(794): Illuminate/Database/Connection->runQueryCallback('delete from `pr...', Array, Object(Closure))
#1 C:/Users/hp/practica1-api2/vendor/laravel/framework/src/Illuminate/Database/Connection.php(597): Illuminate/Database/Connection->run('delete from `pr...', Array, Object(Closure))
#2 C:/Users/hp/practica1-api2/vendor/laravel/framework/src/Illuminate/Database/Connection.php(561): Illuminate/Database/Connection->affectingStatement('delete from `pr...', Array)
#3 C:/Users/hp/practica1-api2/vendor/laravel/framework/src/Illuminate/Database/Query/Builder.php(4426): Illuminate/Database/Connection->delete('delete from `pr...', Array)
#4 C:/Users/hp/practica1-api2/vendor/laravel/framework/src/Illuminate/Database/Eloquent/Builder.php(1480): Illuminate/Database/Query/Builder->delete()
#5 C:/Users/hp/practica1-api2/vendor/laravel/framework/src/Illuminate/Database/Eloquent/Model.php(1578): Illuminate/Database/Eloquent/Builder->delete()
#6 C:/Users/hp/practica1-api2/vendor/laravel/framework/src/Illuminate/Database/Eloquent/Model.php(1510): Illuminate/Database/Eloquent/Model->performDeleteOnModel()
#7 C:/Users/hp/practica1-api2/app/Http/Controllers/Api/V1/ProductoController.php(140): Illuminate/Database/Eloquent/Model->delete()
#8 C:/Users/hp/practica1-api2/vendor/laravel/framework/src/Illuminate/Routing/ControllerDispatcher.php(46): App/Http/Controllers/Api/V1/ProductoController->destroy('1')
#9 C:/Users/hp/practica1-api2/vendor/laravel/framework/src/Illuminate/Routing/Route.php(265): Illuminate/Routing/ControllerDispatcher->dispatch(Object(Illuminate/Routing/Route), Object(App/Http/Controllers/Api/V1/ProductoController), 'destroy')
#10 C:/Users/hp/practica1-api2/vendor/laravel/framework/src/Illuminate/Routing/Route.php(211): Illuminate/Routing/Route->runController()
#11 C:/Users/hp/practica1-api2/vendor/laravel/framework/src/Illuminate/Routing/Router.php(822): Illuminate/Routing/Route->run()
#12 C:/Users/hp/practica1-api2/vendor/laravel/framework/src/Illuminate/Pipeline/Pipeline.php(180): Illuminate/Routing/Router->Illuminate/Routing/{closure}(Object(Illuminate/Http/Request))
#13 C:/Users/hp/practica1-api2/vendor/laravel/framework/src/Illuminate/Routing/Middleware/SubstituteBindings.php(50): Illuminate/Pipeline/Pipeline->Illuminate/Pipeline/{closure}(Object(Illuminate/Http/Request))
#14 C:/Users/hp/practica1-api2/vendor/laravel/framework/src/Illuminate/Pipeline/Pipeline.php(219): Illuminate/Routing/Middleware/SubstituteBindings->handle(Object(Illuminate/Http/Request), Object(Closure))
#15 C:/Users/hp/practica1-api2/vendor/laravel/framework/src/Illuminate/Auth/Middleware/Authenticate.php(63): Illuminate/Pipeline/Pipeline->Illuminate/Pipeline/{closure}(Object(Illuminate/Http/Request))
#16 C:/Users/hp/practica1-api2/vendor/laravel/framework/src/Illuminate/Pipeline/Pipeline.php(219): Illuminate/Auth/Middleware/Authenticate->handle(Object(Illuminate/Http/Request), Object(Closure), 'sanctum')
#17 C:/Users/hp/practica1-api2/vendor/laravel/framework/src/Illuminate/Pipeline/Pipeline.php(137): Illuminate/Pipeline/Pipeline->Illuminate/Pipeline/{closure}(Object(Illuminate/Http/Request))
#18 C:/Users/hp/practica1-api2/vendor/laravel/framework/src/Illuminate/Routing/Router.php(821): Illuminate/Pipeline/Pipeline->then(Object(Closure))
#19 C:/Users/hp/practica1-api2/vendor/laravel/framework/src/Illuminate/Routing/Router.php(800): Illuminate/Routing/Router->runRouteWithinStack(Object(Illuminate/Routing/Route), Object(Illuminate/Http/Request))
#20 C:/Users/hp/practica1-api2/vendor/laravel/framework/src/Illuminate/Routing/Router.php(764): Illuminate/Routing/Router->runRoute(Object(Illuminate/Http/Request), Object(Illuminate/Routing/Route))
#21 C:/Users/hp/practica1-api2/vendor/laravel/framework/src/Illuminate/Routing/Router.php(753): Illuminate/Routing/Router->dispatchToRoute(Object(Illuminate/Http/Request))
#22 C:/Users/hp/practica1-api2/vendor/laravel/framework/src/Illuminate/Foundation/Http/Kernel.php(200): Illuminate/Routing/Router->dispatch(Object(Illuminate/Http/Request))
#23 C:/Users/hp/practica1-api2/vendor/laravel/framework/src/Illuminate/Pipeline/Pipeline.php(180): Illuminate/Foundation/Http/Kernel->Illuminate/Foundation/Http/{closure}(Object(Illuminate/Http/Request))
#24 C:/Users/hp/practica1-api2/vendor/laravel/framework/src/Illuminate/Foundation/Http/Middleware/TransformsRequest.php(21): Illuminate/Pipeline/Pipeline->Illuminate/Pipeline/{closure}(Object(Illuminate/Http/Request))
#25 C:/Users/hp/practica1-api2/vendor/laravel/framework/src/Illuminate/Foundation/Http/Middleware/ConvertEmptyStringsToNull.php(31): Illuminate/Foundation/Http/Middleware/TransformsRequest->handle(Object(Illuminate/Http/Request), Object(Closure))
#26 C:/Users/hp/practica1-api2/vendor/laravel/framework/src/Illuminate/Pipeline/Pipeline.php(219): Illuminate/Foundation/Http/Middleware/ConvertEmptyStringsToNull->handle(Object(Illuminate/Http/Request), Object(Closure))
#27 C:/Users/hp/practica1-api2/vendor/laravel/framework/src/Illuminate/Foundation/Http/Middleware/TransformsRequest.php(21): Illuminate/Pipeline/Pipeline->Illuminate/Pipeline/{closure}(Object(Illuminate/Http/Request))
#28 C:/Users/hp/practica1-api2/vendor/laravel/framework/src/Illuminate/Foundation/Http/Middleware/TrimStrings.php(51): Illuminate/Foundation/Http/Middleware/TransformsRequest->handle(Object(Illuminate/Http/Request), Object(Closure))
#29 C:/Users/hp/practica1-api2/vendor/laravel/framework/src/Illuminate/Pipeline/Pipeline.php(219): Illuminate/Foundation/Http/Middleware/TrimStrings->handle(Object(Illuminate/Http/Request), Object(Closure))
#30 C:/Users/hp/practica1-api2/vendor/laravel/framework/src/Illuminate/Http/Middleware/ValidatePostSize.php(27): Illuminate/Pipeline/Pipeline->Illuminate/Pipeline/{closure}(Object(Illuminate/Http/Request))
#31 C:/Users/hp/practica1-api2/vendor/laravel/framework/src/Illuminate/Pipeline/Pipeline.php(219): Illuminate/Http/Middleware/ValidatePostSize->handle(Object(Illuminate/Http/Request), Object(Closure))
#32 C:/Users/hp/practica1-api2/vendor/laravel/framework/src/Illuminate/Foundation/Http/Middleware/PreventRequestsDuringMaintenance.php(109): Illuminate/Pipeline/Pipeline->Illuminate/Pipeline/{closure}(Object(Illuminate/Http/Request))
#33 C:/Users/hp/practica1-api2/vendor/laravel/framework/src/Illuminate/Pipeline/Pipeline.php(219): Illuminate/Foundation/Http/Middleware/PreventRequestsDuringMaintenance->handle(Object(Illuminate/Http/Request), Object(Closure))
#34 C:/Users/hp/practica1-api2/vendor/laravel/framework/src/Illuminate/Http/Middleware/HandleCors.php(74): Illuminate/Pipeline/Pipeline->Illuminate/Pipeline/{closure}(Object(Illuminate/Http/Request))
#35 C:/Users/hp/practica1-api2/vendor/laravel/framework/src/Illuminate/Pipeline/Pipeline.php(219): Illuminate/Http/Middleware/HandleCors->handle(Object(Illuminate/Http/Request), Object(Closure))
#36 C:/Users/hp/practica1-api2/vendor/laravel/framework/src/Illuminate/Http/Middleware/TrustProxies.php(58): Illuminate/Pipeline/Pipeline->Illuminate/Pipeline/{closure}(Object(Illuminate/Http/Request))
#37 C:/Users/hp/practica1-api2/vendor/laravel/framework/src/Illuminate/Pipeline/Pipeline.php(219): Illuminate/Http/Middleware/TrustProxies->handle(Object(Illuminate/Http/Request), Object(Closure))
#38 C:/Users/hp/practica1-api2/vendor/laravel/framework/src/Illuminate/Foundation/Http/Middleware/InvokeDeferredCallbacks.php(22): Illuminate/Pipeline/Pipeline->Illuminate/Pipeline/{closure}(Object(Illuminate/Http/Request))
#39 C:/Users/hp/practica1-api2/vendor/laravel/framework/src/Illuminate/Pipeline/Pipeline.php(219): Illuminate/Foundation/Http/Middleware/InvokeDeferredCallbacks->handle(Object(Illuminate/Http/Request), Object(Closure))
#40 C:/Users/hp/practica1-api2/vendor/laravel/framework/src/Illuminate/Http/Middleware/ValidatePathEncoding.php(26): Illuminate/Pipeline/Pipeline->Illuminate/Pipeline/{closure}(Object(Illuminate/Http/Request))
#41 C:/Users/hp/practica1-api2/vendor/laravel/framework/src/Illuminate/Pipeline/Pipeline.php(219): Illuminate/Http/Middleware/ValidatePathEncoding->handle(Object(Illuminate/Http/Request), Object(Closure))
#42 C:/Users/hp/practica1-api2/vendor/laravel/framework/src/Illuminate/Pipeline/Pipeline.php(137): Illuminate/Pipeline/Pipeline->Illuminate/Pipeline/{closure}(Object(Illuminate/Http/Request))
#43 C:/Users/hp/practica1-api2/vendor/laravel/framework/src/Illuminate/Foundation/Http/Kernel.php(175): Illuminate/Pipeline/Pipeline->then(Object(Closure))
#44 C:/Users/hp/practica1-api2/vendor/laravel/framework/src/Illuminate/Foundation/Http/Kernel.php(144): Illuminate/Foundation/Http/Kernel->sendRequestThroughRouter(Object(Illuminate/Http/Request))
#45 C:/Users/hp/practica1-api2/vendor/laravel/framework/src/Illuminate/Foundation/Application.php(1220): Illuminate/Foundation/Http/Kernel->handle(Object(Illuminate/Http/Request))
#46 C:/Users/hp/practica1-api2/public/index.php(20): Illuminate/Foundation/Application->handleRequest(Object(Illuminate/Http/Request))
#47 C:/Users/hp/practica1-api2/vendor/laravel/framework/src/Illuminate/Foundation/resources/server.php(23): require_once('C://Users//hp//pra...')
#48 {main}

[previous exception] [object] (PDOException(code: 23000): SQLSTATE[23000]: Integrity constraint violation: 1451 Cannot delete or update a parent row: a foreign key constraint fails (`practica`.`pedido_items`, CONSTRAINT `pedido_items_producto_id_foreign` FOREIGN KEY (`producto_id`) REFERENCES `productos` (`id`)) at C:/Users/hp/practica1-api2/vendor/laravel/framework/src/Illuminate/Database/Connection.php:609)
[stacktrace]
#0 C:/Users/hp/practica1-api2/vendor/laravel/framework/src/Illuminate/Database/Connection.php(609): PDOStatement->execute()
#1 C:/Users/hp/practica1-api2/vendor/laravel/framework/src/Illuminate/Database/Connection.php(827): Illuminate/Database/Connection->Illuminate/Database/{closure}('delete from `pr...', Array)
#2 C:/Users/hp/practica1-api2/vendor/laravel/framework/src/Illuminate/Database/Connection.php(794): Illuminate/Database/Connection->runQueryCallback('delete from `pr...', Array, Object(Closure))
#3 C:/Users/hp/practica1-api2/vendor/laravel/framework/src/Illuminate/Database/Connection.php(597): Illuminate/Database/Connection->run('delete from `pr...', Array, Object(Closure))
#4 C:/Users/hp/practica1-api2/vendor/laravel/framework/src/Illuminate/Database/Connection.php(561): Illuminate/Database/Connection->affectingStatement('delete from `pr...', Array)
#5 C:/Users/hp/practica1-api2/vendor/laravel/framework/src/Illuminate/Database/Query/Builder.php(4426): Illuminate/Database/Connection->delete('delete from `pr...', Array)
#6 C:/Users/hp/practica1-api2/vendor/laravel/framework/src/Illuminate/Database/Eloquent/Builder.php(1480): Illuminate/Database/Query/Builder->delete()
#7 C:/Users/hp/practica1-api2/vendor/laravel/framework/src/Illuminate/Database/Eloquent/Model.php(1578): Illuminate/Database/Eloquent/Builder->delete()
#8 C:/Users/hp/practica1-api2/vendor/laravel/framework/src/Illuminate/Database/Eloquent/Model.php(1510): Illuminate/Database/Eloquent/Model->performDeleteOnModel()
#9 C:/Users/hp/practica1-api2/app/Http/Controllers/Api/V1/ProductoController.php(140): Illuminate/Database/Eloquent/Model->delete()
#10 C:/Users/hp/practica1-api2/vendor/laravel/framework/src/Illuminate/Routing/ControllerDispatcher.php(46): App/Http/Controllers/Api/V1/ProductoController->destroy('1')
#11 C:/Users/hp/practica1-api2/vendor/laravel/framework/src/Illuminate/Routing/Route.php(265): Illuminate/Routing/ControllerDispatcher->dispatch(Object(Illuminate/Routing/Route), Object(App/Http/Controllers/Api/V1/ProductoController), 'destroy')
#12 C:/Users/hp/practica1-api2/vendor/laravel/framework/src/Illuminate/Routing/Route.php(211): Illuminate/Routing/Route->runController()
#13 C:/Users/hp/practica1-api2/vendor/laravel/framework/src/Illuminate/Routing/Router.php(822): Illuminate/Routing/Route->run()
#14 C:/Users/hp/practica1-api2/vendor/laravel/framework/src/Illuminate/Pipeline/Pipeline.php(180): Illuminate/Routing/Router->Illuminate/Routing/{closure}(Object(Illuminate/Http/Request))
#15 C:/Users/hp/practica1-api2/vendor/laravel/framework/src/Illuminate/Routing/Middleware/SubstituteBindings.php(50): Illuminate/Pipeline/Pipeline->Illuminate/Pipeline/{closure}(Object(Illuminate/Http/Request))
#16 C:/Users/hp/practica1-api2/vendor/laravel/framework/src/Illuminate/Pipeline/Pipeline.php(219): Illuminate/Routing/Middleware/SubstituteBindings->handle(Object(Illuminate/Http/Request), Object(Closure))
#17 C:/Users/hp/practica1-api2/vendor/laravel/framework/src/Illuminate/Auth/Middleware/Authenticate.php(63): Illuminate/Pipeline/Pipeline->Illuminate/Pipeline/{closure}(Object(Illuminate/Http/Request))
#18 C:/Users/hp/practica1-api2/vendor/laravel/framework/src/Illuminate/Pipeline/Pipeline.php(219): Illuminate/Auth/Middleware/Authenticate->handle(Object(Illuminate/Http/Request), Object(Closure), 'sanctum')
#19 C:/Users/hp/practica1-api2/vendor/laravel/framework/src/Illuminate/Pipeline/Pipeline.php(137): Illuminate/Pipeline/Pipeline->Illuminate/Pipeline/{closure}(Object(Illuminate/Http/Request))
#20 C:/Users/hp/practica1-api2/vendor/laravel/framework/src/Illuminate/Routing/Router.php(821): Illuminate/Pipeline/Pipeline->then(Object(Closure))
#21 C:/Users/hp/practica1-api2/vendor/laravel/framework/src/Illuminate/Routing/Router.php(800): Illuminate/Routing/Router->runRouteWithinStack(Object(Illuminate/Routing/Route), Object(Illuminate/Http/Request))
#22 C:/Users/hp/practica1-api2/vendor/laravel/framework/src/Illuminate/Routing/Router.php(764): Illuminate/Routing/Router->runRoute(Object(Illuminate/Http/Request), Object(Illuminate/Routing/Route))
#23 C:/Users/hp/practica1-api2/vendor/laravel/framework/src/Illuminate/Routing/Router.php(753): Illuminate/Routing/Router->dispatchToRoute(Object(Illuminate/Http/Request))
#24 C:/Users/hp/practica1-api2/vendor/laravel/framework/src/Illuminate/Foundation/Http/Kernel.php(200): Illuminate/Routing/Router->dispatch(Object(Illuminate/Http/Request))
#25 C:/Users/hp/practica1-api2/vendor/laravel/framework/src/Illuminate/Pipeline/Pipeline.php(180): Illuminate/Foundation/Http/Kernel->Illuminate/Foundation/Http/{closure}(Object(Illuminate/Http/Request))
#26 C:/Users/hp/practica1-api2/vendor/laravel/framework/src/Illuminate/Foundation/Http/Middleware/TransformsRequest.php(21): Illuminate/Pipeline/Pipeline->Illuminate/Pipeline/{closure}(Object(Illuminate/Http/Request))
#27 C:/Users/hp/practica1-api2/vendor/laravel/framework/src/Illuminate/Foundation/Http/Middleware/ConvertEmptyStringsToNull.php(31): Illuminate/Foundation/Http/Middleware/TransformsRequest->handle(Object(Illuminate/Http/Request), Object(Closure))
#28 C:/Users/hp/practica1-api2/vendor/laravel/framework/src/Illuminate/Pipeline/Pipeline.php(219): Illuminate/Foundation/Http/Middleware/ConvertEmptyStringsToNull->handle(Object(Illuminate/Http/Request), Object(Closure))
#29 C:/Users/hp/practica1-api2/vendor/laravel/framework/src/Illuminate/Foundation/Http/Middleware/TransformsRequest.php(21): Illuminate/Pipeline/Pipeline->Illuminate/Pipeline/{closure}(Object(Illuminate/Http/Request))
#30 C:/Users/hp/practica1-api2/vendor/laravel/framework/src/Illuminate/Foundation/Http/Middleware/TrimStrings.php(51): Illuminate/Foundation/Http/Middleware/TransformsRequest->handle(Object(Illuminate/Http/Request), Object(Closure))
#31 C:/Users/hp/practica1-api2/vendor/laravel/framework/src/Illuminate/Pipeline/Pipeline.php(219): Illuminate/Foundation/Http/Middleware/TrimStrings->handle(Object(Illuminate/Http/Request), Object(Closure))
#32 C:/Users/hp/practica1-api2/vendor/laravel/framework/src/Illuminate/Http/Middleware/ValidatePostSize.php(27): Illuminate/Pipeline/Pipeline->Illuminate/Pipeline/{closure}(Object(Illuminate/Http/Request))
#33 C:/Users/hp/practica1-api2/vendor/laravel/framework/src/Illuminate/Pipeline/Pipeline.php(219): Illuminate/Http/Middleware/ValidatePostSize->handle(Object(Illuminate/Http/Request), Object(Closure))
#34 C:/Users/hp/practica1-api2/vendor/laravel/framework/src/Illuminate/Foundation/Http/Middleware/PreventRequestsDuringMaintenance.php(109): Illuminate/Pipeline/Pipeline->Illuminate/Pipeline/{closure}(Object(Illuminate/Http/Request))
#35 C:/Users/hp/practica1-api2/vendor/laravel/framework/src/Illuminate/Pipeline/Pipeline.php(219): Illuminate/Foundation/Http/Middleware/PreventRequestsDuringMaintenance->handle(Object(Illuminate/Http/Request), Object(Closure))
#36 C:/Users/hp/practica1-api2/vendor/laravel/framework/src/Illuminate/Http/Middleware/HandleCors.php(74): Illuminate/Pipeline/Pipeline->Illuminate/Pipeline/{closure}(Object(Illuminate/Http/Request))
#37 C:/Users/hp/practica1-api2/vendor/laravel/framework/src/Illuminate/Pipeline/Pipeline.php(219): Illuminate/Http/Middleware/HandleCors->handle(Object(Illuminate/Http/Request), Object(Closure))
#38 C:/Users/hp/practica1-api2/vendor/laravel/framework/src/Illuminate/Http/Middleware/TrustProxies.php(58): Illuminate/Pipeline/Pipeline->Illuminate/Pipeline/{closure}(Object(Illuminate/Http/Request))
#39 C:/Users/hp/practica1-api2/vendor/laravel/framework/src/Illuminate/Pipeline/Pipeline.php(219): Illuminate/Http/Middleware/TrustProxies->handle(Object(Illuminate/Http/Request), Object(Closure))
#40 C:/Users/hp/practica1-api2/vendor/laravel/framework/src/Illuminate/Foundation/Http/Middleware/InvokeDeferredCallbacks.php(22): Illuminate/Pipeline/Pipeline->Illuminate/Pipeline/{closure}(Object(Illuminate/Http/Request))
#41 C:/Users/hp/practica1-api2/vendor/laravel/framework/src/Illuminate/Pipeline/Pipeline.php(219): Illuminate/Foundation/Http/Middleware/InvokeDeferredCallbacks->handle(Object(Illuminate/Http/Request), Object(Closure))
#42 C:/Users/hp/practica1-api2/vendor/laravel/framework/src/Illuminate/Http/Middleware/ValidatePathEncoding.php(26): Illuminate/Pipeline/Pipeline->Illuminate/Pipeline/{closure}(Object(Illuminate/Http/Request))
#43 C:/Users/hp/practica1-api2/vendor/laravel/framework/src/Illuminate/Pipeline/Pipeline.php(219): Illuminate/Http/Middleware/ValidatePathEncoding->handle(Object(Illuminate/Http/Request), Object(Closure))
#44 C:/Users/hp/practica1-api2/vendor/laravel/framework/src/Illuminate/Pipeline/Pipeline.php(137): Illuminate/Pipeline/Pipeline->Illuminate/Pipeline/{closure}(Object(Illuminate/Http/Request))
#45 C:/Users/hp/practica1-api2/vendor/laravel/framework/src/Illuminate/Foundation/Http/Kernel.php(175): Illuminate/Pipeline/Pipeline->then(Object(Closure))
#46 C:/Users/hp/practica1-api2/vendor/laravel/framework/src/Illuminate/Foundation/Http/Kernel.php(144): Illuminate/Foundation/Http/Kernel->sendRequestThroughRouter(Object(Illuminate/Http/Request))
#47 C:/Users/hp/practica1-api2/vendor/laravel/framework/src/Illuminate/Foundation/Application.php(1220): Illuminate/Foundation/Http/Kernel->handle(Object(Illuminate/Http/Request))
#48 C:/Users/hp/practica1-api2/public/index.php(20): Illuminate/Foundation/Application->handleRequest(Object(Illuminate/Http/Request))
#49 C:/Users/hp/practica1-api2/vendor/laravel/framework/src/Illuminate/Foundation/resources/server.php(23): require_once('C://Users//hp//pra...')
#50 {main}
"} 
[2026-06-14 22:00:19] local.ERROR: SQLSTATE[23000]: Integrity constraint violation: 1451 Cannot delete or update a parent row: a foreign key constraint fails (`practica`.`pedido_items`, CONSTRAINT `pedido_items_producto_id_foreign` FOREIGN KEY (`producto_id`) REFERENCES `productos` (`id`)) (Connection: mysql, Host: 127.0.0.1, Port: 3306, Database: practica, SQL: delete from `productos` where `id` = 1) {"userId":7,"exception":"[object] (Illuminate\\Database\\QueryException(code: 23000): SQLSTATE[23000]: Integrity constraint violation: 1451 Cannot delete or update a parent row: a foreign key constraint fails (`practica`.`pedido_items`, CONSTRAINT `pedido_items_producto_id_foreign` FOREIGN KEY (`producto_id`) REFERENCES `productos` (`id`)) (Connection: mysql, Host: 127.0.0.1, Port: 3306, Database: practica, SQL: delete from `productos` where `id` = 1) at C:/Users/hp/practica1-api2/vendor/laravel/framework/src/Illuminate/Database/Connection.php:838)
[stacktrace]
#0 C:/Users/hp/practica1-api2/vendor/laravel/framework/src/Illuminate/Database/Connection.php(794): Illuminate/Database/Connection->runQueryCallback('delete from `pr...', Array, Object(Closure))
#1 C:/Users/hp/practica1-api2/vendor/laravel/framework/src/Illuminate/Database/Connection.php(597): Illuminate/Database/Connection->run('delete from `pr...', Array, Object(Closure))
#2 C:/Users/hp/practica1-api2/vendor/laravel/framework/src/Illuminate/Database/Connection.php(561): Illuminate/Database/Connection->affectingStatement('delete from `pr...', Array)
#3 C:/Users/hp/practica1-api2/vendor/laravel/framework/src/Illuminate/Database/Query/Builder.php(4426): Illuminate/Database/Connection->delete('delete from `pr...', Array)
#4 C:/Users/hp/practica1-api2/vendor/laravel/framework/src/Illuminate/Database/Eloquent/Builder.php(1480): Illuminate/Database/Query/Builder->delete()
#5 C:/Users/hp/practica1-api2/vendor/laravel/framework/src/Illuminate/Database/Eloquent/Model.php(1578): Illuminate/Database/Eloquent/Builder->delete()
#6 C:/Users/hp/practica1-api2/vendor/laravel/framework/src/Illuminate/Database/Eloquent/Model.php(1510): Illuminate/Database/Eloquent/Model->performDeleteOnModel()
#7 C:/Users/hp/practica1-api2/app/Http/Controllers/Api/V1/ProductoController.php(140): Illuminate/Database/Eloquent/Model->delete()
#8 C:/Users/hp/practica1-api2/vendor/laravel/framework/src/Illuminate/Routing/ControllerDispatcher.php(46): App/Http/Controllers/Api/V1/ProductoController->destroy('1')
#9 C:/Users/hp/practica1-api2/vendor/laravel/framework/src/Illuminate/Routing/Route.php(265): Illuminate/Routing/ControllerDispatcher->dispatch(Object(Illuminate/Routing/Route), Object(App/Http/Controllers/Api/V1/ProductoController), 'destroy')
#10 C:/Users/hp/practica1-api2/vendor/laravel/framework/src/Illuminate/Routing/Route.php(211): Illuminate/Routing/Route->runController()
#11 C:/Users/hp/practica1-api2/vendor/laravel/framework/src/Illuminate/Routing/Router.php(822): Illuminate/Routing/Route->run()
#12 C:/Users/hp/practica1-api2/vendor/laravel/framework/src/Illuminate/Pipeline/Pipeline.php(180): Illuminate/Routing/Router->Illuminate/Routing/{closure}(Object(Illuminate/Http/Request))
#13 C:/Users/hp/practica1-api2/vendor/laravel/framework/src/Illuminate/Routing/Middleware/SubstituteBindings.php(50): Illuminate/Pipeline/Pipeline->Illuminate/Pipeline/{closure}(Object(Illuminate/Http/Request))
#14 C:/Users/hp/practica1-api2/vendor/laravel/framework/src/Illuminate/Pipeline/Pipeline.php(219): Illuminate/Routing/Middleware/SubstituteBindings->handle(Object(Illuminate/Http/Request), Object(Closure))
#15 C:/Users/hp/practica1-api2/vendor/laravel/framework/src/Illuminate/Auth/Middleware/Authenticate.php(63): Illuminate/Pipeline/Pipeline->Illuminate/Pipeline/{closure}(Object(Illuminate/Http/Request))
#16 C:/Users/hp/practica1-api2/vendor/laravel/framework/src/Illuminate/Pipeline/Pipeline.php(219): Illuminate/Auth/Middleware/Authenticate->handle(Object(Illuminate/Http/Request), Object(Closure), 'sanctum')
#17 C:/Users/hp/practica1-api2/vendor/laravel/framework/src/Illuminate/Pipeline/Pipeline.php(137): Illuminate/Pipeline/Pipeline->Illuminate/Pipeline/{closure}(Object(Illuminate/Http/Request))
#18 C:/Users/hp/practica1-api2/vendor/laravel/framework/src/Illuminate/Routing/Router.php(821): Illuminate/Pipeline/Pipeline->then(Object(Closure))
#19 C:/Users/hp/practica1-api2/vendor/laravel/framework/src/Illuminate/Routing/Router.php(800): Illuminate/Routing/Router->runRouteWithinStack(Object(Illuminate/Routing/Route), Object(Illuminate/Http/Request))
#20 C:/Users/hp/practica1-api2/vendor/laravel/framework/src/Illuminate/Routing/Router.php(764): Illuminate/Routing/Router->runRoute(Object(Illuminate/Http/Request), Object(Illuminate/Routing/Route))
#21 C:/Users/hp/practica1-api2/vendor/laravel/framework/src/Illuminate/Routing/Router.php(753): Illuminate/Routing/Router->dispatchToRoute(Object(Illuminate/Http/Request))
#22 C:/Users/hp/practica1-api2/vendor/laravel/framework/src/Illuminate/Foundation/Http/Kernel.php(200): Illuminate/Routing/Router->dispatch(Object(Illuminate/Http/Request))
#23 C:/Users/hp/practica1-api2/vendor/laravel/framework/src/Illuminate/Pipeline/Pipeline.php(180): Illuminate/Foundation/Http/Kernel->Illuminate/Foundation/Http/{closure}(Object(Illuminate/Http/Request))
#24 C:/Users/hp/practica1-api2/vendor/laravel/framework/src/Illuminate/Foundation/Http/Middleware/TransformsRequest.php(21): Illuminate/Pipeline/Pipeline->Illuminate/Pipeline/{closure}(Object(Illuminate/Http/Request))
#25 C:/Users/hp/practica1-api2/vendor/laravel/framework/src/Illuminate/Foundation/Http/Middleware/ConvertEmptyStringsToNull.php(31): Illuminate/Foundation/Http/Middleware/TransformsRequest->handle(Object(Illuminate/Http/Request), Object(Closure))
#26 C:/Users/hp/practica1-api2/vendor/laravel/framework/src/Illuminate/Pipeline/Pipeline.php(219): Illuminate/Foundation/Http/Middleware/ConvertEmptyStringsToNull->handle(Object(Illuminate/Http/Request), Object(Closure))
#27 C:/Users/hp/practica1-api2/vendor/laravel/framework/src/Illuminate/Foundation/Http/Middleware/TransformsRequest.php(21): Illuminate/Pipeline/Pipeline->Illuminate/Pipeline/{closure}(Object(Illuminate/Http/Request))
#28 C:/Users/hp/practica1-api2/vendor/laravel/framework/src/Illuminate/Foundation/Http/Middleware/TrimStrings.php(51): Illuminate/Foundation/Http/Middleware/TransformsRequest->handle(Object(Illuminate/Http/Request), Object(Closure))
#29 C:/Users/hp/practica1-api2/vendor/laravel/framework/src/Illuminate/Pipeline/Pipeline.php(219): Illuminate/Foundation/Http/Middleware/TrimStrings->handle(Object(Illuminate/Http/Request), Object(Closure))
#30 C:/Users/hp/practica1-api2/vendor/laravel/framework/src/Illuminate/Http/Middleware/ValidatePostSize.php(27): Illuminate/Pipeline/Pipeline->Illuminate/Pipeline/{closure}(Object(Illuminate/Http/Request))
#31 C:/Users/hp/practica1-api2/vendor/laravel/framework/src/Illuminate/Pipeline/Pipeline.php(219): Illuminate/Http/Middleware/ValidatePostSize->handle(Object(Illuminate/Http/Request), Object(Closure))
#32 C:/Users/hp/practica1-api2/vendor/laravel/framework/src/Illuminate/Foundation/Http/Middleware/PreventRequestsDuringMaintenance.php(109): Illuminate/Pipeline/Pipeline->Illuminate/Pipeline/{closure}(Object(Illuminate/Http/Request))
#33 C:/Users/hp/practica1-api2/vendor/laravel/framework/src/Illuminate/Pipeline/Pipeline.php(219): Illuminate/Foundation/Http/Middleware/PreventRequestsDuringMaintenance->handle(Object(Illuminate/Http/Request), Object(Closure))
#34 C:/Users/hp/practica1-api2/vendor/laravel/framework/src/Illuminate/Http/Middleware/HandleCors.php(74): Illuminate/Pipeline/Pipeline->Illuminate/Pipeline/{closure}(Object(Illuminate/Http/Request))
#35 C:/Users/hp/practica1-api2/vendor/laravel/framework/src/Illuminate/Pipeline/Pipeline.php(219): Illuminate/Http/Middleware/HandleCors->handle(Object(Illuminate/Http/Request), Object(Closure))
#36 C:/Users/hp/practica1-api2/vendor/laravel/framework/src/Illuminate/Http/Middleware/TrustProxies.php(58): Illuminate/Pipeline/Pipeline->Illuminate/Pipeline/{closure}(Object(Illuminate/Http/Request))
#37 C:/Users/hp/practica1-api2/vendor/laravel/framework/src/Illuminate/Pipeline/Pipeline.php(219): Illuminate/Http/Middleware/TrustProxies->handle(Object(Illuminate/Http/Request), Object(Closure))
#38 C:/Users/hp/practica1-api2/vendor/laravel/framework/src/Illuminate/Foundation/Http/Middleware/InvokeDeferredCallbacks.php(22): Illuminate/Pipeline/Pipeline->Illuminate/Pipeline/{closure}(Object(Illuminate/Http/Request))
#39 C:/Users/hp/practica1-api2/vendor/laravel/framework/src/Illuminate/Pipeline/Pipeline.php(219): Illuminate/Foundation/Http/Middleware/InvokeDeferredCallbacks->handle(Object(Illuminate/Http/Request), Object(Closure))
#40 C:/Users/hp/practica1-api2/vendor/laravel/framework/src/Illuminate/Http/Middleware/ValidatePathEncoding.php(26): Illuminate/Pipeline/Pipeline->Illuminate/Pipeline/{closure}(Object(Illuminate/Http/Request))
#41 C:/Users/hp/practica1-api2/vendor/laravel/framework/src/Illuminate/Pipeline/Pipeline.php(219): Illuminate/Http/Middleware/ValidatePathEncoding->handle(Object(Illuminate/Http/Request), Object(Closure))
#42 C:/Users/hp/practica1-api2/vendor/laravel/framework/src/Illuminate/Pipeline/Pipeline.php(137): Illuminate/Pipeline/Pipeline->Illuminate/Pipeline/{closure}(Object(Illuminate/Http/Request))
#43 C:/Users/hp/practica1-api2/vendor/laravel/framework/src/Illuminate/Foundation/Http/Kernel.php(175): Illuminate/Pipeline/Pipeline->then(Object(Closure))
#44 C:/Users/hp/practica1-api2/vendor/laravel/framework/src/Illuminate/Foundation/Http/Kernel.php(144): Illuminate/Foundation/Http/Kernel->sendRequestThroughRouter(Object(Illuminate/Http/Request))
#45 C:/Users/hp/practica1-api2/vendor/laravel/framework/src/Illuminate/Foundation/Application.php(1220): Illuminate/Foundation/Http/Kernel->handle(Object(Illuminate/Http/Request))
#46 C:/Users/hp/practica1-api2/public/index.php(20): Illuminate/Foundation/Application->handleRequest(Object(Illuminate/Http/Request))
#47 C:/Users/hp/practica1-api2/vendor/laravel/framework/src/Illuminate/Foundation/resources/server.php(23): require_once('C://Users//hp//pra...')
#48 {main}

[previous exception] [object] (PDOException(code: 23000): SQLSTATE[23000]: Integrity constraint violation: 1451 Cannot delete or update a parent row: a foreign key constraint fails (`practica`.`pedido_items`, CONSTRAINT `pedido_items_producto_id_foreign` FOREIGN KEY (`producto_id`) REFERENCES `productos` (`id`)) at C:/Users/hp/practica1-api2/vendor/laravel/framework/src/Illuminate/Database/Connection.php:609)
[stacktrace]
#0 C:/Users/hp/practica1-api2/vendor/laravel/framework/src/Illuminate/Database/Connection.php(609): PDOStatement->execute()
#1 C:/Users/hp/practica1-api2/vendor/laravel/framework/src/Illuminate/Database/Connection.php(827): Illuminate/Database/Connection->Illuminate/Database/{closure}('delete from `pr...', Array)
#2 C:/Users/hp/practica1-api2/vendor/laravel/framework/src/Illuminate/Database/Connection.php(794): Illuminate/Database/Connection->runQueryCallback('delete from `pr...', Array, Object(Closure))
#3 C:/Users/hp/practica1-api2/vendor/laravel/framework/src/Illuminate/Database/Connection.php(597): Illuminate/Database/Connection->run('delete from `pr...', Array, Object(Closure))
#4 C:/Users/hp/practica1-api2/vendor/laravel/framework/src/Illuminate/Database/Connection.php(561): Illuminate/Database/Connection->affectingStatement('delete from `pr...', Array)
#5 C:/Users/hp/practica1-api2/vendor/laravel/framework/src/Illuminate/Database/Query/Builder.php(4426): Illuminate/Database/Connection->delete('delete from `pr...', Array)
#6 C:/Users/hp/practica1-api2/vendor/laravel/framework/src/Illuminate/Database/Eloquent/Builder.php(1480): Illuminate/Database/Query/Builder->delete()
#7 C:/Users/hp/practica1-api2/vendor/laravel/framework/src/Illuminate/Database/Eloquent/Model.php(1578): Illuminate/Database/Eloquent/Builder->delete()
#8 C:/Users/hp/practica1-api2/vendor/laravel/framework/src/Illuminate/Database/Eloquent/Model.php(1510): Illuminate/Database/Eloquent/Model->performDeleteOnModel()
#9 C:/Users/hp/practica1-api2/app/Http/Controllers/Api/V1/ProductoController.php(140): Illuminate/Database/Eloquent/Model->delete()
#10 C:/Users/hp/practica1-api2/vendor/laravel/framework/src/Illuminate/Routing/ControllerDispatcher.php(46): App/Http/Controllers/Api/V1/ProductoController->destroy('1')
#11 C:/Users/hp/practica1-api2/vendor/laravel/framework/src/Illuminate/Routing/Route.php(265): Illuminate/Routing/ControllerDispatcher->dispatch(Object(Illuminate/Routing/Route), Object(App/Http/Controllers/Api/V1/ProductoController), 'destroy')
#12 C:/Users/hp/practica1-api2/vendor/laravel/framework/src/Illuminate/Routing/Route.php(211): Illuminate/Routing/Route->runController()
#13 C:/Users/hp/practica1-api2/vendor/laravel/framework/src/Illuminate/Routing/Router.php(822): Illuminate/Routing/Route->run()
#14 C:/Users/hp/practica1-api2/vendor/laravel/framework/src/Illuminate/Pipeline/Pipeline.php(180): Illuminate/Routing/Router->Illuminate/Routing/{closure}(Object(Illuminate/Http/Request))
#15 C:/Users/hp/practica1-api2/vendor/laravel/framework/src/Illuminate/Routing/Middleware/SubstituteBindings.php(50): Illuminate/Pipeline/Pipeline->Illuminate/Pipeline/{closure}(Object(Illuminate/Http/Request))
#16 C:/Users/hp/practica1-api2/vendor/laravel/framework/src/Illuminate/Pipeline/Pipeline.php(219): Illuminate/Routing/Middleware/SubstituteBindings->handle(Object(Illuminate/Http/Request), Object(Closure))
#17 C:/Users/hp/practica1-api2/vendor/laravel/framework/src/Illuminate/Auth/Middleware/Authenticate.php(63): Illuminate/Pipeline/Pipeline->Illuminate/Pipeline/{closure}(Object(Illuminate/Http/Request))
#18 C:/Users/hp/practica1-api2/vendor/laravel/framework/src/Illuminate/Pipeline/Pipeline.php(219): Illuminate/Auth/Middleware/Authenticate->handle(Object(Illuminate/Http/Request), Object(Closure), 'sanctum')
#19 C:/Users/hp/practica1-api2/vendor/laravel/framework/src/Illuminate/Pipeline/Pipeline.php(137): Illuminate/Pipeline/Pipeline->Illuminate/Pipeline/{closure}(Object(Illuminate/Http/Request))
#20 C:/Users/hp/practica1-api2/vendor/laravel/framework/src/Illuminate/Routing/Router.php(821): Illuminate/Pipeline/Pipeline->then(Object(Closure))
#21 C:/Users/hp/practica1-api2/vendor/laravel/framework/src/Illuminate/Routing/Router.php(800): Illuminate/Routing/Router->runRouteWithinStack(Object(Illuminate/Routing/Route), Object(Illuminate/Http/Request))
#22 C:/Users/hp/practica1-api2/vendor/laravel/framework/src/Illuminate/Routing/Router.php(764): Illuminate/Routing/Router->runRoute(Object(Illuminate/Http/Request), Object(Illuminate/Routing/Route))
#23 C:/Users/hp/practica1-api2/vendor/laravel/framework/src/Illuminate/Routing/Router.php(753): Illuminate/Routing/Router->dispatchToRoute(Object(Illuminate/Http/Request))
#24 C:/Users/hp/practica1-api2/vendor/laravel/framework/src/Illuminate/Foundation/Http/Kernel.php(200): Illuminate/Routing/Router->dispatch(Object(Illuminate/Http/Request))
#25 C:/Users/hp/practica1-api2/vendor/laravel/framework/src/Illuminate/Pipeline/Pipeline.php(180): Illuminate/Foundation/Http/Kernel->Illuminate/Foundation/Http/{closure}(Object(Illuminate/Http/Request))
#26 C:/Users/hp/practica1-api2/vendor/laravel/framework/src/Illuminate/Foundation/Http/Middleware/TransformsRequest.php(21): Illuminate/Pipeline/Pipeline->Illuminate/Pipeline/{closure}(Object(Illuminate/Http/Request))
#27 C:/Users/hp/practica1-api2/vendor/laravel/framework/src/Illuminate/Foundation/Http/Middleware/ConvertEmptyStringsToNull.php(31): Illuminate/Foundation/Http/Middleware/TransformsRequest->handle(Object(Illuminate/Http/Request), Object(Closure))
#28 C:/Users/hp/practica1-api2/vendor/laravel/framework/src/Illuminate/Pipeline/Pipeline.php(219): Illuminate/Foundation/Http/Middleware/ConvertEmptyStringsToNull->handle(Object(Illuminate/Http/Request), Object(Closure))
#29 C:/Users/hp/practica1-api2/vendor/laravel/framework/src/Illuminate/Foundation/Http/Middleware/TransformsRequest.php(21): Illuminate/Pipeline/Pipeline->Illuminate/Pipeline/{closure}(Object(Illuminate/Http/Request))
#30 C:/Users/hp/practica1-api2/vendor/laravel/framework/src/Illuminate/Foundation/Http/Middleware/TrimStrings.php(51): Illuminate/Foundation/Http/Middleware/TransformsRequest->handle(Object(Illuminate/Http/Request), Object(Closure))
#31 C:/Users/hp/practica1-api2/vendor/laravel/framework/src/Illuminate/Pipeline/Pipeline.php(219): Illuminate/Foundation/Http/Middleware/TrimStrings->handle(Object(Illuminate/Http/Request), Object(Closure))
#32 C:/Users/hp/practica1-api2/vendor/laravel/framework/src/Illuminate/Http/Middleware/ValidatePostSize.php(27): Illuminate/Pipeline/Pipeline->Illuminate/Pipeline/{closure}(Object(Illuminate/Http/Request))
#33 C:/Users/hp/practica1-api2/vendor/laravel/framework/src/Illuminate/Pipeline/Pipeline.php(219): Illuminate/Http/Middleware/ValidatePostSize->handle(Object(Illuminate/Http/Request), Object(Closure))
#34 C:/Users/hp/practica1-api2/vendor/laravel/framework/src/Illuminate/Foundation/Http/Middleware/PreventRequestsDuringMaintenance.php(109): Illuminate/Pipeline/Pipeline->Illuminate/Pipeline/{closure}(Object(Illuminate/Http/Request))
#35 C:/Users/hp/practica1-api2/vendor/laravel/framework/src/Illuminate/Pipeline/Pipeline.php(219): Illuminate/Foundation/Http/Middleware/PreventRequestsDuringMaintenance->handle(Object(Illuminate/Http/Request), Object(Closure))
#36 C:/Users/hp/practica1-api2/vendor/laravel/framework/src/Illuminate/Http/Middleware/HandleCors.php(74): Illuminate/Pipeline/Pipeline->Illuminate/Pipeline/{closure}(Object(Illuminate/Http/Request))
#37 C:/Users/hp/practica1-api2/vendor/laravel/framework/src/Illuminate/Pipeline/Pipeline.php(219): Illuminate/Http/Middleware/HandleCors->handle(Object(Illuminate/Http/Request), Object(Closure))
#38 C:/Users/hp/practica1-api2/vendor/laravel/framework/src/Illuminate/Http/Middleware/TrustProxies.php(58): Illuminate/Pipeline/Pipeline->Illuminate/Pipeline/{closure}(Object(Illuminate/Http/Request))
#39 C:/Users/hp/practica1-api2/vendor/laravel/framework/src/Illuminate/Pipeline/Pipeline.php(219): Illuminate/Http/Middleware/TrustProxies->handle(Object(Illuminate/Http/Request), Object(Closure))
#40 C:/Users/hp/practica1-api2/vendor/laravel/framework/src/Illuminate/Foundation/Http/Middleware/InvokeDeferredCallbacks.php(22): Illuminate/Pipeline/Pipeline->Illuminate/Pipeline/{closure}(Object(Illuminate/Http/Request))
#41 C:/Users/hp/practica1-api2/vendor/laravel/framework/src/Illuminate/Pipeline/Pipeline.php(219): Illuminate/Foundation/Http/Middleware/InvokeDeferredCallbacks->handle(Object(Illuminate/Http/Request), Object(Closure))
#42 C:/Users/hp/practica1-api2/vendor/laravel/framework/src/Illuminate/Http/Middleware/ValidatePathEncoding.php(26): Illuminate/Pipeline/Pipeline->Illuminate/Pipeline/{closure}(Object(Illuminate/Http/Request))
#43 C:/Users/hp/practica1-api2/vendor/laravel/framework/src/Illuminate/Pipeline/Pipeline.php(219): Illuminate/Http/Middleware/ValidatePathEncoding->handle(Object(Illuminate/Http/Request), Object(Closure))
#44 C:/Users/hp/practica1-api2/vendor/laravel/framework/src/Illuminate/Pipeline/Pipeline.php(137): Illuminate/Pipeline/Pipeline->Illuminate/Pipeline/{closure}(Object(Illuminate/Http/Request))
#45 C:/Users/hp/practica1-api2/vendor/laravel/framework/src/Illuminate/Foundation/Http/Kernel.php(175): Illuminate/Pipeline/Pipeline->then(Object(Closure))
#46 C:/Users/hp/practica1-api2/vendor/laravel/framework/src/Illuminate/Foundation/Http/Kernel.php(144): Illuminate/Foundation/Http/Kernel->sendRequestThroughRouter(Object(Illuminate/Http/Request))
#47 C:/Users/hp/practica1-api2/vendor/laravel/framework/src/Illuminate/Foundation/Application.php(1220): Illuminate/Foundation/Http/Kernel->handle(Object(Illuminate/Http/Request))
#48 C:/Users/hp/practica1-api2/public/index.php(20): Illuminate/Foundation/Application->handleRequest(Object(Illuminate/Http/Request))
#49 C:/Users/hp/practica1-api2/vendor/laravel/framework/src/Illuminate/Foundation/resources/server.php(23): require_once('C://Users//hp//pra...')
#50 {main}
"} 
[2026-06-14 22:16:29] local.ERROR: SQLSTATE[42S02]: Base table or view not found: 1146 Table 'practica.telescope_entries' doesn't exist (Connection: mysql, Host: 127.0.0.1, Port: 3306, Database: practica, SQL: insert into `telescope_entries` (`batch_id`, `content`, `created_at`, `family_hash`, `type`, `uuid`) values (a20634c7-6d0f-48be-9775-437d54d376e4, {"command":"vendor:publish","exit_code":0,"arguments":{"command":"vendor:publish"},"options":{"existing":false,"force":true,"all":false,"provider":null,"tag":["laravel-assets"],"help":false,"silent":false,"quiet":false,"verbose":false,"version":false,"ansi":true,"no-interaction":false,"env":null},"hostname":"DESKTOP-92CAFHL"}, 2026-06-14 22:16:29, ?, command, a20634c7-0193-4c57-9942-7e4f1eba1246)) {"exception":"[object] (Illuminate\\Database\\QueryException(code: 42S02): SQLSTATE[42S02]: Base table or view not found: 1146 Table 'practica.telescope_entries' doesn't exist (Connection: mysql, Host: 127.0.0.1, Port: 3306, Database: practica, SQL: insert into `telescope_entries` (`batch_id`, `content`, `created_at`, `family_hash`, `type`, `uuid`) values (a20634c7-6d0f-48be-9775-437d54d376e4, {\"command\":\"vendor:publish\",\"exit_code\":0,\"arguments\":{\"command\":\"vendor:publish\"},\"options\":{\"existing\":false,\"force\":true,\"all\":false,\"provider\":null,\"tag\":[\"laravel-assets\"],\"help\":false,\"silent\":false,\"quiet\":false,\"verbose\":false,\"version\":false,\"ansi\":true,\"no-interaction\":false,\"env\":null},\"hostname\":\"DESKTOP-92CAFHL\"}, 2026-06-14 22:16:29, ?, command, a20634c7-0193-4c57-9942-7e4f1eba1246)) at C:/Users/hp/practica1-api2/vendor/laravel/framework/src/Illuminate/Database/Connection.php:838)
[stacktrace]
#0 C:/Users/hp/practica1-api2/vendor/laravel/framework/src/Illuminate/Database/Connection.php(794): Illuminate/Database/Connection->runQueryCallback('insert into `te...', Array, Object(Closure))
#1 C:/Users/hp/practica1-api2/vendor/laravel/framework/src/Illuminate/Database/MySqlConnection.php(42): Illuminate/Database/Connection->run('insert into `te...', Array, Object(Closure))
#2 C:/Users/hp/practica1-api2/vendor/laravel/framework/src/Illuminate/Database/Query/Builder.php(4121): Illuminate/Database/MySqlConnection->insert('insert into `te...', Array)
#3 C:/Users/hp/practica1-api2/vendor/laravel/telescope/src/Storage/DatabaseEntriesRepository.php(145): Illuminate/Database/Query/Builder->insert(Array)
#4 C:/Users/hp/practica1-api2/vendor/laravel/framework/src/Illuminate/Collections/Traits/EnumeratesValues.php(275): Laravel/Telescope/Storage/DatabaseEntriesRepository->Laravel/Telescope/Storage/{closure}(Object(Illuminate/Support/Collection), 0)
#5 C:/Users/hp/practica1-api2/vendor/laravel/telescope/src/Storage/DatabaseEntriesRepository.php(144): Illuminate/Support/Collection->each(Object(Closure))
#6 C:/Users/hp/practica1-api2/vendor/laravel/telescope/src/Telescope.php(664): Laravel/Telescope/Storage/DatabaseEntriesRepository->store(Object(Illuminate/Support/Collection))
#7 [internal function]: Laravel/Telescope/Telescope::Laravel/Telescope/{closure}()
#8 C:/Users/hp/practica1-api2/vendor/laravel/telescope/src/Telescope.php(289): call_user_func(Object(Closure))
#9 C:/Users/hp/practica1-api2/vendor/laravel/telescope/src/Telescope.php(656): Laravel/Telescope/Telescope::withoutRecording(Object(Closure))
#10 C:/Users/hp/practica1-api2/vendor/laravel/telescope/src/ListensForStorageOpportunities.php(65): Laravel/Telescope/Telescope::store(Object(Laravel/Telescope/Storage/DatabaseEntriesRepository))
#11 C:/Users/hp/practica1-api2/vendor/laravel/framework/src/Illuminate/Container/BoundMethod.php(36): Laravel/Telescope/Telescope::Laravel/Telescope/{closure}()
#12 C:/Users/hp/practica1-api2/vendor/laravel/framework/src/Illuminate/Container/Util.php(43): Illuminate/Container/BoundMethod::Illuminate/Container/{closure}()
#13 C:/Users/hp/practica1-api2/vendor/laravel/framework/src/Illuminate/Container/BoundMethod.php(84): Illuminate/Container/Util::unwrapIfClosure(Object(Closure))
#14 C:/Users/hp/practica1-api2/vendor/laravel/framework/src/Illuminate/Container/BoundMethod.php(35): Illuminate/Container/BoundMethod::callBoundMethod(Object(Illuminate/Foundation/Application), Object(Closure), Object(Closure))
#15 C:/Users/hp/practica1-api2/vendor/laravel/framework/src/Illuminate/Container/Container.php(799): Illuminate/Container/BoundMethod::call(Object(Illuminate/Foundation/Application), Object(Closure), Array, NULL)
#16 C:/Users/hp/practica1-api2/vendor/laravel/framework/src/Illuminate/Foundation/Application.php(1466): Illuminate/Container/Container->call(Object(Closure))
#17 C:/Users/hp/practica1-api2/vendor/laravel/framework/src/Illuminate/Foundation/Console/Kernel.php(219): Illuminate/Foundation/Application->terminate()
#18 C:/Users/hp/practica1-api2/vendor/laravel/framework/src/Illuminate/Foundation/Application.php(1240): Illuminate/Foundation/Console/Kernel->terminate(Object(Symfony/Component/Console/Input/ArgvInput), 0)
#19 C:/Users/hp/practica1-api2/artisan(16): Illuminate/Foundation/Application->handleCommand(Object(Symfony/Component/Console/Input/ArgvInput))
#20 {main}

[previous exception] [object] (PDOException(code: 42S02): SQLSTATE[42S02]: Base table or view not found: 1146 Table 'practica.telescope_entries' doesn't exist at C:/Users/hp/practica1-api2/vendor/laravel/framework/src/Illuminate/Database/MySqlConnection.php:47)
[stacktrace]
#0 C:/Users/hp/practica1-api2/vendor/laravel/framework/src/Illuminate/Database/MySqlConnection.php(47): PDO->prepare('insert into `te...')
#1 C:/Users/hp/practica1-api2/vendor/laravel/framework/src/Illuminate/Database/Connection.php(827): Illuminate/Database/MySqlConnection->Illuminate/Database/{closure}('insert into `te...', Array)
#2 C:/Users/hp/practica1-api2/vendor/laravel/framework/src/Illuminate/Database/Connection.php(794): Illuminate/Database/Connection->runQueryCallback('insert into `te...', Array, Object(Closure))
#3 C:/Users/hp/practica1-api2/vendor/laravel/framework/src/Illuminate/Database/MySqlConnection.php(42): Illuminate/Database/Connection->run('insert into `te...', Array, Object(Closure))
#4 C:/Users/hp/practica1-api2/vendor/laravel/framework/src/Illuminate/Database/Query/Builder.php(4121): Illuminate/Database/MySqlConnection->insert('insert into `te...', Array)
#5 C:/Users/hp/practica1-api2/vendor/laravel/telescope/src/Storage/DatabaseEntriesRepository.php(145): Illuminate/Database/Query/Builder->insert(Array)
#6 C:/Users/hp/practica1-api2/vendor/laravel/framework/src/Illuminate/Collections/Traits/EnumeratesValues.php(275): Laravel/Telescope/Storage/DatabaseEntriesRepository->Laravel/Telescope/Storage/{closure}(Object(Illuminate/Support/Collection), 0)
#7 C:/Users/hp/practica1-api2/vendor/laravel/telescope/src/Storage/DatabaseEntriesRepository.php(144): Illuminate/Support/Collection->each(Object(Closure))
#8 C:/Users/hp/practica1-api2/vendor/laravel/telescope/src/Telescope.php(664): Laravel/Telescope/Storage/DatabaseEntriesRepository->store(Object(Illuminate/Support/Collection))
#9 [internal function]: Laravel/Telescope/Telescope::Laravel/Telescope/{closure}()
#10 C:/Users/hp/practica1-api2/vendor/laravel/telescope/src/Telescope.php(289): call_user_func(Object(Closure))
#11 C:/Users/hp/practica1-api2/vendor/laravel/telescope/src/Telescope.php(656): Laravel/Telescope/Telescope::withoutRecording(Object(Closure))
#12 C:/Users/hp/practica1-api2/vendor/laravel/telescope/src/ListensForStorageOpportunities.php(65): Laravel/Telescope/Telescope::store(Object(Laravel/Telescope/Storage/DatabaseEntriesRepository))
#13 C:/Users/hp/practica1-api2/vendor/laravel/framework/src/Illuminate/Container/BoundMethod.php(36): Laravel/Telescope/Telescope::Laravel/Telescope/{closure}()
#14 C:/Users/hp/practica1-api2/vendor/laravel/framework/src/Illuminate/Container/Util.php(43): Illuminate/Container/BoundMethod::Illuminate/Container/{closure}()
#15 C:/Users/hp/practica1-api2/vendor/laravel/framework/src/Illuminate/Container/BoundMethod.php(84): Illuminate/Container/Util::unwrapIfClosure(Object(Closure))
#16 C:/Users/hp/practica1-api2/vendor/laravel/framework/src/Illuminate/Container/BoundMethod.php(35): Illuminate/Container/BoundMethod::callBoundMethod(Object(Illuminate/Foundation/Application), Object(Closure), Object(Closure))
#17 C:/Users/hp/practica1-api2/vendor/laravel/framework/src/Illuminate/Container/Container.php(799): Illuminate/Container/BoundMethod::call(Object(Illuminate/Foundation/Application), Object(Closure), Array, NULL)
#18 C:/Users/hp/practica1-api2/vendor/laravel/framework/src/Illuminate/Foundation/Application.php(1466): Illuminate/Container/Container->call(Object(Closure))
#19 C:/Users/hp/practica1-api2/vendor/laravel/framework/src/Illuminate/Foundation/Console/Kernel.php(219): Illuminate/Foundation/Application->terminate()
#20 C:/Users/hp/practica1-api2/vendor/laravel/framework/src/Illuminate/Foundation/Application.php(1240): Illuminate/Foundation/Console/Kernel->terminate(Object(Symfony/Component/Console/Input/ArgvInput), 0)
#21 C:/Users/hp/practica1-api2/artisan(16): Illuminate/Foundation/Application->handleCommand(Object(Symfony/Component/Console/Input/ArgvInput))
#22 {main}
"} 
[2026-06-14 22:16:42] local.ERROR: SQLSTATE[42S02]: Base table or view not found: 1146 Table 'practica.telescope_entries' doesn't exist (Connection: mysql, Host: 127.0.0.1, Port: 3306, Database: practica, SQL: insert into `telescope_entries` (`batch_id`, `content`, `created_at`, `family_hash`, `type`, `uuid`) values (a20634db-1ae6-44f0-a1e8-639e3104447c, {"command":"telescope:install","exit_code":0,"arguments":{"command":"telescope:install"},"options":{"help":false,"silent":false,"quiet":false,"verbose":false,"version":false,"ansi":null,"no-interaction":false,"env":null},"hostname":"DESKTOP-92CAFHL"}, 2026-06-14 22:16:42, ?, command, a20634db-11f1-42e3-bafb-b7b52f04d85f)) {"exception":"[object] (Illuminate\\Database\\QueryException(code: 42S02): SQLSTATE[42S02]: Base table or view not found: 1146 Table 'practica.telescope_entries' doesn't exist (Connection: mysql, Host: 127.0.0.1, Port: 3306, Database: practica, SQL: insert into `telescope_entries` (`batch_id`, `content`, `created_at`, `family_hash`, `type`, `uuid`) values (a20634db-1ae6-44f0-a1e8-639e3104447c, {\"command\":\"telescope:install\",\"exit_code\":0,\"arguments\":{\"command\":\"telescope:install\"},\"options\":{\"help\":false,\"silent\":false,\"quiet\":false,\"verbose\":false,\"version\":false,\"ansi\":null,\"no-interaction\":false,\"env\":null},\"hostname\":\"DESKTOP-92CAFHL\"}, 2026-06-14 22:16:42, ?, command, a20634db-11f1-42e3-bafb-b7b52f04d85f)) at C:/Users/hp/practica1-api2/vendor/laravel/framework/src/Illuminate/Database/Connection.php:838)
[stacktrace]
#0 C:/Users/hp/practica1-api2/vendor/laravel/framework/src/Illuminate/Database/Connection.php(794): Illuminate/Database/Connection->runQueryCallback('insert into `te...', Array, Object(Closure))
#1 C:/Users/hp/practica1-api2/vendor/laravel/framework/src/Illuminate/Database/MySqlConnection.php(42): Illuminate/Database/Connection->run('insert into `te...', Array, Object(Closure))
#2 C:/Users/hp/practica1-api2/vendor/laravel/framework/src/Illuminate/Database/Query/Builder.php(4121): Illuminate/Database/MySqlConnection->insert('insert into `te...', Array)
#3 C:/Users/hp/practica1-api2/vendor/laravel/telescope/src/Storage/DatabaseEntriesRepository.php(145): Illuminate/Database/Query/Builder->insert(Array)
#4 C:/Users/hp/practica1-api2/vendor/laravel/framework/src/Illuminate/Collections/Traits/EnumeratesValues.php(275): Laravel/Telescope/Storage/DatabaseEntriesRepository->Laravel/Telescope/Storage/{closure}(Object(Illuminate/Support/Collection), 0)
#5 C:/Users/hp/practica1-api2/vendor/laravel/telescope/src/Storage/DatabaseEntriesRepository.php(144): Illuminate/Support/Collection->each(Object(Closure))
#6 C:/Users/hp/practica1-api2/vendor/laravel/telescope/src/Telescope.php(664): Laravel/Telescope/Storage/DatabaseEntriesRepository->store(Object(Illuminate/Support/Collection))
#7 [internal function]: Laravel/Telescope/Telescope::Laravel/Telescope/{closure}()
#8 C:/Users/hp/practica1-api2/vendor/laravel/telescope/src/Telescope.php(289): call_user_func(Object(Closure))
#9 C:/Users/hp/practica1-api2/vendor/laravel/telescope/src/Telescope.php(656): Laravel/Telescope/Telescope::withoutRecording(Object(Closure))
#10 C:/Users/hp/practica1-api2/vendor/laravel/telescope/src/ListensForStorageOpportunities.php(65): Laravel/Telescope/Telescope::store(Object(Laravel/Telescope/Storage/DatabaseEntriesRepository))
#11 C:/Users/hp/practica1-api2/vendor/laravel/framework/src/Illuminate/Container/BoundMethod.php(36): Laravel/Telescope/Telescope::Laravel/Telescope/{closure}()
#12 C:/Users/hp/practica1-api2/vendor/laravel/framework/src/Illuminate/Container/Util.php(43): Illuminate/Container/BoundMethod::Illuminate/Container/{closure}()
#13 C:/Users/hp/practica1-api2/vendor/laravel/framework/src/Illuminate/Container/BoundMethod.php(84): Illuminate/Container/Util::unwrapIfClosure(Object(Closure))
#14 C:/Users/hp/practica1-api2/vendor/laravel/framework/src/Illuminate/Container/BoundMethod.php(35): Illuminate/Container/BoundMethod::callBoundMethod(Object(Illuminate/Foundation/Application), Object(Closure), Object(Closure))
#15 C:/Users/hp/practica1-api2/vendor/laravel/framework/src/Illuminate/Container/Container.php(799): Illuminate/Container/BoundMethod::call(Object(Illuminate/Foundation/Application), Object(Closure), Array, NULL)
#16 C:/Users/hp/practica1-api2/vendor/laravel/framework/src/Illuminate/Foundation/Application.php(1466): Illuminate/Container/Container->call(Object(Closure))
#17 C:/Users/hp/practica1-api2/vendor/laravel/framework/src/Illuminate/Foundation/Console/Kernel.php(219): Illuminate/Foundation/Application->terminate()
#18 C:/Users/hp/practica1-api2/vendor/laravel/framework/src/Illuminate/Foundation/Application.php(1240): Illuminate/Foundation/Console/Kernel->terminate(Object(Symfony/Component/Console/Input/ArgvInput), 0)
#19 C:/Users/hp/practica1-api2/artisan(16): Illuminate/Foundation/Application->handleCommand(Object(Symfony/Component/Console/Input/ArgvInput))
#20 {main}

[previous exception] [object] (PDOException(code: 42S02): SQLSTATE[42S02]: Base table or view not found: 1146 Table 'practica.telescope_entries' doesn't exist at C:/Users/hp/practica1-api2/vendor/laravel/framework/src/Illuminate/Database/MySqlConnection.php:47)
[stacktrace]
#0 C:/Users/hp/practica1-api2/vendor/laravel/framework/src/Illuminate/Database/MySqlConnection.php(47): PDO->prepare('insert into `te...')
#1 C:/Users/hp/practica1-api2/vendor/laravel/framework/src/Illuminate/Database/Connection.php(827): Illuminate/Database/MySqlConnection->Illuminate/Database/{closure}('insert into `te...', Array)
#2 C:/Users/hp/practica1-api2/vendor/laravel/framework/src/Illuminate/Database/Connection.php(794): Illuminate/Database/Connection->runQueryCallback('insert into `te...', Array, Object(Closure))
#3 C:/Users/hp/practica1-api2/vendor/laravel/framework/src/Illuminate/Database/MySqlConnection.php(42): Illuminate/Database/Connection->run('insert into `te...', Array, Object(Closure))
#4 C:/Users/hp/practica1-api2/vendor/laravel/framework/src/Illuminate/Database/Query/Builder.php(4121): Illuminate/Database/MySqlConnection->insert('insert into `te...', Array)
#5 C:/Users/hp/practica1-api2/vendor/laravel/telescope/src/Storage/DatabaseEntriesRepository.php(145): Illuminate/Database/Query/Builder->insert(Array)
#6 C:/Users/hp/practica1-api2/vendor/laravel/framework/src/Illuminate/Collections/Traits/EnumeratesValues.php(275): Laravel/Telescope/Storage/DatabaseEntriesRepository->Laravel/Telescope/Storage/{closure}(Object(Illuminate/Support/Collection), 0)
#7 C:/Users/hp/practica1-api2/vendor/laravel/telescope/src/Storage/DatabaseEntriesRepository.php(144): Illuminate/Support/Collection->each(Object(Closure))
#8 C:/Users/hp/practica1-api2/vendor/laravel/telescope/src/Telescope.php(664): Laravel/Telescope/Storage/DatabaseEntriesRepository->store(Object(Illuminate/Support/Collection))
#9 [internal function]: Laravel/Telescope/Telescope::Laravel/Telescope/{closure}()
#10 C:/Users/hp/practica1-api2/vendor/laravel/telescope/src/Telescope.php(289): call_user_func(Object(Closure))
#11 C:/Users/hp/practica1-api2/vendor/laravel/telescope/src/Telescope.php(656): Laravel/Telescope/Telescope::withoutRecording(Object(Closure))
#12 C:/Users/hp/practica1-api2/vendor/laravel/telescope/src/ListensForStorageOpportunities.php(65): Laravel/Telescope/Telescope::store(Object(Laravel/Telescope/Storage/DatabaseEntriesRepository))
#13 C:/Users/hp/practica1-api2/vendor/laravel/framework/src/Illuminate/Container/BoundMethod.php(36): Laravel/Telescope/Telescope::Laravel/Telescope/{closure}()
#14 C:/Users/hp/practica1-api2/vendor/laravel/framework/src/Illuminate/Container/Util.php(43): Illuminate/Container/BoundMethod::Illuminate/Container/{closure}()
#15 C:/Users/hp/practica1-api2/vendor/laravel/framework/src/Illuminate/Container/BoundMethod.php(84): Illuminate/Container/Util::unwrapIfClosure(Object(Closure))
#16 C:/Users/hp/practica1-api2/vendor/laravel/framework/src/Illuminate/Container/BoundMethod.php(35): Illuminate/Container/BoundMethod::callBoundMethod(Object(Illuminate/Foundation/Application), Object(Closure), Object(Closure))
#17 C:/Users/hp/practica1-api2/vendor/laravel/framework/src/Illuminate/Container/Container.php(799): Illuminate/Container/BoundMethod::call(Object(Illuminate/Foundation/Application), Object(Closure), Array, NULL)
#18 C:/Users/hp/practica1-api2/vendor/laravel/framework/src/Illuminate/Foundation/Application.php(1466): Illuminate/Container/Container->call(Object(Closure))
#19 C:/Users/hp/practica1-api2/vendor/laravel/framework/src/Illuminate/Foundation/Console/Kernel.php(219): Illuminate/Foundation/Application->terminate()
#20 C:/Users/hp/practica1-api2/vendor/laravel/framework/src/Illuminate/Foundation/Application.php(1240): Illuminate/Foundation/Console/Kernel->terminate(Object(Symfony/Component/Console/Input/ArgvInput), 0)
#21 C:/Users/hp/practica1-api2/artisan(16): Illuminate/Foundation/Application->handleCommand(Object(Symfony/Component/Console/Input/ArgvInput))
#22 {main}
"} 
[2026-06-14 22:42:19] local.ERROR: Class "Redis" not found {"exception":"[object] (Error(code: 0): Class \"Redis\" not found at C:/Users/hp/practica1-api2/vendor/laravel/framework/src/Illuminate/Redis/Connectors/PhpRedisConnector.php:80)
[stacktrace]
#0 C:/Users/hp/practica1-api2/vendor/laravel/framework/src/Illuminate/Redis/Connectors/PhpRedisConnector.php(34): Illuminate/Redis/Connectors/PhpRedisConnector->createClient(Array)
#1 C:/Users/hp/practica1-api2/vendor/laravel/framework/src/Illuminate/Redis/Connectors/PhpRedisConnector.php(39): Illuminate/Redis/Connectors/PhpRedisConnector->Illuminate/Redis/Connectors/{closure}()
#2 C:/Users/hp/practica1-api2/vendor/laravel/framework/src/Illuminate/Redis/RedisManager.php(111): Illuminate/Redis/Connectors/PhpRedisConnector->connect(Array, Array)
#3 C:/Users/hp/practica1-api2/vendor/laravel/framework/src/Illuminate/Redis/RedisManager.php(92): Illuminate/Redis/RedisManager->resolve('cache')
#4 C:/Users/hp/practica1-api2/vendor/laravel/framework/src/Illuminate/Cache/RedisStore.php(377): Illuminate/Redis/RedisManager->connection('cache')
#5 C:/Users/hp/practica1-api2/vendor/laravel/framework/src/Illuminate/Cache/RedisStore.php(80): Illuminate/Cache/RedisStore->connection()
#6 C:/Users/hp/practica1-api2/vendor/laravel/framework/src/Illuminate/Cache/Repository.php(125): Illuminate/Cache/RedisStore->get('telescope:dump-...')
#7 C:/Users/hp/practica1-api2/vendor/laravel/framework/src/Illuminate/Cache/CacheManager.php(558): Illuminate/Cache/Repository->get('telescope:dump-...')
#8 C:/Users/hp/practica1-api2/vendor/laravel/telescope/src/Watchers/DumpWatcher.php(47): Illuminate/Cache/CacheManager->__call('get', Array)
#9 C:/Users/hp/practica1-api2/vendor/laravel/telescope/src/RegistersWatchers.php(48): Laravel/Telescope/Watchers/DumpWatcher->register(Object(Illuminate/Foundation/Application))
#10 C:/Users/hp/practica1-api2/vendor/laravel/telescope/src/Telescope.php(138): Laravel/Telescope/Telescope::registerWatchers(Object(Illuminate/Foundation/Application))
#11 C:/Users/hp/practica1-api2/vendor/laravel/telescope/src/TelescopeServiceProvider.php(39): Laravel/Telescope/Telescope::start(Object(Illuminate/Foundation/Application))
#12 C:/Users/hp/practica1-api2/vendor/laravel/framework/src/Illuminate/Container/BoundMethod.php(36): Laravel/Telescope/TelescopeServiceProvider->boot()
#13 C:/Users/hp/practica1-api2/vendor/laravel/framework/src/Illuminate/Container/Util.php(43): Illuminate/Container/BoundMethod::Illuminate/Container/{closure}()
#14 C:/Users/hp/practica1-api2/vendor/laravel/framework/src/Illuminate/Container/BoundMethod.php(96): Illuminate/Container/Util::unwrapIfClosure(Object(Closure))
#15 C:/Users/hp/practica1-api2/vendor/laravel/framework/src/Illuminate/Container/BoundMethod.php(35): Illuminate/Container/BoundMethod::callBoundMethod(Object(Illuminate/Foundation/Application), Array, Object(Closure))
#16 C:/Users/hp/practica1-api2/vendor/laravel/framework/src/Illuminate/Container/Container.php(799): Illuminate/Container/BoundMethod::call(Object(Illuminate/Foundation/Application), Array, Array, NULL)
#17 C:/Users/hp/practica1-api2/vendor/laravel/framework/src/Illuminate/Foundation/Application.php(1151): Illuminate/Container/Container->call(Array)
#18 C:/Users/hp/practica1-api2/vendor/laravel/framework/src/Illuminate/Foundation/Application.php(1132): Illuminate/Foundation/Application->bootProvider(Object(Laravel/Telescope/TelescopeServiceProvider))
#19 [internal function]: Illuminate/Foundation/Application->Illuminate/Foundation/{closure}(Object(Laravel/Telescope/TelescopeServiceProvider), 'Laravel//Telesco...')
#20 C:/Users/hp/practica1-api2/vendor/laravel/framework/src/Illuminate/Foundation/Application.php(1131): array_walk(Array, Object(Closure))
#21 C:/Users/hp/practica1-api2/vendor/laravel/framework/src/Illuminate/Foundation/Bootstrap/BootProviders.php(17): Illuminate/Foundation/Application->boot()
#22 C:/Users/hp/practica1-api2/vendor/laravel/framework/src/Illuminate/Foundation/Application.php(342): Illuminate/Foundation/Bootstrap/BootProviders->bootstrap(Object(Illuminate/Foundation/Application))
#23 C:/Users/hp/practica1-api2/vendor/laravel/framework/src/Illuminate/Foundation/Console/Kernel.php(494): Illuminate/Foundation/Application->bootstrapWith(Array)
#24 C:/Users/hp/practica1-api2/vendor/laravel/framework/src/Illuminate/Foundation/Console/Kernel.php(196): Illuminate/Foundation/Console/Kernel->bootstrap()
#25 C:/Users/hp/practica1-api2/vendor/laravel/framework/src/Illuminate/Foundation/Application.php(1235): Illuminate/Foundation/Console/Kernel->handle(Object(Symfony/Component/Console/Input/ArgvInput), Object(Symfony/Component/Console/Output/ConsoleOutput))
#26 C:/Users/hp/practica1-api2/artisan(16): Illuminate/Foundation/Application->handleCommand(Object(Symfony/Component/Console/Input/ArgvInput))
#27 {main}
"} 
[2026-06-14 22:42:45] local.ERROR: Class "Redis" not found {"exception":"[object] (Error(code: 0): Class \"Redis\" not found at C:/Users/hp/practica1-api2/vendor/laravel/framework/src/Illuminate/Redis/Connectors/PhpRedisConnector.php:80)
[stacktrace]
#0 C:/Users/hp/practica1-api2/vendor/laravel/framework/src/Illuminate/Redis/Connectors/PhpRedisConnector.php(34): Illuminate/Redis/Connectors/PhpRedisConnector->createClient(Array)
#1 C:/Users/hp/practica1-api2/vendor/laravel/framework/src/Illuminate/Redis/Connectors/PhpRedisConnector.php(39): Illuminate/Redis/Connectors/PhpRedisConnector->Illuminate/Redis/Connectors/{closure}()
#2 C:/Users/hp/practica1-api2/vendor/laravel/framework/src/Illuminate/Redis/RedisManager.php(111): Illuminate/Redis/Connectors/PhpRedisConnector->connect(Array, Array)
#3 C:/Users/hp/practica1-api2/vendor/laravel/framework/src/Illuminate/Redis/RedisManager.php(92): Illuminate/Redis/RedisManager->resolve('cache')
#4 C:/Users/hp/practica1-api2/vendor/laravel/framework/src/Illuminate/Cache/RedisStore.php(377): Illuminate/Redis/RedisManager->connection('cache')
#5 C:/Users/hp/practica1-api2/vendor/laravel/framework/src/Illuminate/Cache/RedisStore.php(80): Illuminate/Cache/RedisStore->connection()
#6 C:/Users/hp/practica1-api2/vendor/laravel/framework/src/Illuminate/Cache/Repository.php(125): Illuminate/Cache/RedisStore->get('telescope:dump-...')
#7 C:/Users/hp/practica1-api2/vendor/laravel/framework/src/Illuminate/Cache/CacheManager.php(558): Illuminate/Cache/Repository->get('telescope:dump-...')
#8 C:/Users/hp/practica1-api2/vendor/laravel/telescope/src/Watchers/DumpWatcher.php(47): Illuminate/Cache/CacheManager->__call('get', Array)
#9 C:/Users/hp/practica1-api2/vendor/laravel/telescope/src/RegistersWatchers.php(48): Laravel/Telescope/Watchers/DumpWatcher->register(Object(Illuminate/Foundation/Application))
#10 C:/Users/hp/practica1-api2/vendor/laravel/telescope/src/Telescope.php(138): Laravel/Telescope/Telescope::registerWatchers(Object(Illuminate/Foundation/Application))
#11 C:/Users/hp/practica1-api2/vendor/laravel/telescope/src/TelescopeServiceProvider.php(39): Laravel/Telescope/Telescope::start(Object(Illuminate/Foundation/Application))
#12 C:/Users/hp/practica1-api2/vendor/laravel/framework/src/Illuminate/Container/BoundMethod.php(36): Laravel/Telescope/TelescopeServiceProvider->boot()
#13 C:/Users/hp/practica1-api2/vendor/laravel/framework/src/Illuminate/Container/Util.php(43): Illuminate/Container/BoundMethod::Illuminate/Container/{closure}()
#14 C:/Users/hp/practica1-api2/vendor/laravel/framework/src/Illuminate/Container/BoundMethod.php(96): Illuminate/Container/Util::unwrapIfClosure(Object(Closure))
#15 C:/Users/hp/practica1-api2/vendor/laravel/framework/src/Illuminate/Container/BoundMethod.php(35): Illuminate/Container/BoundMethod::callBoundMethod(Object(Illuminate/Foundation/Application), Array, Object(Closure))
#16 C:/Users/hp/practica1-api2/vendor/laravel/framework/src/Illuminate/Container/Container.php(799): Illuminate/Container/BoundMethod::call(Object(Illuminate/Foundation/Application), Array, Array, NULL)
#17 C:/Users/hp/practica1-api2/vendor/laravel/framework/src/Illuminate/Foundation/Application.php(1151): Illuminate/Container/Container->call(Array)
#18 C:/Users/hp/practica1-api2/vendor/laravel/framework/src/Illuminate/Foundation/Application.php(1132): Illuminate/Foundation/Application->bootProvider(Object(Laravel/Telescope/TelescopeServiceProvider))
#19 [internal function]: Illuminate/Foundation/Application->Illuminate/Foundation/{closure}(Object(Laravel/Telescope/TelescopeServiceProvider), 'Laravel//Telesco...')
#20 C:/Users/hp/practica1-api2/vendor/laravel/framework/src/Illuminate/Foundation/Application.php(1131): array_walk(Array, Object(Closure))
#21 C:/Users/hp/practica1-api2/vendor/laravel/framework/src/Illuminate/Foundation/Bootstrap/BootProviders.php(17): Illuminate/Foundation/Application->boot()
#22 C:/Users/hp/practica1-api2/vendor/laravel/framework/src/Illuminate/Foundation/Application.php(342): Illuminate/Foundation/Bootstrap/BootProviders->bootstrap(Object(Illuminate/Foundation/Application))
#23 C:/Users/hp/practica1-api2/vendor/laravel/framework/src/Illuminate/Foundation/Console/Kernel.php(494): Illuminate/Foundation/Application->bootstrapWith(Array)
#24 C:/Users/hp/practica1-api2/vendor/laravel/framework/src/Illuminate/Foundation/Console/Kernel.php(196): Illuminate/Foundation/Console/Kernel->bootstrap()
#25 C:/Users/hp/practica1-api2/vendor/laravel/framework/src/Illuminate/Foundation/Application.php(1235): Illuminate/Foundation/Console/Kernel->handle(Object(Symfony/Component/Console/Input/ArgvInput), Object(Symfony/Component/Console/Output/ConsoleOutput))
#26 C:/Users/hp/practica1-api2/artisan(16): Illuminate/Foundation/Application->handleCommand(Object(Symfony/Component/Console/Input/ArgvInput))
#27 {main}
"} 
[2026-06-14 22:44:50] local.ERROR: Class "Redis" not found {"exception":"[object] (Error(code: 0): Class \"Redis\" not found at C:/Users/hp/practica1-api2/vendor/laravel/framework/src/Illuminate/Redis/Connectors/PhpRedisConnector.php:80)
[stacktrace]
#0 C:/Users/hp/practica1-api2/vendor/laravel/framework/src/Illuminate/Redis/Connectors/PhpRedisConnector.php(34): Illuminate/Redis/Connectors/PhpRedisConnector->createClient(Array)
#1 C:/Users/hp/practica1-api2/vendor/laravel/framework/src/Illuminate/Redis/Connectors/PhpRedisConnector.php(39): Illuminate/Redis/Connectors/PhpRedisConnector->Illuminate/Redis/Connectors/{closure}()
#2 C:/Users/hp/practica1-api2/vendor/laravel/framework/src/Illuminate/Redis/RedisManager.php(111): Illuminate/Redis/Connectors/PhpRedisConnector->connect(Array, Array)
#3 C:/Users/hp/practica1-api2/vendor/laravel/framework/src/Illuminate/Redis/RedisManager.php(92): Illuminate/Redis/RedisManager->resolve('cache')
#4 C:/Users/hp/practica1-api2/vendor/laravel/framework/src/Illuminate/Cache/RedisStore.php(377): Illuminate/Redis/RedisManager->connection('cache')
#5 C:/Users/hp/practica1-api2/vendor/laravel/framework/src/Illuminate/Cache/RedisStore.php(80): Illuminate/Cache/RedisStore->connection()
#6 C:/Users/hp/practica1-api2/vendor/laravel/framework/src/Illuminate/Cache/Repository.php(125): Illuminate/Cache/RedisStore->get('telescope:dump-...')
#7 C:/Users/hp/practica1-api2/vendor/laravel/framework/src/Illuminate/Cache/CacheManager.php(558): Illuminate/Cache/Repository->get('telescope:dump-...')
#8 C:/Users/hp/practica1-api2/vendor/laravel/telescope/src/Watchers/DumpWatcher.php(47): Illuminate/Cache/CacheManager->__call('get', Array)
#9 C:/Users/hp/practica1-api2/vendor/laravel/telescope/src/RegistersWatchers.php(48): Laravel/Telescope/Watchers/DumpWatcher->register(Object(Illuminate/Foundation/Application))
#10 C:/Users/hp/practica1-api2/vendor/laravel/telescope/src/Telescope.php(138): Laravel/Telescope/Telescope::registerWatchers(Object(Illuminate/Foundation/Application))
#11 C:/Users/hp/practica1-api2/vendor/laravel/telescope/src/TelescopeServiceProvider.php(39): Laravel/Telescope/Telescope::start(Object(Illuminate/Foundation/Application))
#12 C:/Users/hp/practica1-api2/vendor/laravel/framework/src/Illuminate/Container/BoundMethod.php(36): Laravel/Telescope/TelescopeServiceProvider->boot()
#13 C:/Users/hp/practica1-api2/vendor/laravel/framework/src/Illuminate/Container/Util.php(43): Illuminate/Container/BoundMethod::Illuminate/Container/{closure}()
#14 C:/Users/hp/practica1-api2/vendor/laravel/framework/src/Illuminate/Container/BoundMethod.php(96): Illuminate/Container/Util::unwrapIfClosure(Object(Closure))
#15 C:/Users/hp/practica1-api2/vendor/laravel/framework/src/Illuminate/Container/BoundMethod.php(35): Illuminate/Container/BoundMethod::callBoundMethod(Object(Illuminate/Foundation/Application), Array, Object(Closure))
#16 C:/Users/hp/practica1-api2/vendor/laravel/framework/src/Illuminate/Container/Container.php(799): Illuminate/Container/BoundMethod::call(Object(Illuminate/Foundation/Application), Array, Array, NULL)
#17 C:/Users/hp/practica1-api2/vendor/laravel/framework/src/Illuminate/Foundation/Application.php(1151): Illuminate/Container/Container->call(Array)
#18 C:/Users/hp/practica1-api2/vendor/laravel/framework/src/Illuminate/Foundation/Application.php(1132): Illuminate/Foundation/Application->bootProvider(Object(Laravel/Telescope/TelescopeServiceProvider))
#19 [internal function]: Illuminate/Foundation/Application->Illuminate/Foundation/{closure}(Object(Laravel/Telescope/TelescopeServiceProvider), 'Laravel//Telesco...')
#20 C:/Users/hp/practica1-api2/vendor/laravel/framework/src/Illuminate/Foundation/Application.php(1131): array_walk(Array, Object(Closure))
#21 C:/Users/hp/practica1-api2/vendor/laravel/framework/src/Illuminate/Foundation/Bootstrap/BootProviders.php(17): Illuminate/Foundation/Application->boot()
#22 C:/Users/hp/practica1-api2/vendor/laravel/framework/src/Illuminate/Foundation/Application.php(342): Illuminate/Foundation/Bootstrap/BootProviders->bootstrap(Object(Illuminate/Foundation/Application))
#23 C:/Users/hp/practica1-api2/vendor/laravel/framework/src/Illuminate/Foundation/Console/Kernel.php(494): Illuminate/Foundation/Application->bootstrapWith(Array)
#24 C:/Users/hp/practica1-api2/vendor/laravel/framework/src/Illuminate/Foundation/Console/Kernel.php(196): Illuminate/Foundation/Console/Kernel->bootstrap()
#25 C:/Users/hp/practica1-api2/vendor/laravel/framework/src/Illuminate/Foundation/Application.php(1235): Illuminate/Foundation/Console/Kernel->handle(Object(Symfony/Component/Console/Input/ArgvInput), Object(Symfony/Component/Console/Output/ConsoleOutput))
#26 C:/Users/hp/practica1-api2/artisan(16): Illuminate/Foundation/Application->handleCommand(Object(Symfony/Component/Console/Input/ArgvInput))
#27 {main}
"} 
[2026-06-14 22:48:02] local.ERROR: Cache store [FILE] is not defined. {"exception":"[object] (InvalidArgumentException(code: 0): Cache store [FILE] is not defined. at C:/Users/hp/practica1-api2/vendor/laravel/framework/src/Illuminate/Cache/CacheManager.php:114)
[stacktrace]
#0 C:/Users/hp/practica1-api2/vendor/laravel/framework/src/Illuminate/Cache/CacheManager.php(62): Illuminate/Cache/CacheManager->resolve('FILE')
#1 C:/Users/hp/practica1-api2/vendor/laravel/framework/src/Illuminate/Cache/CacheManager.php(73): Illuminate/Cache/CacheManager->store('FILE')
#2 C:/Users/hp/practica1-api2/vendor/laravel/framework/src/Illuminate/Cache/CacheServiceProvider.php(23): Illuminate/Cache/CacheManager->driver()
#3 C:/Users/hp/practica1-api2/vendor/laravel/framework/src/Illuminate/Container/Container.php(1115): Illuminate/Cache/CacheServiceProvider->Illuminate/Cache/{closure}(Object(Illuminate/Foundation/Application), Array)
#4 C:/Users/hp/practica1-api2/vendor/laravel/framework/src/Illuminate/Container/Container.php(933): Illuminate/Container/Container->build(Object(Closure))
#5 C:/Users/hp/practica1-api2/vendor/laravel/framework/src/Illuminate/Foundation/Application.php(1078): Illuminate/Container/Container->resolve('cache.store', Array, true)
#6 C:/Users/hp/practica1-api2/vendor/laravel/framework/src/Illuminate/Container/Container.php(864): Illuminate/Foundation/Application->resolve('cache.store', Array)
#7 C:/Users/hp/practica1-api2/vendor/laravel/framework/src/Illuminate/Foundation/Application.php(1058): Illuminate/Container/Container->make('cache.store', Array)
#8 C:/Users/hp/practica1-api2/vendor/laravel/framework/src/Illuminate/Container/Container.php(1336): Illuminate/Foundation/Application->make('cache.store')
#9 C:/Users/hp/practica1-api2/vendor/laravel/framework/src/Illuminate/Container/Container.php(1237): Illuminate/Container/Container->resolveClass(Object(ReflectionParameter), 'Illuminate//Cont...')
#10 C:/Users/hp/practica1-api2/vendor/laravel/framework/src/Illuminate/Container/Container.php(1162): Illuminate/Container/Container->resolveDependencies(Array)
#11 C:/Users/hp/practica1-api2/vendor/laravel/framework/src/Illuminate/Container/Container.php(933): Illuminate/Container/Container->build('Laravel//Telesco...')
#12 C:/Users/hp/practica1-api2/vendor/laravel/framework/src/Illuminate/Foundation/Application.php(1078): Illuminate/Container/Container->resolve('Laravel//Telesco...', Array, true)
#13 C:/Users/hp/practica1-api2/vendor/laravel/framework/src/Illuminate/Container/Container.php(864): Illuminate/Foundation/Application->resolve('Laravel//Telesco...', Array)
#14 C:/Users/hp/practica1-api2/vendor/laravel/framework/src/Illuminate/Foundation/Application.php(1058): Illuminate/Container/Container->make('Laravel//Telesco...', Array)
#15 C:/Users/hp/practica1-api2/vendor/laravel/framework/src/Illuminate/Routing/Route.php(286): Illuminate/Foundation/Application->make('Laravel//Telesco...')
#16 C:/Users/hp/practica1-api2/vendor/laravel/framework/src/Illuminate/Routing/Route.php(1133): Illuminate/Routing/Route->getController()
#17 C:/Users/hp/practica1-api2/vendor/laravel/framework/src/Illuminate/Routing/Route.php(1062): Illuminate/Routing/Route->controllerMiddleware()
#18 C:/Users/hp/practica1-api2/vendor/laravel/framework/src/Illuminate/Routing/Router.php(834): Illuminate/Routing/Route->gatherMiddleware()
#19 C:/Users/hp/practica1-api2/vendor/laravel/framework/src/Illuminate/Foundation/Console/RouteListCommand.php(212): Illuminate/Routing/Router->gatherRouteMiddleware(Object(Illuminate/Routing/Route))
#20 C:/Users/hp/practica1-api2/vendor/laravel/framework/src/Illuminate/Foundation/Console/RouteListCommand.php(148): Illuminate/Foundation/Console/RouteListCommand->getMiddleware(Object(Illuminate/Routing/Route))
#21 C:/Users/hp/practica1-api2/vendor/laravel/framework/src/Illuminate/Foundation/Console/RouteListCommand.php(117): Illuminate/Foundation/Console/RouteListCommand->getRouteInformation(Object(Illuminate/Routing/Route))
#22 [internal function]: Illuminate/Foundation/Console/RouteListCommand->Illuminate/Foundation/Console/{closure}(Object(Illuminate/Routing/Route), 12)
#23 C:/Users/hp/practica1-api2/vendor/laravel/framework/src/Illuminate/Collections/Arr.php(841): array_map(Object(Closure), Array, Array)
#24 C:/Users/hp/practica1-api2/vendor/laravel/framework/src/Illuminate/Collections/Collection.php(829): Illuminate/Support/Arr::map(Array, Object(Closure))
#25 C:/Users/hp/practica1-api2/vendor/laravel/framework/src/Illuminate/Foundation/Console/RouteListCommand.php(117): Illuminate/Support/Collection->map(Object(Closure))
#26 C:/Users/hp/practica1-api2/vendor/laravel/framework/src/Illuminate/Foundation/Console/RouteListCommand.php(102): Illuminate/Foundation/Console/RouteListCommand->getRoutes()
#27 C:/Users/hp/practica1-api2/vendor/laravel/framework/src/Illuminate/Container/BoundMethod.php(36): Illuminate/Foundation/Console/RouteListCommand->handle()
#28 C:/Users/hp/practica1-api2/vendor/laravel/framework/src/Illuminate/Container/Util.php(43): Illuminate/Container/BoundMethod::Illuminate/Container/{closure}()
#29 C:/Users/hp/practica1-api2/vendor/laravel/framework/src/Illuminate/Container/BoundMethod.php(96): Illuminate/Container/Util::unwrapIfClosure(Object(Closure))
#30 C:/Users/hp/practica1-api2/vendor/laravel/framework/src/Illuminate/Container/BoundMethod.php(35): Illuminate/Container/BoundMethod::callBoundMethod(Object(Illuminate/Foundation/Application), Array, Object(Closure))
#31 C:/Users/hp/practica1-api2/vendor/laravel/framework/src/Illuminate/Container/Container.php(799): Illuminate/Container/BoundMethod::call(Object(Illuminate/Foundation/Application), Array, Array, NULL)
#32 C:/Users/hp/practica1-api2/vendor/laravel/framework/src/Illuminate/Console/Command.php(211): Illuminate/Container/Container->call(Array)
#33 C:/Users/hp/practica1-api2/vendor/symfony/console/Command/Command.php(341): Illuminate/Console/Command->execute(Object(Symfony/Component/Console/Input/ArgvInput), Object(Illuminate/Console/OutputStyle))
#34 C:/Users/hp/practica1-api2/vendor/laravel/framework/src/Illuminate/Console/Command.php(180): Symfony/Component/Console/Command/Command->run(Object(Symfony/Component/Console/Input/ArgvInput), Object(Illuminate/Console/OutputStyle))
#35 C:/Users/hp/practica1-api2/vendor/symfony/console/Application.php(1117): Illuminate/Console/Command->run(Object(Symfony/Component/Console/Input/ArgvInput), Object(Symfony/Component/Console/Output/ConsoleOutput))
#36 C:/Users/hp/practica1-api2/vendor/symfony/console/Application.php(356): Symfony/Component/Console/Application->doRunCommand(Object(Illuminate/Foundation/Console/RouteListCommand), Object(Symfony/Component/Console/Input/ArgvInput), Object(Symfony/Component/Console/Output/ConsoleOutput))
#37 C:/Users/hp/practica1-api2/vendor/symfony/console/Application.php(195): Symfony/Component/Console/Application->doRun(Object(Symfony/Component/Console/Input/ArgvInput), Object(Symfony/Component/Console/Output/ConsoleOutput))
#38 C:/Users/hp/practica1-api2/vendor/laravel/framework/src/Illuminate/Foundation/Console/Kernel.php(198): Symfony/Component/Console/Application->run(Object(Symfony/Component/Console/Input/ArgvInput), Object(Symfony/Component/Console/Output/ConsoleOutput))
#39 C:/Users/hp/practica1-api2/vendor/laravel/framework/src/Illuminate/Foundation/Application.php(1235): Illuminate/Foundation/Console/Kernel->handle(Object(Symfony/Component/Console/Input/ArgvInput), Object(Symfony/Component/Console/Output/ConsoleOutput))
#40 C:/Users/hp/practica1-api2/artisan(16): Illuminate/Foundation/Application->handleCommand(Object(Symfony/Component/Console/Input/ArgvInput))
#41 {main}
"} 
[2026-06-14 22:57:28] local.ERROR: Call to undefined relationship [items] on model [App\Models\Producto]. {"userId":7,"exception":"[object] (Illuminate\\Database\\Eloquent\\RelationNotFoundException(code: 0): Call to undefined relationship [items] on model [App\\Models\\Producto]. at C:/Users/hp/practica1-api2/vendor/laravel/framework/src/Illuminate/Database/Eloquent/RelationNotFoundException.php:35)
[stacktrace]
#0 C:/Users/hp/practica1-api2/vendor/laravel/framework/src/Illuminate/Database/Eloquent/Builder.php(969): Illuminate/Database/Eloquent/RelationNotFoundException::make(Object(App/Models/Producto), 'items')
#1 C:/Users/hp/practica1-api2/vendor/laravel/framework/src/Illuminate/Database/Eloquent/Relations/Relation.php(119): Illuminate/Database/Eloquent/Builder->Illuminate/Database/Eloquent/{closure}()
#2 C:/Users/hp/practica1-api2/vendor/laravel/framework/src/Illuminate/Database/Eloquent/Builder.php(965): Illuminate/Database/Eloquent/Relations/Relation::noConstraints(Object(Closure))
#3 C:/Users/hp/practica1-api2/vendor/laravel/framework/src/Illuminate/Database/Eloquent/Builder.php(939): Illuminate/Database/Eloquent/Builder->getRelation('items')
#4 C:/Users/hp/practica1-api2/vendor/laravel/framework/src/Illuminate/Database/Eloquent/Builder.php(919): Illuminate/Database/Eloquent/Builder->eagerLoadRelation(Array, 'items', Object(Closure))
#5 C:/Users/hp/practica1-api2/vendor/laravel/framework/src/Illuminate/Database/Eloquent/Builder.php(885): Illuminate/Database/Eloquent/Builder->eagerLoadRelations(Array)
#6 C:/Users/hp/practica1-api2/vendor/laravel/framework/src/Illuminate/Database/Eloquent/Builder.php(1125): Illuminate/Database/Eloquent/Builder->get(Array)
#7 C:/Users/hp/practica1-api2/app/Http/Controllers/Api/V1/ProductoController.php(38): Illuminate/Database/Eloquent/Builder->paginate(15)
#8 C:/Users/hp/practica1-api2/vendor/laravel/framework/src/Illuminate/Routing/ControllerDispatcher.php(46): App/Http/Controllers/Api/V1/ProductoController->index(Object(Illuminate/Http/Request))
#9 C:/Users/hp/practica1-api2/vendor/laravel/framework/src/Illuminate/Routing/Route.php(265): Illuminate/Routing/ControllerDispatcher->dispatch(Object(Illuminate/Routing/Route), Object(App/Http/Controllers/Api/V1/ProductoController), 'index')
#10 C:/Users/hp/practica1-api2/vendor/laravel/framework/src/Illuminate/Routing/Route.php(211): Illuminate/Routing/Route->runController()
#11 C:/Users/hp/practica1-api2/vendor/laravel/framework/src/Illuminate/Routing/Router.php(822): Illuminate/Routing/Route->run()
#12 C:/Users/hp/practica1-api2/vendor/laravel/framework/src/Illuminate/Pipeline/Pipeline.php(180): Illuminate/Routing/Router->Illuminate/Routing/{closure}(Object(Illuminate/Http/Request))
#13 C:/Users/hp/practica1-api2/vendor/laravel/framework/src/Illuminate/Routing/Middleware/SubstituteBindings.php(50): Illuminate/Pipeline/Pipeline->Illuminate/Pipeline/{closure}(Object(Illuminate/Http/Request))
#14 C:/Users/hp/practica1-api2/vendor/laravel/framework/src/Illuminate/Pipeline/Pipeline.php(219): Illuminate/Routing/Middleware/SubstituteBindings->handle(Object(Illuminate/Http/Request), Object(Closure))
#15 C:/Users/hp/practica1-api2/vendor/laravel/framework/src/Illuminate/Auth/Middleware/Authenticate.php(63): Illuminate/Pipeline/Pipeline->Illuminate/Pipeline/{closure}(Object(Illuminate/Http/Request))
#16 C:/Users/hp/practica1-api2/vendor/laravel/framework/src/Illuminate/Pipeline/Pipeline.php(219): Illuminate/Auth/Middleware/Authenticate->handle(Object(Illuminate/Http/Request), Object(Closure), 'sanctum')
#17 C:/Users/hp/practica1-api2/vendor/laravel/framework/src/Illuminate/Pipeline/Pipeline.php(137): Illuminate/Pipeline/Pipeline->Illuminate/Pipeline/{closure}(Object(Illuminate/Http/Request))
#18 C:/Users/hp/practica1-api2/vendor/laravel/framework/src/Illuminate/Routing/Router.php(821): Illuminate/Pipeline/Pipeline->then(Object(Closure))
#19 C:/Users/hp/practica1-api2/vendor/laravel/framework/src/Illuminate/Routing/Router.php(800): Illuminate/Routing/Router->runRouteWithinStack(Object(Illuminate/Routing/Route), Object(Illuminate/Http/Request))
#20 C:/Users/hp/practica1-api2/vendor/laravel/framework/src/Illuminate/Routing/Router.php(764): Illuminate/Routing/Router->runRoute(Object(Illuminate/Http/Request), Object(Illuminate/Routing/Route))
#21 C:/Users/hp/practica1-api2/vendor/laravel/framework/src/Illuminate/Routing/Router.php(753): Illuminate/Routing/Router->dispatchToRoute(Object(Illuminate/Http/Request))
#22 C:/Users/hp/practica1-api2/vendor/laravel/framework/src/Illuminate/Foundation/Http/Kernel.php(200): Illuminate/Routing/Router->dispatch(Object(Illuminate/Http/Request))
#23 C:/Users/hp/practica1-api2/vendor/laravel/framework/src/Illuminate/Pipeline/Pipeline.php(180): Illuminate/Foundation/Http/Kernel->Illuminate/Foundation/Http/{closure}(Object(Illuminate/Http/Request))
#24 C:/Users/hp/practica1-api2/vendor/laravel/framework/src/Illuminate/Foundation/Http/Middleware/TransformsRequest.php(21): Illuminate/Pipeline/Pipeline->Illuminate/Pipeline/{closure}(Object(Illuminate/Http/Request))
#25 C:/Users/hp/practica1-api2/vendor/laravel/framework/src/Illuminate/Foundation/Http/Middleware/ConvertEmptyStringsToNull.php(31): Illuminate/Foundation/Http/Middleware/TransformsRequest->handle(Object(Illuminate/Http/Request), Object(Closure))
#26 C:/Users/hp/practica1-api2/vendor/laravel/framework/src/Illuminate/Pipeline/Pipeline.php(219): Illuminate/Foundation/Http/Middleware/ConvertEmptyStringsToNull->handle(Object(Illuminate/Http/Request), Object(Closure))
#27 C:/Users/hp/practica1-api2/vendor/laravel/framework/src/Illuminate/Foundation/Http/Middleware/TransformsRequest.php(21): Illuminate/Pipeline/Pipeline->Illuminate/Pipeline/{closure}(Object(Illuminate/Http/Request))
#28 C:/Users/hp/practica1-api2/vendor/laravel/framework/src/Illuminate/Foundation/Http/Middleware/TrimStrings.php(51): Illuminate/Foundation/Http/Middleware/TransformsRequest->handle(Object(Illuminate/Http/Request), Object(Closure))
#29 C:/Users/hp/practica1-api2/vendor/laravel/framework/src/Illuminate/Pipeline/Pipeline.php(219): Illuminate/Foundation/Http/Middleware/TrimStrings->handle(Object(Illuminate/Http/Request), Object(Closure))
#30 C:/Users/hp/practica1-api2/vendor/laravel/framework/src/Illuminate/Http/Middleware/ValidatePostSize.php(27): Illuminate/Pipeline/Pipeline->Illuminate/Pipeline/{closure}(Object(Illuminate/Http/Request))
#31 C:/Users/hp/practica1-api2/vendor/laravel/framework/src/Illuminate/Pipeline/Pipeline.php(219): Illuminate/Http/Middleware/ValidatePostSize->handle(Object(Illuminate/Http/Request), Object(Closure))
#32 C:/Users/hp/practica1-api2/vendor/laravel/framework/src/Illuminate/Foundation/Http/Middleware/PreventRequestsDuringMaintenance.php(109): Illuminate/Pipeline/Pipeline->Illuminate/Pipeline/{closure}(Object(Illuminate/Http/Request))
#33 C:/Users/hp/practica1-api2/vendor/laravel/framework/src/Illuminate/Pipeline/Pipeline.php(219): Illuminate/Foundation/Http/Middleware/PreventRequestsDuringMaintenance->handle(Object(Illuminate/Http/Request), Object(Closure))
#34 C:/Users/hp/practica1-api2/vendor/laravel/framework/src/Illuminate/Http/Middleware/HandleCors.php(74): Illuminate/Pipeline/Pipeline->Illuminate/Pipeline/{closure}(Object(Illuminate/Http/Request))
#35 C:/Users/hp/practica1-api2/vendor/laravel/framework/src/Illuminate/Pipeline/Pipeline.php(219): Illuminate/Http/Middleware/HandleCors->handle(Object(Illuminate/Http/Request), Object(Closure))
#36 C:/Users/hp/practica1-api2/vendor/laravel/framework/src/Illuminate/Http/Middleware/TrustProxies.php(58): Illuminate/Pipeline/Pipeline->Illuminate/Pipeline/{closure}(Object(Illuminate/Http/Request))
#37 C:/Users/hp/practica1-api2/vendor/laravel/framework/src/Illuminate/Pipeline/Pipeline.php(219): Illuminate/Http/Middleware/TrustProxies->handle(Object(Illuminate/Http/Request), Object(Closure))
#38 C:/Users/hp/practica1-api2/vendor/laravel/framework/src/Illuminate/Foundation/Http/Middleware/InvokeDeferredCallbacks.php(22): Illuminate/Pipeline/Pipeline->Illuminate/Pipeline/{closure}(Object(Illuminate/Http/Request))
#39 C:/Users/hp/practica1-api2/vendor/laravel/framework/src/Illuminate/Pipeline/Pipeline.php(219): Illuminate/Foundation/Http/Middleware/InvokeDeferredCallbacks->handle(Object(Illuminate/Http/Request), Object(Closure))
#40 C:/Users/hp/practica1-api2/vendor/laravel/framework/src/Illuminate/Http/Middleware/ValidatePathEncoding.php(26): Illuminate/Pipeline/Pipeline->Illuminate/Pipeline/{closure}(Object(Illuminate/Http/Request))
#41 C:/Users/hp/practica1-api2/vendor/laravel/framework/src/Illuminate/Pipeline/Pipeline.php(219): Illuminate/Http/Middleware/ValidatePathEncoding->handle(Object(Illuminate/Http/Request), Object(Closure))
#42 C:/Users/hp/practica1-api2/vendor/laravel/framework/src/Illuminate/Pipeline/Pipeline.php(137): Illuminate/Pipeline/Pipeline->Illuminate/Pipeline/{closure}(Object(Illuminate/Http/Request))
#43 C:/Users/hp/practica1-api2/vendor/laravel/framework/src/Illuminate/Foundation/Http/Kernel.php(175): Illuminate/Pipeline/Pipeline->then(Object(Closure))
#44 C:/Users/hp/practica1-api2/vendor/laravel/framework/src/Illuminate/Foundation/Http/Kernel.php(144): Illuminate/Foundation/Http/Kernel->sendRequestThroughRouter(Object(Illuminate/Http/Request))
#45 C:/Users/hp/practica1-api2/vendor/laravel/framework/src/Illuminate/Foundation/Application.php(1220): Illuminate/Foundation/Http/Kernel->handle(Object(Illuminate/Http/Request))
#46 C:/Users/hp/practica1-api2/public/index.php(20): Illuminate/Foundation/Application->handleRequest(Object(Illuminate/Http/Request))
#47 C:/Users/hp/practica1-api2/vendor/laravel/framework/src/Illuminate/Foundation/resources/server.php(23): require_once('C://Users//hp//pra...')
#48 {main}
"} 
[2026-06-14 22:58:17] local.ERROR: Call to undefined relationship [items] on model [App\Models\Producto]. {"userId":7,"exception":"[object] (Illuminate\\Database\\Eloquent\\RelationNotFoundException(code: 0): Call to undefined relationship [items] on model [App\\Models\\Producto]. at C:/Users/hp/practica1-api2/vendor/laravel/framework/src/Illuminate/Database/Eloquent/RelationNotFoundException.php:35)
[stacktrace]
#0 C:/Users/hp/practica1-api2/vendor/laravel/framework/src/Illuminate/Database/Eloquent/Builder.php(969): Illuminate/Database/Eloquent/RelationNotFoundException::make(Object(App/Models/Producto), 'items')
#1 C:/Users/hp/practica1-api2/vendor/laravel/framework/src/Illuminate/Database/Eloquent/Relations/Relation.php(119): Illuminate/Database/Eloquent/Builder->Illuminate/Database/Eloquent/{closure}()
#2 C:/Users/hp/practica1-api2/vendor/laravel/framework/src/Illuminate/Database/Eloquent/Builder.php(965): Illuminate/Database/Eloquent/Relations/Relation::noConstraints(Object(Closure))
#3 C:/Users/hp/practica1-api2/vendor/laravel/framework/src/Illuminate/Database/Eloquent/Builder.php(939): Illuminate/Database/Eloquent/Builder->getRelation('items')
#4 C:/Users/hp/practica1-api2/vendor/laravel/framework/src/Illuminate/Database/Eloquent/Builder.php(919): Illuminate/Database/Eloquent/Builder->eagerLoadRelation(Array, 'items', Object(Closure))
#5 C:/Users/hp/practica1-api2/vendor/laravel/framework/src/Illuminate/Database/Eloquent/Builder.php(885): Illuminate/Database/Eloquent/Builder->eagerLoadRelations(Array)
#6 C:/Users/hp/practica1-api2/vendor/laravel/framework/src/Illuminate/Database/Eloquent/Builder.php(1125): Illuminate/Database/Eloquent/Builder->get(Array)
#7 C:/Users/hp/practica1-api2/app/Http/Controllers/Api/V1/ProductoController.php(38): Illuminate/Database/Eloquent/Builder->paginate(15)
#8 C:/Users/hp/practica1-api2/vendor/laravel/framework/src/Illuminate/Routing/ControllerDispatcher.php(46): App/Http/Controllers/Api/V1/ProductoController->index(Object(Illuminate/Http/Request))
#9 C:/Users/hp/practica1-api2/vendor/laravel/framework/src/Illuminate/Routing/Route.php(265): Illuminate/Routing/ControllerDispatcher->dispatch(Object(Illuminate/Routing/Route), Object(App/Http/Controllers/Api/V1/ProductoController), 'index')
#10 C:/Users/hp/practica1-api2/vendor/laravel/framework/src/Illuminate/Routing/Route.php(211): Illuminate/Routing/Route->runController()
#11 C:/Users/hp/practica1-api2/vendor/laravel/framework/src/Illuminate/Routing/Router.php(822): Illuminate/Routing/Route->run()
#12 C:/Users/hp/practica1-api2/vendor/laravel/framework/src/Illuminate/Pipeline/Pipeline.php(180): Illuminate/Routing/Router->Illuminate/Routing/{closure}(Object(Illuminate/Http/Request))
#13 C:/Users/hp/practica1-api2/vendor/laravel/framework/src/Illuminate/Routing/Middleware/SubstituteBindings.php(50): Illuminate/Pipeline/Pipeline->Illuminate/Pipeline/{closure}(Object(Illuminate/Http/Request))
#14 C:/Users/hp/practica1-api2/vendor/laravel/framework/src/Illuminate/Pipeline/Pipeline.php(219): Illuminate/Routing/Middleware/SubstituteBindings->handle(Object(Illuminate/Http/Request), Object(Closure))
#15 C:/Users/hp/practica1-api2/vendor/laravel/framework/src/Illuminate/Auth/Middleware/Authenticate.php(63): Illuminate/Pipeline/Pipeline->Illuminate/Pipeline/{closure}(Object(Illuminate/Http/Request))
#16 C:/Users/hp/practica1-api2/vendor/laravel/framework/src/Illuminate/Pipeline/Pipeline.php(219): Illuminate/Auth/Middleware/Authenticate->handle(Object(Illuminate/Http/Request), Object(Closure), 'sanctum')
#17 C:/Users/hp/practica1-api2/vendor/laravel/framework/src/Illuminate/Pipeline/Pipeline.php(137): Illuminate/Pipeline/Pipeline->Illuminate/Pipeline/{closure}(Object(Illuminate/Http/Request))
#18 C:/Users/hp/practica1-api2/vendor/laravel/framework/src/Illuminate/Routing/Router.php(821): Illuminate/Pipeline/Pipeline->then(Object(Closure))
#19 C:/Users/hp/practica1-api2/vendor/laravel/framework/src/Illuminate/Routing/Router.php(800): Illuminate/Routing/Router->runRouteWithinStack(Object(Illuminate/Routing/Route), Object(Illuminate/Http/Request))
#20 C:/Users/hp/practica1-api2/vendor/laravel/framework/src/Illuminate/Routing/Router.php(764): Illuminate/Routing/Router->runRoute(Object(Illuminate/Http/Request), Object(Illuminate/Routing/Route))
#21 C:/Users/hp/practica1-api2/vendor/laravel/framework/src/Illuminate/Routing/Router.php(753): Illuminate/Routing/Router->dispatchToRoute(Object(Illuminate/Http/Request))
#22 C:/Users/hp/practica1-api2/vendor/laravel/framework/src/Illuminate/Foundation/Http/Kernel.php(200): Illuminate/Routing/Router->dispatch(Object(Illuminate/Http/Request))
#23 C:/Users/hp/practica1-api2/vendor/laravel/framework/src/Illuminate/Pipeline/Pipeline.php(180): Illuminate/Foundation/Http/Kernel->Illuminate/Foundation/Http/{closure}(Object(Illuminate/Http/Request))
#24 C:/Users/hp/practica1-api2/vendor/laravel/framework/src/Illuminate/Foundation/Http/Middleware/TransformsRequest.php(21): Illuminate/Pipeline/Pipeline->Illuminate/Pipeline/{closure}(Object(Illuminate/Http/Request))
#25 C:/Users/hp/practica1-api2/vendor/laravel/framework/src/Illuminate/Foundation/Http/Middleware/ConvertEmptyStringsToNull.php(31): Illuminate/Foundation/Http/Middleware/TransformsRequest->handle(Object(Illuminate/Http/Request), Object(Closure))
#26 C:/Users/hp/practica1-api2/vendor/laravel/framework/src/Illuminate/Pipeline/Pipeline.php(219): Illuminate/Foundation/Http/Middleware/ConvertEmptyStringsToNull->handle(Object(Illuminate/Http/Request), Object(Closure))
#27 C:/Users/hp/practica1-api2/vendor/laravel/framework/src/Illuminate/Foundation/Http/Middleware/TransformsRequest.php(21): Illuminate/Pipeline/Pipeline->Illuminate/Pipeline/{closure}(Object(Illuminate/Http/Request))
#28 C:/Users/hp/practica1-api2/vendor/laravel/framework/src/Illuminate/Foundation/Http/Middleware/TrimStrings.php(51): Illuminate/Foundation/Http/Middleware/TransformsRequest->handle(Object(Illuminate/Http/Request), Object(Closure))
#29 C:/Users/hp/practica1-api2/vendor/laravel/framework/src/Illuminate/Pipeline/Pipeline.php(219): Illuminate/Foundation/Http/Middleware/TrimStrings->handle(Object(Illuminate/Http/Request), Object(Closure))
#30 C:/Users/hp/practica1-api2/vendor/laravel/framework/src/Illuminate/Http/Middleware/ValidatePostSize.php(27): Illuminate/Pipeline/Pipeline->Illuminate/Pipeline/{closure}(Object(Illuminate/Http/Request))
#31 C:/Users/hp/practica1-api2/vendor/laravel/framework/src/Illuminate/Pipeline/Pipeline.php(219): Illuminate/Http/Middleware/ValidatePostSize->handle(Object(Illuminate/Http/Request), Object(Closure))
#32 C:/Users/hp/practica1-api2/vendor/laravel/framework/src/Illuminate/Foundation/Http/Middleware/PreventRequestsDuringMaintenance.php(109): Illuminate/Pipeline/Pipeline->Illuminate/Pipeline/{closure}(Object(Illuminate/Http/Request))
#33 C:/Users/hp/practica1-api2/vendor/laravel/framework/src/Illuminate/Pipeline/Pipeline.php(219): Illuminate/Foundation/Http/Middleware/PreventRequestsDuringMaintenance->handle(Object(Illuminate/Http/Request), Object(Closure))
#34 C:/Users/hp/practica1-api2/vendor/laravel/framework/src/Illuminate/Http/Middleware/HandleCors.php(74): Illuminate/Pipeline/Pipeline->Illuminate/Pipeline/{closure}(Object(Illuminate/Http/Request))
#35 C:/Users/hp/practica1-api2/vendor/laravel/framework/src/Illuminate/Pipeline/Pipeline.php(219): Illuminate/Http/Middleware/HandleCors->handle(Object(Illuminate/Http/Request), Object(Closure))
#36 C:/Users/hp/practica1-api2/vendor/laravel/framework/src/Illuminate/Http/Middleware/TrustProxies.php(58): Illuminate/Pipeline/Pipeline->Illuminate/Pipeline/{closure}(Object(Illuminate/Http/Request))
#37 C:/Users/hp/practica1-api2/vendor/laravel/framework/src/Illuminate/Pipeline/Pipeline.php(219): Illuminate/Http/Middleware/TrustProxies->handle(Object(Illuminate/Http/Request), Object(Closure))
#38 C:/Users/hp/practica1-api2/vendor/laravel/framework/src/Illuminate/Foundation/Http/Middleware/InvokeDeferredCallbacks.php(22): Illuminate/Pipeline/Pipeline->Illuminate/Pipeline/{closure}(Object(Illuminate/Http/Request))
#39 C:/Users/hp/practica1-api2/vendor/laravel/framework/src/Illuminate/Pipeline/Pipeline.php(219): Illuminate/Foundation/Http/Middleware/InvokeDeferredCallbacks->handle(Object(Illuminate/Http/Request), Object(Closure))
#40 C:/Users/hp/practica1-api2/vendor/laravel/framework/src/Illuminate/Http/Middleware/ValidatePathEncoding.php(26): Illuminate/Pipeline/Pipeline->Illuminate/Pipeline/{closure}(Object(Illuminate/Http/Request))
#41 C:/Users/hp/practica1-api2/vendor/laravel/framework/src/Illuminate/Pipeline/Pipeline.php(219): Illuminate/Http/Middleware/ValidatePathEncoding->handle(Object(Illuminate/Http/Request), Object(Closure))
#42 C:/Users/hp/practica1-api2/vendor/laravel/framework/src/Illuminate/Pipeline/Pipeline.php(137): Illuminate/Pipeline/Pipeline->Illuminate/Pipeline/{closure}(Object(Illuminate/Http/Request))
#43 C:/Users/hp/practica1-api2/vendor/laravel/framework/src/Illuminate/Foundation/Http/Kernel.php(175): Illuminate/Pipeline/Pipeline->then(Object(Closure))
#44 C:/Users/hp/practica1-api2/vendor/laravel/framework/src/Illuminate/Foundation/Http/Kernel.php(144): Illuminate/Foundation/Http/Kernel->sendRequestThroughRouter(Object(Illuminate/Http/Request))
#45 C:/Users/hp/practica1-api2/vendor/laravel/framework/src/Illuminate/Foundation/Application.php(1220): Illuminate/Foundation/Http/Kernel->handle(Object(Illuminate/Http/Request))
#46 C:/Users/hp/practica1-api2/public/index.php(20): Illuminate/Foundation/Application->handleRequest(Object(Illuminate/Http/Request))
#47 C:/Users/hp/practica1-api2/vendor/laravel/framework/src/Illuminate/Foundation/resources/server.php(23): require_once('C://Users//hp//pra...')
#48 {main}
"} 
[2026-06-14 22:58:42] local.ERROR: Call to undefined relationship [items] on model [App\Models\Producto]. {"userId":1,"exception":"[object] (Illuminate\\Database\\Eloquent\\RelationNotFoundException(code: 0): Call to undefined relationship [items] on model [App\\Models\\Producto]. at C:/Users/hp/practica1-api2/vendor/laravel/framework/src/Illuminate/Database/Eloquent/RelationNotFoundException.php:35)
[stacktrace]
#0 C:/Users/hp/practica1-api2/vendor/laravel/framework/src/Illuminate/Database/Eloquent/Builder.php(969): Illuminate/Database/Eloquent/RelationNotFoundException::make(Object(App/Models/Producto), 'items')
#1 C:/Users/hp/practica1-api2/vendor/laravel/framework/src/Illuminate/Database/Eloquent/Relations/Relation.php(119): Illuminate/Database/Eloquent/Builder->Illuminate/Database/Eloquent/{closure}()
#2 C:/Users/hp/practica1-api2/vendor/laravel/framework/src/Illuminate/Database/Eloquent/Builder.php(965): Illuminate/Database/Eloquent/Relations/Relation::noConstraints(Object(Closure))
#3 C:/Users/hp/practica1-api2/vendor/laravel/framework/src/Illuminate/Database/Eloquent/Builder.php(939): Illuminate/Database/Eloquent/Builder->getRelation('items')
#4 C:/Users/hp/practica1-api2/vendor/laravel/framework/src/Illuminate/Database/Eloquent/Builder.php(919): Illuminate/Database/Eloquent/Builder->eagerLoadRelation(Array, 'items', Object(Closure))
#5 C:/Users/hp/practica1-api2/vendor/laravel/framework/src/Illuminate/Database/Eloquent/Builder.php(885): Illuminate/Database/Eloquent/Builder->eagerLoadRelations(Array)
#6 C:/Users/hp/practica1-api2/vendor/laravel/framework/src/Illuminate/Database/Eloquent/Builder.php(1125): Illuminate/Database/Eloquent/Builder->get(Array)
#7 C:/Users/hp/practica1-api2/app/Http/Controllers/Api/V1/ProductoController.php(38): Illuminate/Database/Eloquent/Builder->paginate(15)
#8 C:/Users/hp/practica1-api2/vendor/laravel/framework/src/Illuminate/Routing/ControllerDispatcher.php(46): App/Http/Controllers/Api/V1/ProductoController->index(Object(Illuminate/Http/Request))
#9 C:/Users/hp/practica1-api2/vendor/laravel/framework/src/Illuminate/Routing/Route.php(265): Illuminate/Routing/ControllerDispatcher->dispatch(Object(Illuminate/Routing/Route), Object(App/Http/Controllers/Api/V1/ProductoController), 'index')
#10 C:/Users/hp/practica1-api2/vendor/laravel/framework/src/Illuminate/Routing/Route.php(211): Illuminate/Routing/Route->runController()
#11 C:/Users/hp/practica1-api2/vendor/laravel/framework/src/Illuminate/Routing/Router.php(822): Illuminate/Routing/Route->run()
#12 C:/Users/hp/practica1-api2/vendor/laravel/framework/src/Illuminate/Pipeline/Pipeline.php(180): Illuminate/Routing/Router->Illuminate/Routing/{closure}(Object(Illuminate/Http/Request))
#13 C:/Users/hp/practica1-api2/vendor/laravel/framework/src/Illuminate/Routing/Middleware/SubstituteBindings.php(50): Illuminate/Pipeline/Pipeline->Illuminate/Pipeline/{closure}(Object(Illuminate/Http/Request))
#14 C:/Users/hp/practica1-api2/vendor/laravel/framework/src/Illuminate/Pipeline/Pipeline.php(219): Illuminate/Routing/Middleware/SubstituteBindings->handle(Object(Illuminate/Http/Request), Object(Closure))
#15 C:/Users/hp/practica1-api2/vendor/laravel/framework/src/Illuminate/Auth/Middleware/Authenticate.php(63): Illuminate/Pipeline/Pipeline->Illuminate/Pipeline/{closure}(Object(Illuminate/Http/Request))
#16 C:/Users/hp/practica1-api2/vendor/laravel/framework/src/Illuminate/Pipeline/Pipeline.php(219): Illuminate/Auth/Middleware/Authenticate->handle(Object(Illuminate/Http/Request), Object(Closure), 'sanctum')
#17 C:/Users/hp/practica1-api2/vendor/laravel/framework/src/Illuminate/Pipeline/Pipeline.php(137): Illuminate/Pipeline/Pipeline->Illuminate/Pipeline/{closure}(Object(Illuminate/Http/Request))
#18 C:/Users/hp/practica1-api2/vendor/laravel/framework/src/Illuminate/Routing/Router.php(821): Illuminate/Pipeline/Pipeline->then(Object(Closure))
#19 C:/Users/hp/practica1-api2/vendor/laravel/framework/src/Illuminate/Routing/Router.php(800): Illuminate/Routing/Router->runRouteWithinStack(Object(Illuminate/Routing/Route), Object(Illuminate/Http/Request))
#20 C:/Users/hp/practica1-api2/vendor/laravel/framework/src/Illuminate/Routing/Router.php(764): Illuminate/Routing/Router->runRoute(Object(Illuminate/Http/Request), Object(Illuminate/Routing/Route))
#21 C:/Users/hp/practica1-api2/vendor/laravel/framework/src/Illuminate/Routing/Router.php(753): Illuminate/Routing/Router->dispatchToRoute(Object(Illuminate/Http/Request))
#22 C:/Users/hp/practica1-api2/vendor/laravel/framework/src/Illuminate/Foundation/Http/Kernel.php(200): Illuminate/Routing/Router->dispatch(Object(Illuminate/Http/Request))
#23 C:/Users/hp/practica1-api2/vendor/laravel/framework/src/Illuminate/Pipeline/Pipeline.php(180): Illuminate/Foundation/Http/Kernel->Illuminate/Foundation/Http/{closure}(Object(Illuminate/Http/Request))
#24 C:/Users/hp/practica1-api2/vendor/laravel/framework/src/Illuminate/Foundation/Http/Middleware/TransformsRequest.php(21): Illuminate/Pipeline/Pipeline->Illuminate/Pipeline/{closure}(Object(Illuminate/Http/Request))
#25 C:/Users/hp/practica1-api2/vendor/laravel/framework/src/Illuminate/Foundation/Http/Middleware/ConvertEmptyStringsToNull.php(31): Illuminate/Foundation/Http/Middleware/TransformsRequest->handle(Object(Illuminate/Http/Request), Object(Closure))
#26 C:/Users/hp/practica1-api2/vendor/laravel/framework/src/Illuminate/Pipeline/Pipeline.php(219): Illuminate/Foundation/Http/Middleware/ConvertEmptyStringsToNull->handle(Object(Illuminate/Http/Request), Object(Closure))
#27 C:/Users/hp/practica1-api2/vendor/laravel/framework/src/Illuminate/Foundation/Http/Middleware/TransformsRequest.php(21): Illuminate/Pipeline/Pipeline->Illuminate/Pipeline/{closure}(Object(Illuminate/Http/Request))
#28 C:/Users/hp/practica1-api2/vendor/laravel/framework/src/Illuminate/Foundation/Http/Middleware/TrimStrings.php(51): Illuminate/Foundation/Http/Middleware/TransformsRequest->handle(Object(Illuminate/Http/Request), Object(Closure))
#29 C:/Users/hp/practica1-api2/vendor/laravel/framework/src/Illuminate/Pipeline/Pipeline.php(219): Illuminate/Foundation/Http/Middleware/TrimStrings->handle(Object(Illuminate/Http/Request), Object(Closure))
#30 C:/Users/hp/practica1-api2/vendor/laravel/framework/src/Illuminate/Http/Middleware/ValidatePostSize.php(27): Illuminate/Pipeline/Pipeline->Illuminate/Pipeline/{closure}(Object(Illuminate/Http/Request))
#31 C:/Users/hp/practica1-api2/vendor/laravel/framework/src/Illuminate/Pipeline/Pipeline.php(219): Illuminate/Http/Middleware/ValidatePostSize->handle(Object(Illuminate/Http/Request), Object(Closure))
#32 C:/Users/hp/practica1-api2/vendor/laravel/framework/src/Illuminate/Foundation/Http/Middleware/PreventRequestsDuringMaintenance.php(109): Illuminate/Pipeline/Pipeline->Illuminate/Pipeline/{closure}(Object(Illuminate/Http/Request))
#33 C:/Users/hp/practica1-api2/vendor/laravel/framework/src/Illuminate/Pipeline/Pipeline.php(219): Illuminate/Foundation/Http/Middleware/PreventRequestsDuringMaintenance->handle(Object(Illuminate/Http/Request), Object(Closure))
#34 C:/Users/hp/practica1-api2/vendor/laravel/framework/src/Illuminate/Http/Middleware/HandleCors.php(74): Illuminate/Pipeline/Pipeline->Illuminate/Pipeline/{closure}(Object(Illuminate/Http/Request))
#35 C:/Users/hp/practica1-api2/vendor/laravel/framework/src/Illuminate/Pipeline/Pipeline.php(219): Illuminate/Http/Middleware/HandleCors->handle(Object(Illuminate/Http/Request), Object(Closure))
#36 C:/Users/hp/practica1-api2/vendor/laravel/framework/src/Illuminate/Http/Middleware/TrustProxies.php(58): Illuminate/Pipeline/Pipeline->Illuminate/Pipeline/{closure}(Object(Illuminate/Http/Request))
#37 C:/Users/hp/practica1-api2/vendor/laravel/framework/src/Illuminate/Pipeline/Pipeline.php(219): Illuminate/Http/Middleware/TrustProxies->handle(Object(Illuminate/Http/Request), Object(Closure))
#38 C:/Users/hp/practica1-api2/vendor/laravel/framework/src/Illuminate/Foundation/Http/Middleware/InvokeDeferredCallbacks.php(22): Illuminate/Pipeline/Pipeline->Illuminate/Pipeline/{closure}(Object(Illuminate/Http/Request))
#39 C:/Users/hp/practica1-api2/vendor/laravel/framework/src/Illuminate/Pipeline/Pipeline.php(219): Illuminate/Foundation/Http/Middleware/InvokeDeferredCallbacks->handle(Object(Illuminate/Http/Request), Object(Closure))
#40 C:/Users/hp/practica1-api2/vendor/laravel/framework/src/Illuminate/Http/Middleware/ValidatePathEncoding.php(26): Illuminate/Pipeline/Pipeline->Illuminate/Pipeline/{closure}(Object(Illuminate/Http/Request))
#41 C:/Users/hp/practica1-api2/vendor/laravel/framework/src/Illuminate/Pipeline/Pipeline.php(219): Illuminate/Http/Middleware/ValidatePathEncoding->handle(Object(Illuminate/Http/Request), Object(Closure))
#42 C:/Users/hp/practica1-api2/vendor/laravel/framework/src/Illuminate/Pipeline/Pipeline.php(137): Illuminate/Pipeline/Pipeline->Illuminate/Pipeline/{closure}(Object(Illuminate/Http/Request))
#43 C:/Users/hp/practica1-api2/vendor/laravel/framework/src/Illuminate/Foundation/Http/Kernel.php(175): Illuminate/Pipeline/Pipeline->then(Object(Closure))
#44 C:/Users/hp/practica1-api2/vendor/laravel/framework/src/Illuminate/Foundation/Http/Kernel.php(144): Illuminate/Foundation/Http/Kernel->sendRequestThroughRouter(Object(Illuminate/Http/Request))
#45 C:/Users/hp/practica1-api2/vendor/laravel/framework/src/Illuminate/Foundation/Application.php(1220): Illuminate/Foundation/Http/Kernel->handle(Object(Illuminate/Http/Request))
#46 C:/Users/hp/practica1-api2/public/index.php(20): Illuminate/Foundation/Application->handleRequest(Object(Illuminate/Http/Request))
#47 C:/Users/hp/practica1-api2/vendor/laravel/framework/src/Illuminate/Foundation/resources/server.php(23): require_once('C://Users//hp//pra...')
#48 {main}
"} 
[2026-06-14 22:59:59] local.ERROR: Call to undefined relationship [items] on model [App\Models\Producto]. {"userId":1,"exception":"[object] (Illuminate\\Database\\Eloquent\\RelationNotFoundException(code: 0): Call to undefined relationship [items] on model [App\\Models\\Producto]. at C:/Users/hp/practica1-api2/vendor/laravel/framework/src/Illuminate/Database/Eloquent/RelationNotFoundException.php:35)
[stacktrace]
#0 C:/Users/hp/practica1-api2/vendor/laravel/framework/src/Illuminate/Database/Eloquent/Builder.php(969): Illuminate/Database/Eloquent/RelationNotFoundException::make(Object(App/Models/Producto), 'items')
#1 C:/Users/hp/practica1-api2/vendor/laravel/framework/src/Illuminate/Database/Eloquent/Relations/Relation.php(119): Illuminate/Database/Eloquent/Builder->Illuminate/Database/Eloquent/{closure}()
#2 C:/Users/hp/practica1-api2/vendor/laravel/framework/src/Illuminate/Database/Eloquent/Builder.php(965): Illuminate/Database/Eloquent/Relations/Relation::noConstraints(Object(Closure))
#3 C:/Users/hp/practica1-api2/vendor/laravel/framework/src/Illuminate/Database/Eloquent/Builder.php(939): Illuminate/Database/Eloquent/Builder->getRelation('items')
#4 C:/Users/hp/practica1-api2/vendor/laravel/framework/src/Illuminate/Database/Eloquent/Builder.php(919): Illuminate/Database/Eloquent/Builder->eagerLoadRelation(Array, 'items', Object(Closure))
#5 C:/Users/hp/practica1-api2/vendor/laravel/framework/src/Illuminate/Database/Eloquent/Builder.php(885): Illuminate/Database/Eloquent/Builder->eagerLoadRelations(Array)
#6 C:/Users/hp/practica1-api2/vendor/laravel/framework/src/Illuminate/Database/Eloquent/Builder.php(1125): Illuminate/Database/Eloquent/Builder->get(Array)
#7 C:/Users/hp/practica1-api2/app/Http/Controllers/Api/V1/ProductoController.php(38): Illuminate/Database/Eloquent/Builder->paginate(15)
#8 C:/Users/hp/practica1-api2/vendor/laravel/framework/src/Illuminate/Routing/ControllerDispatcher.php(46): App/Http/Controllers/Api/V1/ProductoController->index(Object(Illuminate/Http/Request))
#9 C:/Users/hp/practica1-api2/vendor/laravel/framework/src/Illuminate/Routing/Route.php(265): Illuminate/Routing/ControllerDispatcher->dispatch(Object(Illuminate/Routing/Route), Object(App/Http/Controllers/Api/V1/ProductoController), 'index')
#10 C:/Users/hp/practica1-api2/vendor/laravel/framework/src/Illuminate/Routing/Route.php(211): Illuminate/Routing/Route->runController()
#11 C:/Users/hp/practica1-api2/vendor/laravel/framework/src/Illuminate/Routing/Router.php(822): Illuminate/Routing/Route->run()
#12 C:/Users/hp/practica1-api2/vendor/laravel/framework/src/Illuminate/Pipeline/Pipeline.php(180): Illuminate/Routing/Router->Illuminate/Routing/{closure}(Object(Illuminate/Http/Request))
#13 C:/Users/hp/practica1-api2/vendor/laravel/framework/src/Illuminate/Routing/Middleware/SubstituteBindings.php(50): Illuminate/Pipeline/Pipeline->Illuminate/Pipeline/{closure}(Object(Illuminate/Http/Request))
#14 C:/Users/hp/practica1-api2/vendor/laravel/framework/src/Illuminate/Pipeline/Pipeline.php(219): Illuminate/Routing/Middleware/SubstituteBindings->handle(Object(Illuminate/Http/Request), Object(Closure))
#15 C:/Users/hp/practica1-api2/vendor/laravel/framework/src/Illuminate/Auth/Middleware/Authenticate.php(63): Illuminate/Pipeline/Pipeline->Illuminate/Pipeline/{closure}(Object(Illuminate/Http/Request))
#16 C:/Users/hp/practica1-api2/vendor/laravel/framework/src/Illuminate/Pipeline/Pipeline.php(219): Illuminate/Auth/Middleware/Authenticate->handle(Object(Illuminate/Http/Request), Object(Closure), 'sanctum')
#17 C:/Users/hp/practica1-api2/vendor/laravel/framework/src/Illuminate/Pipeline/Pipeline.php(137): Illuminate/Pipeline/Pipeline->Illuminate/Pipeline/{closure}(Object(Illuminate/Http/Request))
#18 C:/Users/hp/practica1-api2/vendor/laravel/framework/src/Illuminate/Routing/Router.php(821): Illuminate/Pipeline/Pipeline->then(Object(Closure))
#19 C:/Users/hp/practica1-api2/vendor/laravel/framework/src/Illuminate/Routing/Router.php(800): Illuminate/Routing/Router->runRouteWithinStack(Object(Illuminate/Routing/Route), Object(Illuminate/Http/Request))
#20 C:/Users/hp/practica1-api2/vendor/laravel/framework/src/Illuminate/Routing/Router.php(764): Illuminate/Routing/Router->runRoute(Object(Illuminate/Http/Request), Object(Illuminate/Routing/Route))
#21 C:/Users/hp/practica1-api2/vendor/laravel/framework/src/Illuminate/Routing/Router.php(753): Illuminate/Routing/Router->dispatchToRoute(Object(Illuminate/Http/Request))
#22 C:/Users/hp/practica1-api2/vendor/laravel/framework/src/Illuminate/Foundation/Http/Kernel.php(200): Illuminate/Routing/Router->dispatch(Object(Illuminate/Http/Request))
#23 C:/Users/hp/practica1-api2/vendor/laravel/framework/src/Illuminate/Pipeline/Pipeline.php(180): Illuminate/Foundation/Http/Kernel->Illuminate/Foundation/Http/{closure}(Object(Illuminate/Http/Request))
#24 C:/Users/hp/practica1-api2/vendor/laravel/framework/src/Illuminate/Foundation/Http/Middleware/TransformsRequest.php(21): Illuminate/Pipeline/Pipeline->Illuminate/Pipeline/{closure}(Object(Illuminate/Http/Request))
#25 C:/Users/hp/practica1-api2/vendor/laravel/framework/src/Illuminate/Foundation/Http/Middleware/ConvertEmptyStringsToNull.php(31): Illuminate/Foundation/Http/Middleware/TransformsRequest->handle(Object(Illuminate/Http/Request), Object(Closure))
#26 C:/Users/hp/practica1-api2/vendor/laravel/framework/src/Illuminate/Pipeline/Pipeline.php(219): Illuminate/Foundation/Http/Middleware/ConvertEmptyStringsToNull->handle(Object(Illuminate/Http/Request), Object(Closure))
#27 C:/Users/hp/practica1-api2/vendor/laravel/framework/src/Illuminate/Foundation/Http/Middleware/TransformsRequest.php(21): Illuminate/Pipeline/Pipeline->Illuminate/Pipeline/{closure}(Object(Illuminate/Http/Request))
#28 C:/Users/hp/practica1-api2/vendor/laravel/framework/src/Illuminate/Foundation/Http/Middleware/TrimStrings.php(51): Illuminate/Foundation/Http/Middleware/TransformsRequest->handle(Object(Illuminate/Http/Request), Object(Closure))
#29 C:/Users/hp/practica1-api2/vendor/laravel/framework/src/Illuminate/Pipeline/Pipeline.php(219): Illuminate/Foundation/Http/Middleware/TrimStrings->handle(Object(Illuminate/Http/Request), Object(Closure))
#30 C:/Users/hp/practica1-api2/vendor/laravel/framework/src/Illuminate/Http/Middleware/ValidatePostSize.php(27): Illuminate/Pipeline/Pipeline->Illuminate/Pipeline/{closure}(Object(Illuminate/Http/Request))
#31 C:/Users/hp/practica1-api2/vendor/laravel/framework/src/Illuminate/Pipeline/Pipeline.php(219): Illuminate/Http/Middleware/ValidatePostSize->handle(Object(Illuminate/Http/Request), Object(Closure))
#32 C:/Users/hp/practica1-api2/vendor/laravel/framework/src/Illuminate/Foundation/Http/Middleware/PreventRequestsDuringMaintenance.php(109): Illuminate/Pipeline/Pipeline->Illuminate/Pipeline/{closure}(Object(Illuminate/Http/Request))
#33 C:/Users/hp/practica1-api2/vendor/laravel/framework/src/Illuminate/Pipeline/Pipeline.php(219): Illuminate/Foundation/Http/Middleware/PreventRequestsDuringMaintenance->handle(Object(Illuminate/Http/Request), Object(Closure))
#34 C:/Users/hp/practica1-api2/vendor/laravel/framework/src/Illuminate/Http/Middleware/HandleCors.php(74): Illuminate/Pipeline/Pipeline->Illuminate/Pipeline/{closure}(Object(Illuminate/Http/Request))
#35 C:/Users/hp/practica1-api2/vendor/laravel/framework/src/Illuminate/Pipeline/Pipeline.php(219): Illuminate/Http/Middleware/HandleCors->handle(Object(Illuminate/Http/Request), Object(Closure))
#36 C:/Users/hp/practica1-api2/vendor/laravel/framework/src/Illuminate/Http/Middleware/TrustProxies.php(58): Illuminate/Pipeline/Pipeline->Illuminate/Pipeline/{closure}(Object(Illuminate/Http/Request))
#37 C:/Users/hp/practica1-api2/vendor/laravel/framework/src/Illuminate/Pipeline/Pipeline.php(219): Illuminate/Http/Middleware/TrustProxies->handle(Object(Illuminate/Http/Request), Object(Closure))
#38 C:/Users/hp/practica1-api2/vendor/laravel/framework/src/Illuminate/Foundation/Http/Middleware/InvokeDeferredCallbacks.php(22): Illuminate/Pipeline/Pipeline->Illuminate/Pipeline/{closure}(Object(Illuminate/Http/Request))
#39 C:/Users/hp/practica1-api2/vendor/laravel/framework/src/Illuminate/Pipeline/Pipeline.php(219): Illuminate/Foundation/Http/Middleware/InvokeDeferredCallbacks->handle(Object(Illuminate/Http/Request), Object(Closure))
#40 C:/Users/hp/practica1-api2/vendor/laravel/framework/src/Illuminate/Http/Middleware/ValidatePathEncoding.php(26): Illuminate/Pipeline/Pipeline->Illuminate/Pipeline/{closure}(Object(Illuminate/Http/Request))
#41 C:/Users/hp/practica1-api2/vendor/laravel/framework/src/Illuminate/Pipeline/Pipeline.php(219): Illuminate/Http/Middleware/ValidatePathEncoding->handle(Object(Illuminate/Http/Request), Object(Closure))
#42 C:/Users/hp/practica1-api2/vendor/laravel/framework/src/Illuminate/Pipeline/Pipeline.php(137): Illuminate/Pipeline/Pipeline->Illuminate/Pipeline/{closure}(Object(Illuminate/Http/Request))
#43 C:/Users/hp/practica1-api2/vendor/laravel/framework/src/Illuminate/Foundation/Http/Kernel.php(175): Illuminate/Pipeline/Pipeline->then(Object(Closure))
#44 C:/Users/hp/practica1-api2/vendor/laravel/framework/src/Illuminate/Foundation/Http/Kernel.php(144): Illuminate/Foundation/Http/Kernel->sendRequestThroughRouter(Object(Illuminate/Http/Request))
#45 C:/Users/hp/practica1-api2/vendor/laravel/framework/src/Illuminate/Foundation/Application.php(1220): Illuminate/Foundation/Http/Kernel->handle(Object(Illuminate/Http/Request))
#46 C:/Users/hp/practica1-api2/public/index.php(20): Illuminate/Foundation/Application->handleRequest(Object(Illuminate/Http/Request))
#47 C:/Users/hp/practica1-api2/vendor/laravel/framework/src/Illuminate/Foundation/resources/server.php(23): require_once('C://Users//hp//pra...')
#48 {main}
"} 
[2026-06-14 23:01:07] local.ERROR: Call to undefined relationship [items] on model [App\Models\Producto]. {"userId":1,"exception":"[object] (Illuminate\\Database\\Eloquent\\RelationNotFoundException(code: 0): Call to undefined relationship [items] on model [App\\Models\\Producto]. at C:/Users/hp/practica1-api2/vendor/laravel/framework/src/Illuminate/Database/Eloquent/RelationNotFoundException.php:35)
[stacktrace]
#0 C:/Users/hp/practica1-api2/vendor/laravel/framework/src/Illuminate/Database/Eloquent/Builder.php(969): Illuminate/Database/Eloquent/RelationNotFoundException::make(Object(App/Models/Producto), 'items')
#1 C:/Users/hp/practica1-api2/vendor/laravel/framework/src/Illuminate/Database/Eloquent/Relations/Relation.php(119): Illuminate/Database/Eloquent/Builder->Illuminate/Database/Eloquent/{closure}()
#2 C:/Users/hp/practica1-api2/vendor/laravel/framework/src/Illuminate/Database/Eloquent/Builder.php(965): Illuminate/Database/Eloquent/Relations/Relation::noConstraints(Object(Closure))
#3 C:/Users/hp/practica1-api2/vendor/laravel/framework/src/Illuminate/Database/Eloquent/Builder.php(939): Illuminate/Database/Eloquent/Builder->getRelation('items')
#4 C:/Users/hp/practica1-api2/vendor/laravel/framework/src/Illuminate/Database/Eloquent/Builder.php(919): Illuminate/Database/Eloquent/Builder->eagerLoadRelation(Array, 'items', Object(Closure))
#5 C:/Users/hp/practica1-api2/vendor/laravel/framework/src/Illuminate/Database/Eloquent/Builder.php(885): Illuminate/Database/Eloquent/Builder->eagerLoadRelations(Array)
#6 C:/Users/hp/practica1-api2/vendor/laravel/framework/src/Illuminate/Database/Eloquent/Builder.php(1125): Illuminate/Database/Eloquent/Builder->get(Array)
#7 C:/Users/hp/practica1-api2/app/Http/Controllers/Api/V1/ProductoController.php(38): Illuminate/Database/Eloquent/Builder->paginate(15)
#8 C:/Users/hp/practica1-api2/vendor/laravel/framework/src/Illuminate/Routing/ControllerDispatcher.php(46): App/Http/Controllers/Api/V1/ProductoController->index(Object(Illuminate/Http/Request))
#9 C:/Users/hp/practica1-api2/vendor/laravel/framework/src/Illuminate/Routing/Route.php(265): Illuminate/Routing/ControllerDispatcher->dispatch(Object(Illuminate/Routing/Route), Object(App/Http/Controllers/Api/V1/ProductoController), 'index')
#10 C:/Users/hp/practica1-api2/vendor/laravel/framework/src/Illuminate/Routing/Route.php(211): Illuminate/Routing/Route->runController()
#11 C:/Users/hp/practica1-api2/vendor/laravel/framework/src/Illuminate/Routing/Router.php(822): Illuminate/Routing/Route->run()
#12 C:/Users/hp/practica1-api2/vendor/laravel/framework/src/Illuminate/Pipeline/Pipeline.php(180): Illuminate/Routing/Router->Illuminate/Routing/{closure}(Object(Illuminate/Http/Request))
#13 C:/Users/hp/practica1-api2/vendor/laravel/framework/src/Illuminate/Routing/Middleware/SubstituteBindings.php(50): Illuminate/Pipeline/Pipeline->Illuminate/Pipeline/{closure}(Object(Illuminate/Http/Request))
#14 C:/Users/hp/practica1-api2/vendor/laravel/framework/src/Illuminate/Pipeline/Pipeline.php(219): Illuminate/Routing/Middleware/SubstituteBindings->handle(Object(Illuminate/Http/Request), Object(Closure))
#15 C:/Users/hp/practica1-api2/vendor/laravel/framework/src/Illuminate/Auth/Middleware/Authenticate.php(63): Illuminate/Pipeline/Pipeline->Illuminate/Pipeline/{closure}(Object(Illuminate/Http/Request))
#16 C:/Users/hp/practica1-api2/vendor/laravel/framework/src/Illuminate/Pipeline/Pipeline.php(219): Illuminate/Auth/Middleware/Authenticate->handle(Object(Illuminate/Http/Request), Object(Closure), 'sanctum')
#17 C:/Users/hp/practica1-api2/vendor/laravel/framework/src/Illuminate/Pipeline/Pipeline.php(137): Illuminate/Pipeline/Pipeline->Illuminate/Pipeline/{closure}(Object(Illuminate/Http/Request))
#18 C:/Users/hp/practica1-api2/vendor/laravel/framework/src/Illuminate/Routing/Router.php(821): Illuminate/Pipeline/Pipeline->then(Object(Closure))
#19 C:/Users/hp/practica1-api2/vendor/laravel/framework/src/Illuminate/Routing/Router.php(800): Illuminate/Routing/Router->runRouteWithinStack(Object(Illuminate/Routing/Route), Object(Illuminate/Http/Request))
#20 C:/Users/hp/practica1-api2/vendor/laravel/framework/src/Illuminate/Routing/Router.php(764): Illuminate/Routing/Router->runRoute(Object(Illuminate/Http/Request), Object(Illuminate/Routing/Route))
#21 C:/Users/hp/practica1-api2/vendor/laravel/framework/src/Illuminate/Routing/Router.php(753): Illuminate/Routing/Router->dispatchToRoute(Object(Illuminate/Http/Request))
#22 C:/Users/hp/practica1-api2/vendor/laravel/framework/src/Illuminate/Foundation/Http/Kernel.php(200): Illuminate/Routing/Router->dispatch(Object(Illuminate/Http/Request))
#23 C:/Users/hp/practica1-api2/vendor/laravel/framework/src/Illuminate/Pipeline/Pipeline.php(180): Illuminate/Foundation/Http/Kernel->Illuminate/Foundation/Http/{closure}(Object(Illuminate/Http/Request))
#24 C:/Users/hp/practica1-api2/vendor/laravel/framework/src/Illuminate/Foundation/Http/Middleware/TransformsRequest.php(21): Illuminate/Pipeline/Pipeline->Illuminate/Pipeline/{closure}(Object(Illuminate/Http/Request))
#25 C:/Users/hp/practica1-api2/vendor/laravel/framework/src/Illuminate/Foundation/Http/Middleware/ConvertEmptyStringsToNull.php(31): Illuminate/Foundation/Http/Middleware/TransformsRequest->handle(Object(Illuminate/Http/Request), Object(Closure))
#26 C:/Users/hp/practica1-api2/vendor/laravel/framework/src/Illuminate/Pipeline/Pipeline.php(219): Illuminate/Foundation/Http/Middleware/ConvertEmptyStringsToNull->handle(Object(Illuminate/Http/Request), Object(Closure))
#27 C:/Users/hp/practica1-api2/vendor/laravel/framework/src/Illuminate/Foundation/Http/Middleware/TransformsRequest.php(21): Illuminate/Pipeline/Pipeline->Illuminate/Pipeline/{closure}(Object(Illuminate/Http/Request))
#28 C:/Users/hp/practica1-api2/vendor/laravel/framework/src/Illuminate/Foundation/Http/Middleware/TrimStrings.php(51): Illuminate/Foundation/Http/Middleware/TransformsRequest->handle(Object(Illuminate/Http/Request), Object(Closure))
#29 C:/Users/hp/practica1-api2/vendor/laravel/framework/src/Illuminate/Pipeline/Pipeline.php(219): Illuminate/Foundation/Http/Middleware/TrimStrings->handle(Object(Illuminate/Http/Request), Object(Closure))
#30 C:/Users/hp/practica1-api2/vendor/laravel/framework/src/Illuminate/Http/Middleware/ValidatePostSize.php(27): Illuminate/Pipeline/Pipeline->Illuminate/Pipeline/{closure}(Object(Illuminate/Http/Request))
#31 C:/Users/hp/practica1-api2/vendor/laravel/framework/src/Illuminate/Pipeline/Pipeline.php(219): Illuminate/Http/Middleware/ValidatePostSize->handle(Object(Illuminate/Http/Request), Object(Closure))
#32 C:/Users/hp/practica1-api2/vendor/laravel/framework/src/Illuminate/Foundation/Http/Middleware/PreventRequestsDuringMaintenance.php(109): Illuminate/Pipeline/Pipeline->Illuminate/Pipeline/{closure}(Object(Illuminate/Http/Request))
#33 C:/Users/hp/practica1-api2/vendor/laravel/framework/src/Illuminate/Pipeline/Pipeline.php(219): Illuminate/Foundation/Http/Middleware/PreventRequestsDuringMaintenance->handle(Object(Illuminate/Http/Request), Object(Closure))
#34 C:/Users/hp/practica1-api2/vendor/laravel/framework/src/Illuminate/Http/Middleware/HandleCors.php(74): Illuminate/Pipeline/Pipeline->Illuminate/Pipeline/{closure}(Object(Illuminate/Http/Request))
#35 C:/Users/hp/practica1-api2/vendor/laravel/framework/src/Illuminate/Pipeline/Pipeline.php(219): Illuminate/Http/Middleware/HandleCors->handle(Object(Illuminate/Http/Request), Object(Closure))
#36 C:/Users/hp/practica1-api2/vendor/laravel/framework/src/Illuminate/Http/Middleware/TrustProxies.php(58): Illuminate/Pipeline/Pipeline->Illuminate/Pipeline/{closure}(Object(Illuminate/Http/Request))
#37 C:/Users/hp/practica1-api2/vendor/laravel/framework/src/Illuminate/Pipeline/Pipeline.php(219): Illuminate/Http/Middleware/TrustProxies->handle(Object(Illuminate/Http/Request), Object(Closure))
#38 C:/Users/hp/practica1-api2/vendor/laravel/framework/src/Illuminate/Foundation/Http/Middleware/InvokeDeferredCallbacks.php(22): Illuminate/Pipeline/Pipeline->Illuminate/Pipeline/{closure}(Object(Illuminate/Http/Request))
#39 C:/Users/hp/practica1-api2/vendor/laravel/framework/src/Illuminate/Pipeline/Pipeline.php(219): Illuminate/Foundation/Http/Middleware/InvokeDeferredCallbacks->handle(Object(Illuminate/Http/Request), Object(Closure))
#40 C:/Users/hp/practica1-api2/vendor/laravel/framework/src/Illuminate/Http/Middleware/ValidatePathEncoding.php(26): Illuminate/Pipeline/Pipeline->Illuminate/Pipeline/{closure}(Object(Illuminate/Http/Request))
#41 C:/Users/hp/practica1-api2/vendor/laravel/framework/src/Illuminate/Pipeline/Pipeline.php(219): Illuminate/Http/Middleware/ValidatePathEncoding->handle(Object(Illuminate/Http/Request), Object(Closure))
#42 C:/Users/hp/practica1-api2/vendor/laravel/framework/src/Illuminate/Pipeline/Pipeline.php(137): Illuminate/Pipeline/Pipeline->Illuminate/Pipeline/{closure}(Object(Illuminate/Http/Request))
#43 C:/Users/hp/practica1-api2/vendor/laravel/framework/src/Illuminate/Foundation/Http/Kernel.php(175): Illuminate/Pipeline/Pipeline->then(Object(Closure))
#44 C:/Users/hp/practica1-api2/vendor/laravel/framework/src/Illuminate/Foundation/Http/Kernel.php(144): Illuminate/Foundation/Http/Kernel->sendRequestThroughRouter(Object(Illuminate/Http/Request))
#45 C:/Users/hp/practica1-api2/vendor/laravel/framework/src/Illuminate/Foundation/Application.php(1220): Illuminate/Foundation/Http/Kernel->handle(Object(Illuminate/Http/Request))
#46 C:/Users/hp/practica1-api2/public/index.php(20): Illuminate/Foundation/Application->handleRequest(Object(Illuminate/Http/Request))
#47 C:/Users/hp/practica1-api2/vendor/laravel/framework/src/Illuminate/Foundation/resources/server.php(23): require_once('C://Users//hp//pra...')
#48 {main}
"} 
[2026-06-14 23:05:23] local.ERROR: Call to undefined relationship [items] on model [App\Models\Producto]. {"userId":1,"exception":"[object] (Illuminate\\Database\\Eloquent\\RelationNotFoundException(code: 0): Call to undefined relationship [items] on model [App\\Models\\Producto]. at C:/Users/hp/practica1-api2/vendor/laravel/framework/src/Illuminate/Database/Eloquent/RelationNotFoundException.php:35)
[stacktrace]
#0 C:/Users/hp/practica1-api2/vendor/laravel/framework/src/Illuminate/Database/Eloquent/Builder.php(969): Illuminate/Database/Eloquent/RelationNotFoundException::make(Object(App/Models/Producto), 'items')
#1 C:/Users/hp/practica1-api2/vendor/laravel/framework/src/Illuminate/Database/Eloquent/Relations/Relation.php(119): Illuminate/Database/Eloquent/Builder->Illuminate/Database/Eloquent/{closure}()
#2 C:/Users/hp/practica1-api2/vendor/laravel/framework/src/Illuminate/Database/Eloquent/Builder.php(965): Illuminate/Database/Eloquent/Relations/Relation::noConstraints(Object(Closure))
#3 C:/Users/hp/practica1-api2/vendor/laravel/framework/src/Illuminate/Database/Eloquent/Builder.php(939): Illuminate/Database/Eloquent/Builder->getRelation('items')
#4 C:/Users/hp/practica1-api2/vendor/laravel/framework/src/Illuminate/Database/Eloquent/Builder.php(919): Illuminate/Database/Eloquent/Builder->eagerLoadRelation(Array, 'items', Object(Closure))
#5 C:/Users/hp/practica1-api2/vendor/laravel/framework/src/Illuminate/Database/Eloquent/Builder.php(885): Illuminate/Database/Eloquent/Builder->eagerLoadRelations(Array)
#6 C:/Users/hp/practica1-api2/vendor/laravel/framework/src/Illuminate/Database/Eloquent/Builder.php(1125): Illuminate/Database/Eloquent/Builder->get(Array)
#7 C:/Users/hp/practica1-api2/app/Http/Controllers/Api/V1/ProductoController.php(38): Illuminate/Database/Eloquent/Builder->paginate(15)
#8 C:/Users/hp/practica1-api2/vendor/laravel/framework/src/Illuminate/Routing/ControllerDispatcher.php(46): App/Http/Controllers/Api/V1/ProductoController->index(Object(Illuminate/Http/Request))
#9 C:/Users/hp/practica1-api2/vendor/laravel/framework/src/Illuminate/Routing/Route.php(265): Illuminate/Routing/ControllerDispatcher->dispatch(Object(Illuminate/Routing/Route), Object(App/Http/Controllers/Api/V1/ProductoController), 'index')
#10 C:/Users/hp/practica1-api2/vendor/laravel/framework/src/Illuminate/Routing/Route.php(211): Illuminate/Routing/Route->runController()
#11 C:/Users/hp/practica1-api2/vendor/laravel/framework/src/Illuminate/Routing/Router.php(822): Illuminate/Routing/Route->run()
#12 C:/Users/hp/practica1-api2/vendor/laravel/framework/src/Illuminate/Pipeline/Pipeline.php(180): Illuminate/Routing/Router->Illuminate/Routing/{closure}(Object(Illuminate/Http/Request))
#13 C:/Users/hp/practica1-api2/vendor/laravel/framework/src/Illuminate/Routing/Middleware/SubstituteBindings.php(50): Illuminate/Pipeline/Pipeline->Illuminate/Pipeline/{closure}(Object(Illuminate/Http/Request))
#14 C:/Users/hp/practica1-api2/vendor/laravel/framework/src/Illuminate/Pipeline/Pipeline.php(219): Illuminate/Routing/Middleware/SubstituteBindings->handle(Object(Illuminate/Http/Request), Object(Closure))
#15 C:/Users/hp/practica1-api2/vendor/laravel/framework/src/Illuminate/Auth/Middleware/Authenticate.php(63): Illuminate/Pipeline/Pipeline->Illuminate/Pipeline/{closure}(Object(Illuminate/Http/Request))
#16 C:/Users/hp/practica1-api2/vendor/laravel/framework/src/Illuminate/Pipeline/Pipeline.php(219): Illuminate/Auth/Middleware/Authenticate->handle(Object(Illuminate/Http/Request), Object(Closure), 'sanctum')
#17 C:/Users/hp/practica1-api2/vendor/laravel/framework/src/Illuminate/Pipeline/Pipeline.php(137): Illuminate/Pipeline/Pipeline->Illuminate/Pipeline/{closure}(Object(Illuminate/Http/Request))
#18 C:/Users/hp/practica1-api2/vendor/laravel/framework/src/Illuminate/Routing/Router.php(821): Illuminate/Pipeline/Pipeline->then(Object(Closure))
#19 C:/Users/hp/practica1-api2/vendor/laravel/framework/src/Illuminate/Routing/Router.php(800): Illuminate/Routing/Router->runRouteWithinStack(Object(Illuminate/Routing/Route), Object(Illuminate/Http/Request))
#20 C:/Users/hp/practica1-api2/vendor/laravel/framework/src/Illuminate/Routing/Router.php(764): Illuminate/Routing/Router->runRoute(Object(Illuminate/Http/Request), Object(Illuminate/Routing/Route))
#21 C:/Users/hp/practica1-api2/vendor/laravel/framework/src/Illuminate/Routing/Router.php(753): Illuminate/Routing/Router->dispatchToRoute(Object(Illuminate/Http/Request))
#22 C:/Users/hp/practica1-api2/vendor/laravel/framework/src/Illuminate/Foundation/Http/Kernel.php(200): Illuminate/Routing/Router->dispatch(Object(Illuminate/Http/Request))
#23 C:/Users/hp/practica1-api2/vendor/laravel/framework/src/Illuminate/Pipeline/Pipeline.php(180): Illuminate/Foundation/Http/Kernel->Illuminate/Foundation/Http/{closure}(Object(Illuminate/Http/Request))
#24 C:/Users/hp/practica1-api2/vendor/laravel/framework/src/Illuminate/Foundation/Http/Middleware/TransformsRequest.php(21): Illuminate/Pipeline/Pipeline->Illuminate/Pipeline/{closure}(Object(Illuminate/Http/Request))
#25 C:/Users/hp/practica1-api2/vendor/laravel/framework/src/Illuminate/Foundation/Http/Middleware/ConvertEmptyStringsToNull.php(31): Illuminate/Foundation/Http/Middleware/TransformsRequest->handle(Object(Illuminate/Http/Request), Object(Closure))
#26 C:/Users/hp/practica1-api2/vendor/laravel/framework/src/Illuminate/Pipeline/Pipeline.php(219): Illuminate/Foundation/Http/Middleware/ConvertEmptyStringsToNull->handle(Object(Illuminate/Http/Request), Object(Closure))
#27 C:/Users/hp/practica1-api2/vendor/laravel/framework/src/Illuminate/Foundation/Http/Middleware/TransformsRequest.php(21): Illuminate/Pipeline/Pipeline->Illuminate/Pipeline/{closure}(Object(Illuminate/Http/Request))
#28 C:/Users/hp/practica1-api2/vendor/laravel/framework/src/Illuminate/Foundation/Http/Middleware/TrimStrings.php(51): Illuminate/Foundation/Http/Middleware/TransformsRequest->handle(Object(Illuminate/Http/Request), Object(Closure))
#29 C:/Users/hp/practica1-api2/vendor/laravel/framework/src/Illuminate/Pipeline/Pipeline.php(219): Illuminate/Foundation/Http/Middleware/TrimStrings->handle(Object(Illuminate/Http/Request), Object(Closure))
#30 C:/Users/hp/practica1-api2/vendor/laravel/framework/src/Illuminate/Http/Middleware/ValidatePostSize.php(27): Illuminate/Pipeline/Pipeline->Illuminate/Pipeline/{closure}(Object(Illuminate/Http/Request))
#31 C:/Users/hp/practica1-api2/vendor/laravel/framework/src/Illuminate/Pipeline/Pipeline.php(219): Illuminate/Http/Middleware/ValidatePostSize->handle(Object(Illuminate/Http/Request), Object(Closure))
#32 C:/Users/hp/practica1-api2/vendor/laravel/framework/src/Illuminate/Foundation/Http/Middleware/PreventRequestsDuringMaintenance.php(109): Illuminate/Pipeline/Pipeline->Illuminate/Pipeline/{closure}(Object(Illuminate/Http/Request))
#33 C:/Users/hp/practica1-api2/vendor/laravel/framework/src/Illuminate/Pipeline/Pipeline.php(219): Illuminate/Foundation/Http/Middleware/PreventRequestsDuringMaintenance->handle(Object(Illuminate/Http/Request), Object(Closure))
#34 C:/Users/hp/practica1-api2/vendor/laravel/framework/src/Illuminate/Http/Middleware/HandleCors.php(74): Illuminate/Pipeline/Pipeline->Illuminate/Pipeline/{closure}(Object(Illuminate/Http/Request))
#35 C:/Users/hp/practica1-api2/vendor/laravel/framework/src/Illuminate/Pipeline/Pipeline.php(219): Illuminate/Http/Middleware/HandleCors->handle(Object(Illuminate/Http/Request), Object(Closure))
#36 C:/Users/hp/practica1-api2/vendor/laravel/framework/src/Illuminate/Http/Middleware/TrustProxies.php(58): Illuminate/Pipeline/Pipeline->Illuminate/Pipeline/{closure}(Object(Illuminate/Http/Request))
#37 C:/Users/hp/practica1-api2/vendor/laravel/framework/src/Illuminate/Pipeline/Pipeline.php(219): Illuminate/Http/Middleware/TrustProxies->handle(Object(Illuminate/Http/Request), Object(Closure))
#38 C:/Users/hp/practica1-api2/vendor/laravel/framework/src/Illuminate/Foundation/Http/Middleware/InvokeDeferredCallbacks.php(22): Illuminate/Pipeline/Pipeline->Illuminate/Pipeline/{closure}(Object(Illuminate/Http/Request))
#39 C:/Users/hp/practica1-api2/vendor/laravel/framework/src/Illuminate/Pipeline/Pipeline.php(219): Illuminate/Foundation/Http/Middleware/InvokeDeferredCallbacks->handle(Object(Illuminate/Http/Request), Object(Closure))
#40 C:/Users/hp/practica1-api2/vendor/laravel/framework/src/Illuminate/Http/Middleware/ValidatePathEncoding.php(26): Illuminate/Pipeline/Pipeline->Illuminate/Pipeline/{closure}(Object(Illuminate/Http/Request))
#41 C:/Users/hp/practica1-api2/vendor/laravel/framework/src/Illuminate/Pipeline/Pipeline.php(219): Illuminate/Http/Middleware/ValidatePathEncoding->handle(Object(Illuminate/Http/Request), Object(Closure))
#42 C:/Users/hp/practica1-api2/vendor/laravel/framework/src/Illuminate/Pipeline/Pipeline.php(137): Illuminate/Pipeline/Pipeline->Illuminate/Pipeline/{closure}(Object(Illuminate/Http/Request))
#43 C:/Users/hp/practica1-api2/vendor/laravel/framework/src/Illuminate/Foundation/Http/Kernel.php(175): Illuminate/Pipeline/Pipeline->then(Object(Closure))
#44 C:/Users/hp/practica1-api2/vendor/laravel/framework/src/Illuminate/Foundation/Http/Kernel.php(144): Illuminate/Foundation/Http/Kernel->sendRequestThroughRouter(Object(Illuminate/Http/Request))
#45 C:/Users/hp/practica1-api2/vendor/laravel/framework/src/Illuminate/Foundation/Application.php(1220): Illuminate/Foundation/Http/Kernel->handle(Object(Illuminate/Http/Request))
#46 C:/Users/hp/practica1-api2/public/index.php(20): Illuminate/Foundation/Application->handleRequest(Object(Illuminate/Http/Request))
#47 C:/Users/hp/practica1-api2/vendor/laravel/framework/src/Illuminate/Foundation/resources/server.php(23): require_once('C://Users//hp//pra...')
#48 {main}
"} 
[2026-06-15 00:06:31] local.ERROR: Unable to prepare route [api/v2/productos] for serialization. Another route has already been assigned name [productos.index]. {"exception":"[object] (LogicException(code: 0): Unable to prepare route [api/v2/productos] for serialization. Another route has already been assigned name [productos.index]. at C:/Users/hp/practica1-api2/vendor/laravel/framework/src/Illuminate/Routing/AbstractRouteCollection.php:257)
[stacktrace]
#0 C:/Users/hp/practica1-api2/vendor/laravel/framework/src/Illuminate/Routing/AbstractRouteCollection.php(221): Illuminate/Routing/AbstractRouteCollection->addToSymfonyRoutesCollection(Object(Symfony/Component/Routing/RouteCollection), Object(Illuminate/Routing/Route))
#1 C:/Users/hp/practica1-api2/vendor/laravel/framework/src/Illuminate/Routing/RouteCollection.php(268): Illuminate/Routing/AbstractRouteCollection->toSymfonyRouteCollection()
#2 C:/Users/hp/practica1-api2/vendor/laravel/framework/src/Illuminate/Routing/AbstractRouteCollection.php(200): Illuminate/Routing/RouteCollection->toSymfonyRouteCollection()
#3 C:/Users/hp/practica1-api2/vendor/laravel/framework/src/Illuminate/Routing/AbstractRouteCollection.php(171): Illuminate/Routing/AbstractRouteCollection->dumper()
#4 C:/Users/hp/practica1-api2/vendor/laravel/framework/src/Illuminate/Foundation/Console/RouteCacheCommand.php(108): Illuminate/Routing/AbstractRouteCollection->compile()
#5 C:/Users/hp/practica1-api2/vendor/laravel/framework/src/Illuminate/Foundation/Console/RouteCacheCommand.php(67): Illuminate/Foundation/Console/RouteCacheCommand->buildRouteCacheFile(Object(Illuminate/Routing/RouteCollection))
#6 C:/Users/hp/practica1-api2/vendor/laravel/framework/src/Illuminate/Container/BoundMethod.php(36): Illuminate/Foundation/Console/RouteCacheCommand->handle()
#7 C:/Users/hp/practica1-api2/vendor/laravel/framework/src/Illuminate/Container/Util.php(43): Illuminate/Container/BoundMethod::Illuminate/Container/{closure}()
#8 C:/Users/hp/practica1-api2/vendor/laravel/framework/src/Illuminate/Container/BoundMethod.php(96): Illuminate/Container/Util::unwrapIfClosure(Object(Closure))
#9 C:/Users/hp/practica1-api2/vendor/laravel/framework/src/Illuminate/Container/BoundMethod.php(35): Illuminate/Container/BoundMethod::callBoundMethod(Object(Illuminate/Foundation/Application), Array, Object(Closure))
#10 C:/Users/hp/practica1-api2/vendor/laravel/framework/src/Illuminate/Container/Container.php(799): Illuminate/Container/BoundMethod::call(Object(Illuminate/Foundation/Application), Array, Array, NULL)
#11 C:/Users/hp/practica1-api2/vendor/laravel/framework/src/Illuminate/Console/Command.php(211): Illuminate/Container/Container->call(Array)
#12 C:/Users/hp/practica1-api2/vendor/symfony/console/Command/Command.php(341): Illuminate/Console/Command->execute(Object(Symfony/Component/Console/Input/ArgvInput), Object(Illuminate/Console/OutputStyle))
#13 C:/Users/hp/practica1-api2/vendor/laravel/framework/src/Illuminate/Console/Command.php(180): Symfony/Component/Console/Command/Command->run(Object(Symfony/Component/Console/Input/ArgvInput), Object(Illuminate/Console/OutputStyle))
#14 C:/Users/hp/practica1-api2/vendor/symfony/console/Application.php(1117): Illuminate/Console/Command->run(Object(Symfony/Component/Console/Input/ArgvInput), Object(Symfony/Component/Console/Output/ConsoleOutput))
#15 C:/Users/hp/practica1-api2/vendor/symfony/console/Application.php(356): Symfony/Component/Console/Application->doRunCommand(Object(Illuminate/Foundation/Console/RouteCacheCommand), Object(Symfony/Component/Console/Input/ArgvInput), Object(Symfony/Component/Console/Output/ConsoleOutput))
#16 C:/Users/hp/practica1-api2/vendor/symfony/console/Application.php(195): Symfony/Component/Console/Application->doRun(Object(Symfony/Component/Console/Input/ArgvInput), Object(Symfony/Component/Console/Output/ConsoleOutput))
#17 C:/Users/hp/practica1-api2/vendor/laravel/framework/src/Illuminate/Foundation/Console/Kernel.php(198): Symfony/Component/Console/Application->run(Object(Symfony/Component/Console/Input/ArgvInput), Object(Symfony/Component/Console/Output/ConsoleOutput))
#18 C:/Users/hp/practica1-api2/vendor/laravel/framework/src/Illuminate/Foundation/Application.php(1235): Illuminate/Foundation/Console/Kernel->handle(Object(Symfony/Component/Console/Input/ArgvInput), Object(Symfony/Component/Console/Output/ConsoleOutput))
#19 C:/Users/hp/practica1-api2/artisan(16): Illuminate/Foundation/Application->handleCommand(Object(Symfony/Component/Console/Input/ArgvInput))
#20 {main}
"} 
